Project,Market Sector,EQS,UGS,FVS,SS,how3 Score,Growth Category,Valuation Category,SS (Rating),UGS dune,EQS dune,Static,Live,Dune Links,Symbol,UserGrowthJSON
0x,Exchanges (DEX),0.0,64.69035460275727,37.77777777777778,85.3,,Steady Growth,Overvalued,A,False,False,True,False,,,"{""name"": ""0x"", ""sector"": ""Exchanges (DEX)"", ""scores"": {""user_growth"": 64.69035460275727, ""growth_category"": ""Steady Growth""}, ""peers"": [{""name"": ""1inch Network"", ""scores"": {""user_growth"": 87.7843015808811}}, {""name"": ""Aerodrome Finance"", ""scores"": {""user_growth"": 88.64047173627264}}, {""name"": ""Curve DAO Token"", ""scores"": {""user_growth"": 80.46152922439074}}, {""name"": ""Ethena"", ""scores"": {""user_growth"": 80.8611946775879}}], ""sector_averages"": {""user_growth"": 52.77, ""count"": 91}}"
1inch Network,Exchanges (DEX),0.0,87.7843015808811,24.839015151515152,94.25,,Exceptional Growth,Overvalued,AAA,False,False,True,False,,,"{""name"": ""1inch Network"", ""sector"": ""Exchanges (DEX)"", ""scores"": {""user_growth"": 87.7843015808811, ""growth_category"": ""Exceptional Growth""}, ""peers"": [{""name"": ""0x"", ""scores"": {""user_growth"": 64.69035460275727}}, {""name"": ""Aerodrome Finance"", ""scores"": {""user_growth"": 88.64047173627264}}, {""name"": ""Curve DAO Token"", ""scores"": {""user_growth"": 80.46152922439074}}, {""name"": ""Ethena"", ""scores"": {""user_growth"": 80.8611946775879}}], ""sector_averages"": {""user_growth"": 52.77, ""count"": 91}}"
4EVERLAND,Infrastructure,0.0,,,,,,,,False,False,True,False,,,
AB,Lending,0.0,45.13157894736842,,86.58,,Steady Growth,,AA,False,False,True,False,,,
ABEL Finance,Lending,0.0,45.13157894736842,,,,Steady Growth,,,False,False,True,False,,,
AI Companions,,,,,67.39,,,,BB,False,False,True,False,,,
AIOZ Network,,,,,81.7,,,,A,False,False,True,False,,,
APENFT,,,,,62.39,,,,B,False,False,True,False,,,
API3,Infrastructure,0.0,84.19142449403218,52.0,,,Exceptional Growth,Fairly Valued,,False,False,True,False,,,
AVNU,Exchanges (DEX),0.0,,,,,,,,False,False,True,False,,,
AZERO ID,Infrastructure,0.0,,,,,,,,False,False,True,False,,,
Aark,Derivative exchanges,0.0,56.83673469387756,52.0,,,Steady Growth,Fairly Valued,,False,False,True,False,,,
Aave,Lending,62.67057362728197,99.07407407407408,70.5859375,90.35,,Exceptional Growth,Undervalued,AA,False,False,True,False,,aave,"{""name"": ""Aave"", ""sector"": ""Lending"", ""scores"": {""user_growth"": 99.07407407407408, ""growth_category"": ""Exceptional Growth""}, ""peers"": [{""name"": ""Compound"", ""scores"": {""user_growth"": 79.99756335282652}}, {""name"": ""Euler"", ""scores"": {""user_growth"": 61.46686159844056}}, {""name"": ""Maple Finance"", ""scores"": {""user_growth"": 63.62573099415204}}, {""name"": ""Morpho"", ""scores"": {""user_growth"": 81.08004385964914}}], ""sector_averages"": {""user_growth"": 53.35, ""count"": 46}}"
Aave GHO,Stablecoin issuers,0.0,,,,,,,,False,False,True,False,,,
Abracadabra.money,Stablecoin issuers,46.56595159447018,83.48214285714286,32.88392857142857,,,Exceptional Growth,Overvalued,,False,False,True,False,,,
Abstract,Blockchains (L2),0.0,,,,,,,,False,False,True,False,,,
Acala Network,Blockchains (L2),0.0,51.09837462189378,,,,Steady Growth,,,False,False,True,False,,,
Across,Bridges,0.0,42.44724025974026,39.333333333333336,,,Slow Growth,Overvalued,,False,False,True,False,,,
Aerodrome Finance,Exchanges (DEX),60.788622351381406,88.64047173627264,74.74567099567099,79.36,,Exceptional Growth,Undervalued,A,False,False,True,False,,,"{""name"": ""Aerodrome Finance"", ""sector"": ""Exchanges (DEX)"", ""scores"": {""user_growth"": 88.64047173627264, ""growth_category"": ""Exceptional Growth""}, ""peers"": [{""name"": ""0x"", ""scores"": {""user_growth"": 64.69035460275727}}, {""name"": ""1inch Network"", ""scores"": {""user_growth"": 87.7843015808811}}, {""name"": ""Curve DAO Token"", ""scores"": {""user_growth"": 80.46152922439074}}, {""name"": ""Ethena"", ""scores"": {""user_growth"": 80.8611946775879}}], ""sector_averages"": {""user_growth"": 52.77, ""count"": 91}}"
Aethir,Infrastructure,0.0,69.83945251686559,52.0,,,Strong Growth,Fairly Valued,,False,False,True,False,,,
Aevo,Derivative exchanges,0.0,89.37847866419295,55.0,,,Exceptional Growth,Fairly Valued,,False,False,True,False,,,
Aftermath Finance,Exchanges (DEX),0.0,,,,,,,,False,False,True,False,,,
AgentFun,,,,,46.56,,,,CC,False,False,True,False,,,
Agora,Stablecoin issuers,0.0,,,,,,,,False,False,True,False,,,
Ai16z,,,,,59.62,,,,B,False,False,True,False,,,
AirSwap,Exchanges (DEX),26.124929979396992,59.36675219941349,32.25378787878788,,,Steady Growth,Overvalued,,False,False,True,False,,,
Ajuna Network,Blockchains (L2),0.0,25.384615384615387,,,,Slow Growth,,,False,False,True,False,,,
Akash Network,Infrastructure,0.0,65.37234042553192,,82.55,,Strong Growth,,A,False,False,True,False,,,
Alaya AI,Infrastructure,0.0,,,,,,,,False,False,True,False,,,
Alchemix Finance,Asset management,0.0,77.2238514173998,52.0,,,Strong Growth,Fairly Valued,,False,False,True,False,,,
Alchemy Pay,,,,,84.45,,,,A,False,False,True,False,,,
Aleph Zero EVM,Blockchains (L2),23.0080774522824,59.28015077115355,14.933333333333332,,,Steady Growth,Overvalued,,False,False,True,False,,,
Algorand,Blockchains (L1),38.517054285532666,57.27272727272727,52.52403846153846,87.49,,Steady Growth,Fairly Valued,AA,False,False,True,False,,algo,"{""name"": ""Algorand"", ""sector"": ""Blockchains (L1)"", ""scores"": {""user_growth"": 57.27272727272727, ""growth_category"": ""Steady Growth""}, ""peers"": [{""name"": ""Aptos"", ""scores"": {""user_growth"": 74.57650162337663}}, {""name"": ""Avalanche"", ""scores"": {""user_growth"": 63.59943977591037}}, {""name"": ""BNB Chain"", ""scores"": {""user_growth"": 94.40882034632034}}, {""name"": ""Bitcoin"", ""scores"": {""user_growth"": 73.61458333333334}}], ""sector_averages"": {""user_growth"": 51.53, ""count"": 66}}"
Alien Base,Exchanges (DEX),0.0,53.53281423804228,55.0,,,Steady Growth,Fairly Valued,,False,False,True,False,,,
AlienX,Blockchains (L2),0.0,,,,,,,,False,False,True,False,,,
Alkimi Exchange,Infrastructure,0.0,37.23566424494032,45.0,,,Slow Growth,Fairly Valued,,False,False,True,False,,,
Alkimiya,Infrastructure,0.0,,,,,,,,False,False,True,False,,,
Allbridge Core,Bridges,46.13065102827046,65.22727272727272,,,,Strong Growth,,,False,False,True,False,,,
Allstake,Liquid staking,0.0,,,,,,,,False,False,True,False,,,
Alluvial,,,,,83.74,,,,A,False,False,True,False,,,
Alongside,Asset management,0.0,,50.0,,,,Fairly Valued,,False,False,True,False,,,
Ambient,Exchanges (DEX),0.0,,,,,,,,False,False,True,False,,,
Amnis Finance,Liquid staking,0.0,,,67.57,,,,BB,False,False,True,False,,,
Ancient8,Blockchains (L2),0.0,61.54861442904921,52.0,,,Steady Growth,Fairly Valued,,False,False,True,False,,,
Ankr,Liquid staking,0.0,60.09191176470589,55.99999999999999,91.0,,Steady Growth,Fairly Valued,AA,False,False,True,False,,,
Anzen,Stablecoin issuers,0.0,,,,,,,,False,False,True,False,,,
ApeCoin,,,,,89.29,,,,AA,False,False,True,False,,,
ApePro,Exchanges (DEX),0.0,,,,,,,,False,False,True,False,,,
ApeSwap,Exchanges (DEX),27.394800990132406,38.49936903798834,90.9375,,,Slow Growth,Undervalued,,False,False,True,False,,,
ApeX Protocol,Derivative exchanges,0.0,77.65862708719851,50.0,,,Strong Growth,Fairly Valued,,False,False,True,False,,,
Apeiron,Gaming,0.0,53.39869281045752,45.0,,,Steady Growth,Fairly Valued,,False,False,True,False,,,
Aperture,Exchanges (DEX),0.0,30.454545454545457,,,,Slow Growth,,,False,False,True,False,,,
ApolloX,Derivative exchanges,37.940421981877215,77.00079169598875,60.36458333333333,,,Strong Growth,Fairly Valued,,False,False,True,False,,,
Aptin Finance,Lending,0.0,,,,,,,,False,False,True,False,,,
AptoSwap,Exchanges (DEX),0.0,,,,,,,,False,False,True,False,,,
Aptos,Blockchains (L1),43.49478334281707,74.57650162337663,55.43990384615385,94.28,,Strong Growth,Fairly Valued,AAA,False,False,True,False,,,"{""name"": ""Aptos"", ""sector"": ""Blockchains (L1)"", ""scores"": {""user_growth"": 74.57650162337663, ""growth_category"": ""Strong Growth""}, ""peers"": [{""name"": ""Algorand"", ""scores"": {""user_growth"": 57.27272727272727}}, {""name"": ""Avalanche"", ""scores"": {""user_growth"": 63.59943977591037}}, {""name"": ""BNB Chain"", ""scores"": {""user_growth"": 94.40882034632034}}, {""name"": ""Bitcoin"", ""scores"": {""user_growth"": 73.61458333333334}}], ""sector_averages"": {""user_growth"": 51.53, ""count"": 66}}"
Aragon,Infrastructure,0.0,11.789050337311885,46.78571428571429,,,Stagnant/Declining,Fairly Valued,,False,False,True,False,,,
Arbitrum,Blockchains (L2),64.9549137112815,96.30346290771791,70.41071428571428,94.3,,Exceptional Growth,Undervalued,AAA,False,False,True,False,,,"{""name"": ""Arbitrum"", ""sector"": ""Blockchains (L2)"", ""scores"": {""user_growth"": 96.30346290771791, ""growth_category"": ""Exceptional Growth""}, ""peers"": [{""name"": ""Gravity"", ""scores"": {""user_growth"": 81.36211567178466}}, {""name"": ""Immutable X"", ""scores"": {""user_growth"": 90.02038225560229}}, {""name"": ""StarkNet"", ""scores"": {""user_growth"": 74.82779415706244}}, {""name"": ""Uniswap"", ""scores"": {""user_growth"": 77.58420441347272}}], ""sector_averages"": {""user_growth"": 54.93, ""count"": 66}}"
Arbitrum Bridge,Bridges,0.0,97.40259740259742,,,,Exceptional Growth,,,False,False,True,False,,,
Arbitrum Nova,Blockchains (L2),0.0,,,,,,,,False,False,True,False,,,
Arbitrum One,Blockchains (L2),64.9549137112815,96.30346290771791,70.41071428571428,,,Exceptional Growth,Undervalued,,False,False,True,False,,,
Archblock,Stablecoin issuers,0.0,,,,,,,,False,False,True,False,,,
Argent,Infrastructure,0.0,,,,,,,,False,False,True,False,,,
Aries Markets,Lending,0.0,,,,,,,,False,False,True,False,,,
Arkham,Infrastructure,0.0,80.31882459782044,45.99999999999999,85.6,,Exceptional Growth,Fairly Valued,A,False,False,True,False,,,
Arrakis Finance,Asset management,0.0,,,,,,,,False,False,True,False,,,
Arrow Markets,Derivative exchanges,0.0,29.333951762523192,50.0,,,Slow Growth,Fairly Valued,,False,False,True,False,,,
Arweave,Blockchains (L1),0.0,50.45454545454545,60.0,74.13,,Steady Growth,Fairly Valued,BBB,False,False,True,False,,,
Aspect,NFT marketplaces,0.0,,,,,,,,False,False,True,False,,,
Astar,Blockchains (L2),0.0,48.94308943089431,,86.81,,Steady Growth,,AA,False,False,True,False,,,
Astar zkEVM,Blockchains (L2),0.0,,,,,,,,False,False,True,False,,,
Astherus,,,,,68.94,,,,BB,False,False,True,False,,,
Astroport,Exchanges (DEX),0.0,30.6896551724138,,,,Slow Growth,,,False,False,True,False,,,
Aura Finance,Asset management,46.983308486486656,65.0293255131965,74.49404761904762,,,Strong Growth,Undervalued,,False,False,True,False,,,
Aurora,Blockchains (L2),0.0,47.61825131390349,50.0,,,Steady Growth,Fairly Valued,,False,False,True,False,,,
Avalanche,Blockchains (L1),39.96282983690581,63.59943977591037,61.80288461538461,94.12,,Steady Growth,Fairly Valued,AAA,False,False,True,False,,,"{""name"": ""Avalanche"", ""sector"": ""Blockchains (L1)"", ""scores"": {""user_growth"": 63.59943977591037, ""growth_category"": ""Steady Growth""}, ""peers"": [{""name"": ""Algorand"", ""scores"": {""user_growth"": 57.27272727272727}}, {""name"": ""Aptos"", ""scores"": {""user_growth"": 74.57650162337663}}, {""name"": ""BNB Chain"", ""scores"": {""user_growth"": 94.40882034632034}}, {""name"": ""Bitcoin"", ""scores"": {""user_growth"": 73.61458333333334}}], ""sector_averages"": {""user_growth"": 51.53, ""count"": 66}}"
Avalon Finance,Lending,0.0,72.38304093567251,45.0,,,Strong Growth,Fairly Valued,,False,False,True,False,,,
Avantis,Exchanges (DEX),0.0,,,,,,,,False,False,True,False,,,
Aventus,Blockchains (L2),0.0,31.452460582895373,45.0,,,Slow Growth,Fairly Valued,,False,False,True,False,,,
Axelar Network,Interoperability,0.0,100.0,,92.36,,Exceptional Growth,,AA,False,False,True,False,,,
Axie Infinity,Gaming,0.0,94.11764705882352,80.00000000000001,85.55,,Exceptional Growth,Undervalued,A,False,False,True,False,,,"{""name"": ""Axie Infinity"", ""sector"": ""Gaming"", ""scores"": {""user_growth"": 94.11764705882352, ""growth_category"": ""Exceptional Growth""}, ""peers"": [{""name"": ""Illuvium"", ""scores"": {""user_growth"": 88.45315904139433}}, {""name"": ""StarryNift"", ""scores"": {""user_growth"": 81.2636165577342}}, {""name"": ""Yield Guild Games"", ""scores"": {""user_growth"": 79.79847494553377}}, {""name"": ""Seraph"", ""scores"": {""user_growth"": 79.52069716775598}}], ""sector_averages"": {""user_growth"": 54.46, ""count"": 19}}"
Axiom,Infrastructure,0.0,,,,,,,,False,False,True,False,,,
Azuro,Prediction markets,0.0,65.46875,55.0,,,Strong Growth,Fairly Valued,,False,False,True,False,,,
B.Protocol,Infrastructure,0.0,,,,,,,,False,False,True,False,,,
B3,Blockchains (L3),0.0,70.0,55.0,,,Strong Growth,Fairly Valued,,False,False,True,False,,,
BENQI Liquid Staked AVAX,Lending,40.20428212006127,70.427022417154,60.67187500000001,79.85,,Strong Growth,Fairly Valued,A,False,False,True,False,,,"{""name"": ""BENQI Liquid Staked AVAX"", ""sector"": ""Unknown"", ""scores"": {""user_growth"": null, ""growth_category"": null}, ""peers"": [{""name"": ""CoW DAO"", ""scores"": {""user_growth"": null}}, {""name"": ""Entangle"", ""scores"": {""user_growth"": null}}, {""name"": ""Mocaverse"", ""scores"": {""user_growth"": null}}, {""name"": ""OriginTrail"", ""scores"": {""user_growth"": null}}], ""sector_averages"": {""user_growth"": null, ""count"": 0}}"
BENQI Liquid Staked AVAX,,,,,79.85,,,,A,False,False,True,False,,,"{""name"": ""BENQI Liquid Staked AVAX"", ""sector"": ""Unknown"", ""scores"": {""user_growth"": null, ""growth_category"": null}, ""peers"": [{""name"": ""CoW DAO"", ""scores"": {""user_growth"": null}}, {""name"": ""Entangle"", ""scores"": {""user_growth"": null}}, {""name"": ""Mocaverse"", ""scores"": {""user_growth"": null}}, {""name"": ""OriginTrail"", ""scores"": {""user_growth"": null}}], ""sector_averages"": {""user_growth"": null, ""count"": 0}}"
BENQI Liquid Staking,Liquid staking,0.0,57.5,,,,Steady Growth,,,False,False,True,False,,,
BMX,Derivative exchanges,44.40244942680416,65.88605975305484,83.2936507936508,,,Strong Growth,Undervalued,,False,False,True,False,,,
BNB Chain,Blockchains (L1),48.5009231754041,94.40882034632034,67.66666666666667,94.69,,Exceptional Growth,Fairly Valued,AAA,False,False,True,False,,,"{""name"": ""BNB Chain"", ""sector"": ""Blockchains (L1)"", ""scores"": {""user_growth"": 94.40882034632034, ""growth_category"": ""Exceptional Growth""}, ""peers"": [{""name"": ""Algorand"", ""scores"": {""user_growth"": 57.27272727272727}}, {""name"": ""Aptos"", ""scores"": {""user_growth"": 74.57650162337663}}, {""name"": ""Avalanche"", ""scores"": {""user_growth"": 63.59943977591037}}, {""name"": ""Bitcoin"", ""scores"": {""user_growth"": 73.61458333333334}}], ""sector_averages"": {""user_growth"": 51.53, ""count"": 66}}"
BNB48 Club Token,,,,,66.67,,,,BB,False,False,True,False,,,
BOB,Blockchains (L2),0.0,65.438443670151,,,,Strong Growth,,,False,False,True,False,,,
BSX Exchange,Derivative exchanges,0.0,,,,,,,,False,False,True,False,,,
Baby Doge,,,,,81.19,,,,A,False,False,True,False,,,
Baby Shark Universe,Gaming,0.0,,,,,,,,False,False,True,False,,,
BadgerDAO,Asset management,0.0,90.1466275659824,57.5,,,Exceptional Growth,Fairly Valued,,False,False,True,False,,,
Bahamut,,,,,86.73,,,,AA,False,False,True,False,,,
Baki Exchange,Exchanges (DEX),0.0,,,,,,,,False,False,True,False,,,
Balancer,Exchanges (DEX),49.78915794019274,72.5522044696127,61.92897727272727,,,Strong Growth,Fairly Valued,,False,False,True,False,,,
Banana Gun,Infrastructure,0.0,69.36267514270888,50.0,,,Strong Growth,Fairly Valued,,False,False,True,False,,,
Bancor,Exchanges (DEX),33.46962471598141,44.69622181211448,45.49431818181819,,,Slow Growth,Fairly Valued,,False,False,True,False,,,
Band Protocol,,,,,90.28,,,,AA,False,False,True,False,,,
Barnbridge,Asset management,0.0,73.66568914956012,57.5,,,Strong Growth,Fairly Valued,,False,False,True,False,,,
Baryon,Exchanges (DEX),0.0,,,,,,,,False,False,True,False,,,
BasePaint,NFT marketplaces,0.0,,,,,,,,False,False,True,False,,,
BaseSwap,Exchanges (DEX),0.0,40.728958101594365,55.0,,,Slow Growth,Fairly Valued,,False,False,True,False,,,
Baseline,Infrastructure,0.0,,,,,,,,False,False,True,False,,,
Basic Attention Token,,,,,91.37,,,,AA,False,False,True,False,,,
Beacon ETH,,,,,84.26,,,,A,False,False,True,False,,,
Beam,Blockchains (L1),0.0,58.181818181818194,50.0,84.48,,Steady Growth,Fairly Valued,A,False,False,True,False,,,
Bedrock,Liquid staking,0.0,,,,,,,,False,False,True,False,,,
Beefy,Asset management,0.0,59.68914956011732,45.0,,,Steady Growth,Fairly Valued,,False,False,True,False,,,
Beets,Exchanges (DEX),24.74094562402632,41.18094178717094,40.73106060606061,,,Slow Growth,Fairly Valued,,False,False,True,False,,,
Beldex,,,,,70.37,,,,BB,False,False,True,False,,,
BendDAO,Lending,0.0,37.61208576998051,89.5,,,Slow Growth,Undervalued,,False,False,True,False,,,
Berachain,Blockchains (L1),0.0,53.580627705627705,45.0,87.93,,Steady Growth,Fairly Valued,AA,False,False,True,False,,,
BetSwirl,Prediction markets,0.0,31.718750000000004,77.77777777777779,,,Slow Growth,Undervalued,,False,False,True,False,,,
Biconomy,Infrastructure,0.0,57.13090295796575,50.0,,,Steady Growth,Fairly Valued,,False,False,True,False,,,
Bifrost,Blockchains (L2),0.0,53.28021499406516,,,,Steady Growth,,,False,False,True,False,,,
Big Time,,,,,83.2,,,,A,False,False,True,False,,,
Binance Staked SOL,,,,,70.71,,,,BB,False,False,True,False,,,
Biswap,Exchanges (DEX),28.737180739732462,66.92248015471738,45.83806818181819,,,Strong Growth,Fairly Valued,,False,False,True,False,,,
BitDAO,Asset management,0.0,51.94721407624634,55.0,,,Steady Growth,Fairly Valued,,False,False,True,False,,,
BitTorrent,,,,,83.5,,,,A,False,False,True,False,,,
Bitcoin,Blockchains (L1),0.0,73.61458333333334,53.148387096774194,96.87,,Strong Growth,Fairly Valued,AAA,False,False,True,False,,,"{""name"": ""Bitcoin"", ""sector"": ""Blockchains (L1)"", ""scores"": {""user_growth"": 73.61458333333334, ""growth_category"": ""Strong Growth""}, ""peers"": [{""name"": ""Algorand"", ""scores"": {""user_growth"": 57.27272727272727}}, {""name"": ""Aptos"", ""scores"": {""user_growth"": 74.57650162337663}}, {""name"": ""Avalanche"", ""scores"": {""user_growth"": 63.59943977591037}}, {""name"": ""BNB Chain"", ""scores"": {""user_growth"": 94.40882034632034}}], ""sector_averages"": {""user_growth"": 51.53, ""count"": 66}}"
Bitcoin Avalanche Bridged,,,,,65.53,,,,BB,False,False,True,False,,,
Bitcoin BEP2,,,,,78.44,,,,BBB,False,False,True,False,,,
Bitcoin Cash,,,,,75.38,,,,BBB,False,False,True,False,,,
Bitcoin SV,,,,,71.66,,,,BBB,False,False,True,False,,,
Bitcoin Virtual Machine,,,,,79.34,,,,A,False,False,True,False,,,
Bitget Token,,,,,86.26,,,,A,False,False,True,False,,,
Bitkub,,,,,68.27,,,,BB,False,False,True,False,,,
Bittensor,Blockchains (L1),0.0,55.0,,74.18,,Steady Growth,,BBB,False,False,True,False,,,
Bitwise (ETHW),Asset management,0.0,,,,,,,,False,False,True,False,,,
Black Panther,Asset management,0.0,25.15151515151516,,,,Slow Growth,,,False,False,True,False,,,
BlackRock (BUIDL),Asset management,0.0,,,,,,,,False,False,True,False,,,
Blackbird,Social,0.0,,,,,,,,False,False,True,False,,,
BladeSwap,Exchanges (DEX),0.0,28.87300704486467,50.0,,,Slow Growth,Fairly Valued,,False,False,True,False,,,
Blast,Blockchains (L2),30.36496380874365,77.59650708517357,65.02747252747253,,,Strong Growth,Fairly Valued,,False,False,True,False,,,
Blast Bridge,Bridges,0.0,55.90445269016698,,,,Steady Growth,,,False,False,True,False,,,
BlazeStake,,,,,72.76,,,,BBB,False,False,True,False,,,
Blitz,Blockchains (L1),0.0,,,,,,,,False,False,True,False,,,
Bluefin,Derivative exchanges,0.0,73.46938775510205,,,,Strong Growth,,,False,False,True,False,,,
Blur,NFT marketplaces,0.0,88.75000000000001,88.75000000000001,88.08,,Exceptional Growth,Undervalued,AA,False,False,True,False,,,"{""name"": ""Blur"", ""sector"": ""NFT marketplaces"", ""scores"": {""user_growth"": 88.75000000000001, ""growth_category"": ""Exceptional Growth""}, ""peers"": [{""name"": ""FTX"", ""scores"": {""user_growth"": 34.583333333333336}}, {""name"": ""Magic Eden"", ""scores"": {""user_growth"": 100.0}}, {""name"": ""OpenSea"", ""scores"": {""user_growth"": 100.0}}, {""name"": ""Zora"", ""scores"": {""user_growth"": 80.0}}], ""sector_averages"": {""user_growth"": 54.66, ""count"": 16}}"
Boba Network,Blockchains (L2),0.0,57.88461538461539,,,,Steady Growth,,,False,False,True,False,,,
Bonk,,,,,85.68,,,,A,False,False,True,False,,,
BoomLand,Gaming,0.0,,,,,,,,False,False,True,False,,,
Botto,NFT marketplaces,0.0,42.5,50.0,,,Slow Growth,Fairly Valued,,False,False,True,False,,,
Bounce Finance,Infrastructure,0.0,53.94864951689031,48.61111111111112,,,Steady Growth,Fairly Valued,,False,False,True,False,,,
BounceBit,Blockchains (L1),0.0,35.75757575757576,,,,Slow Growth,,,False,False,True,False,,,
Brave,Infrastructure,0.0,74.00655163466527,55.0,,,Strong Growth,Fairly Valued,,False,False,True,False,,,
Brett,,,,,79.19,,,,A,False,False,True,False,,,
Bucket Protocol,Lending,0.0,,,,,,,,False,False,True,False,,,
Buffer Finance,Derivative exchanges,0.0,35.486053355511494,40.22222222222222,,,Slow Growth,Fairly Valued,,False,False,True,False,,,
Bungee,Bridges,0.0,,,,,,,,False,False,True,False,,,
Burrow,Lending,0.0,,,,,,,,False,False,True,False,,,
CORE Staking,,,,,69.71,,,,BB,False,False,True,False,,,
COTI,Blockchains (L2),0.0,86.53846153846155,,90.22,,Exceptional Growth,,AA,False,False,True,False,,,
Camelot,Exchanges (DEX),37.0107715941185,67.31728435635556,65.87337662337663,,,Strong Growth,Fairly Valued,,False,False,True,False,,,
Cap,Derivative exchanges,,33.142303355511494,67.5,,,Slow Growth,Fairly Valued,,False,False,True,False,,,
Cardano,Blockchains (L1),0.0,90.9090909090909,44.48356079404466,89.2,,Exceptional Growth,Fairly Valued,AA,False,False,True,False,,,"{""name"": ""Cardano"", ""sector"": ""Blockchains (L1)"", ""scores"": {""user_growth"": 90.9090909090909, ""growth_category"": ""Exceptional Growth""}, ""peers"": [{""name"": ""Algorand"", ""scores"": {""user_growth"": 57.27272727272727}}, {""name"": ""Aptos"", ""scores"": {""user_growth"": 74.57650162337663}}, {""name"": ""Avalanche"", ""scores"": {""user_growth"": 63.59943977591037}}, {""name"": ""BNB Chain"", ""scores"": {""user_growth"": 94.40882034632034}}], ""sector_averages"": {""user_growth"": 51.53, ""count"": 66}}"
Carv,Infrastructure,0.0,59.01238972496108,55.0,,,Steady Growth,Fairly Valued,,False,False,True,False,,,
Casper,,,,,81.17,,,,A,False,False,True,False,,,
Cat Town,Gaming,0.0,45.010893246187365,52.0,,,Steady Growth,Fairly Valued,,False,False,True,False,,,
Catalyst,Bridges,0.0,,,,,,,,False,False,True,False,,,
Celer Network,Infrastructure,0.0,56.10923715620135,50.0,,,Steady Growth,Fairly Valued,,False,False,True,False,,,
Celestia,Blockchains (L1),0.0,53.86363636363636,,79.94,,Steady Growth,,A,False,False,True,False,,,
Cellana Finance,Exchanges (DEX),0.0,34.13793103448276,,,,Slow Growth,,,False,False,True,False,,,
Celo,Blockchains (L1),35.305556571473666,56.73683261183261,72.05833333333334,78.76,,Steady Growth,Undervalued,BBB,False,False,True,False,,,"{""name"": ""Celo"", ""sector"": ""Blockchains (L1)"", ""scores"": {""user_growth"": 56.73683261183261, ""growth_category"": ""Steady Growth""}, ""peers"": [{""name"": ""Algorand"", ""scores"": {""user_growth"": 57.27272727272727}}, {""name"": ""Aptos"", ""scores"": {""user_growth"": 74.57650162337663}}, {""name"": ""Avalanche"", ""scores"": {""user_growth"": 63.59943977591037}}, {""name"": ""BNB Chain"", ""scores"": {""user_growth"": 94.40882034632034}}], ""sector_averages"": {""user_growth"": 51.53, ""count"": 66}}"
Celo Dollar,Stablecoin issuers,0.0,,,,,,,,False,False,True,False,,,
Centrifuge,Blockchains (L2),0.0,28.965898232202576,50.0,,,Slow Growth,Fairly Valued,,False,False,True,False,,,
Cetus,Exchanges (DEX),0.0,80.45977011494253,,,,Exceptional Growth,,,False,False,True,False,,,
Chainlink,Infrastructure,26.85214894352868,85.72299651567945,30.937500000000004,92.06,,Exceptional Growth,Overvalued,AA,False,False,True,False,,,"{""name"": ""Chainlink"", ""sector"": ""Infrastructure"", ""scores"": {""user_growth"": 85.72299651567945, ""growth_category"": ""Exceptional Growth""}, ""peers"": [{""name"": ""Livepeer"", ""scores"": {""user_growth"": 85.63829787234042}}, {""name"": ""Render Network"", ""scores"": {""user_growth"": 91.6969382459782}}, {""name"": ""Virtuals Protocol"", ""scores"": {""user_growth"": 91.48936170212764}}, {""name"": ""Kaito"", ""scores"": {""user_growth"": 85.92371562013491}}], ""sector_averages"": {""user_growth"": 53.9, ""count"": 52}}"
Cheelee,,,,,89.6,,,,AA,False,False,True,False,,,
Cheems (cheems.pet),,,,,74.5,,,,BBB,False,False,True,False,,,
Chia,,,,,74.04,,,,BBB,False,False,True,False,,,
Chiliz,Blockchains (L1),0.0,51.59090909090909,,89.11,,Steady Growth,,AA,False,False,True,False,,,
Chingari,Social,0.0,50.83333333333333,,,,Steady Growth,,,False,False,True,False,,,
Chintai,,,,,83.15,,,,A,False,False,True,False,,,
Circle,Stablecoin issuers,76.87753988671372,,,87.25,,,,AA,False,False,True,False,,,
Clave,Infrastructure,0.0,,,,,,,,False,False,True,False,,,
Clipper,Exchanges (DEX),40.82579379600983,41.87784406916776,54.02698863636364,,,Slow Growth,Fairly Valued,,False,False,True,False,,,
Clique,Infrastructure,0.0,,,,,,,,False,False,True,False,,,
CoW DAO,Exchanges (DEX),0.0,69.21655901338188,32.22222222222222,85.35,,Strong Growth,Overvalued,A,False,False,True,False,,,"{""name"": ""CoW DAO"", ""sector"": ""Unknown"", ""scores"": {""user_growth"": null, ""growth_category"": null}, ""peers"": [{""name"": ""BENQI Liquid Staked AVAX"", ""scores"": {""user_growth"": null}}, {""name"": ""Entangle"", ""scores"": {""user_growth"": null}}, {""name"": ""Mocaverse"", ""scores"": {""user_growth"": null}}, {""name"": ""OriginTrail"", ""scores"": {""user_growth"": null}}], ""sector_averages"": {""user_growth"": null, ""count"": 0}}"
CoW DAO,,,,,85.35,,,,A,False,False,True,False,,,"{""name"": ""CoW DAO"", ""sector"": ""Unknown"", ""scores"": {""user_growth"": null, ""growth_category"": null}, ""peers"": [{""name"": ""BENQI Liquid Staked AVAX"", ""scores"": {""user_growth"": null}}, {""name"": ""Entangle"", ""scores"": {""user_growth"": null}}, {""name"": ""Mocaverse"", ""scores"": {""user_growth"": null}}, {""name"": ""OriginTrail"", ""scores"": {""user_growth"": null}}], ""sector_averages"": {""user_growth"": null, ""count"": 0}}"
Coin98,Exchanges (CEX),0.0,,,,,,,,False,False,True,False,,,
Coinally,Infrastructure,0.0,,,,,,,,False,False,True,False,,,
Coinbase Wrapped Staked ETH,Blockchains (L2),64.80864859965831,100.0,,83.04,,Exceptional Growth,,A,False,False,True,False,,,
Coinbase Wrapped Staked ETH,Liquid staking,0.0,,,83.04,,,,A,False,False,True,False,,,
Coinbase Wrapped Staked Ether,Liquid staking,0.0,,,,,,,,False,False,True,False,,,
Coinshift,Stablecoin issuers,0.0,,,,,,,,False,False,True,False,,,
Colony,Infrastructure,0.0,27.851907109496626,50.0,,,Slow Growth,Fairly Valued,,False,False,True,False,,,
Compound,Lending,32.43084976560476,79.99756335282652,42.69531250000001,91.56,,Strong Growth,Fairly Valued,AA,False,False,True,False,,,"{""name"": ""Compound"", ""sector"": ""Lending"", ""scores"": {""user_growth"": 79.99756335282652, ""growth_category"": ""Strong Growth""}, ""peers"": [{""name"": ""Aave"", ""scores"": {""user_growth"": 99.07407407407408}}, {""name"": ""Euler"", ""scores"": {""user_growth"": 61.46686159844056}}, {""name"": ""Maple Finance"", ""scores"": {""user_growth"": 63.62573099415204}}, {""name"": ""Morpho"", ""scores"": {""user_growth"": 81.08004385964914}}], ""sector_averages"": {""user_growth"": 53.35, ""count"": 46}}"
Conflux Core Space,Blockchains (L1),0.0,36.4983164983165,5.681818181818182,,,Slow Growth,Overvalued,,False,False,True,False,,,
Conflux Network,Blockchains (L1),0.0,36.4983164983165,5.681818181818182,82.88,,Slow Growth,Overvalued,A,False,False,True,False,,,"{""name"": ""Conflux Network"", ""sector"": ""Blockchains (L1)"", ""scores"": {""user_growth"": 36.4983164983165, ""growth_category"": ""Slow Growth""}, ""peers"": [{""name"": ""Algorand"", ""scores"": {""user_growth"": 57.27272727272727}}, {""name"": ""Aptos"", ""scores"": {""user_growth"": 74.57650162337663}}, {""name"": ""Avalanche"", ""scores"": {""user_growth"": 63.59943977591037}}, {""name"": ""BNB Chain"", ""scores"": {""user_growth"": 94.40882034632034}}], ""sector_averages"": {""user_growth"": 51.53, ""count"": 66}}"
Constellation,,,,,80.81,,,,A,False,False,True,False,,,
Convex Finance,Asset management,52.4706371470804,94.95356793743892,62.767857142857146,85.76,,Exceptional Growth,Fairly Valued,A,False,False,True,False,,cvx,"{""name"": ""Convex Finance"", ""sector"": ""Asset management"", ""scores"": {""user_growth"": 94.95356793743892, ""growth_category"": ""Exceptional Growth""}, ""peers"": [{""name"": ""Ondo Finance"", ""scores"": {""user_growth"": 100.0}}, {""name"": ""Yearn Finance"", ""scores"": {""user_growth"": 96.2854349951124}}, {""name"": ""yearn.finance"", ""scores"": {""user_growth"": 96.2854349951124}}, {""name"": ""BadgerDAO"", ""scores"": {""user_growth"": 90.1466275659824}}], ""sector_averages"": {""user_growth"": 54.79, ""count"": 38}}"
Core DAO,,,,,89.14,,,,AA,False,False,True,False,,,
Coreum,Blockchains (L1),0.0,15.151515151515154,,,,Stagnant/Declining,,,False,False,True,False,,,
Cosmos,Blockchains (L1),26.157892238239448,55.0,36.34943181818181,94.25,,Steady Growth,Overvalued,AAA,False,False,True,False,,,"{""name"": ""Cosmos"", ""sector"": ""Blockchains (L1)"", ""scores"": {""user_growth"": 55.0, ""growth_category"": ""Steady Growth""}, ""peers"": [{""name"": ""Algorand"", ""scores"": {""user_growth"": 57.27272727272727}}, {""name"": ""Aptos"", ""scores"": {""user_growth"": 74.57650162337663}}, {""name"": ""Avalanche"", ""scores"": {""user_growth"": 63.59943977591037}}, {""name"": ""BNB Chain"", ""scores"": {""user_growth"": 94.40882034632034}}], ""sector_averages"": {""user_growth"": 51.53, ""count"": 66}}"
Cosmos Hub,Blockchains (L1),26.157892238239448,55.0,36.34943181818181,,,Steady Growth,Overvalued,,False,False,True,False,,,
Creditcoin,,,,,89.74,,,,AA,False,False,True,False,,,
Cronos,Blockchains (L1),0.0,58.11447811447811,75.9805718475073,92.41,,Steady Growth,Undervalued,AA,False,False,True,False,,,"{""name"": ""Cronos"", ""sector"": ""Blockchains (L1)"", ""scores"": {""user_growth"": 58.11447811447811, ""growth_category"": ""Steady Growth""}, ""peers"": [{""name"": ""Algorand"", ""scores"": {""user_growth"": 57.27272727272727}}, {""name"": ""Aptos"", ""scores"": {""user_growth"": 74.57650162337663}}, {""name"": ""Avalanche"", ""scores"": {""user_growth"": 63.59943977591037}}, {""name"": ""BNB Chain"", ""scores"": {""user_growth"": 94.40882034632034}}], ""sector_averages"": {""user_growth"": 51.53, ""count"": 66}}"
Crust Network,Blockchains (L2),0.0,47.42116579073102,50.0,,,Steady Growth,Fairly Valued,,False,False,True,False,,,
Cryptex,Asset management,11.430996091177656,59.46396933040078,25.17857142857143,,,Steady Growth,Overvalued,,False,False,True,False,,,
Curve DAO Token,,,,,89.29,,,,AA,False,False,True,False,,,"{""name"": ""Curve DAO Token"", ""sector"": ""Exchanges (DEX)"", ""scores"": {""user_growth"": 80.46152922439074, ""growth_category"": ""Exceptional Growth""}, ""peers"": [{""name"": ""0x"", ""scores"": {""user_growth"": 64.69035460275727}}, {""name"": ""1inch Network"", ""scores"": {""user_growth"": 87.7843015808811}}, {""name"": ""Aerodrome Finance"", ""scores"": {""user_growth"": 88.64047173627264}}, {""name"": ""Ethena"", ""scores"": {""user_growth"": 80.8611946775879}}], ""sector_averages"": {""user_growth"": 52.77, ""count"": 91}}"
Curve DAO Token,Exchanges (DEX),56.84522301549867,80.46152922439074,50.34801136363637,89.29,,Exceptional Growth,Fairly Valued,AA,False,False,True,False,,,"{""name"": ""Curve DAO Token"", ""sector"": ""Exchanges (DEX)"", ""scores"": {""user_growth"": 80.46152922439074, ""growth_category"": ""Exceptional Growth""}, ""peers"": [{""name"": ""0x"", ""scores"": {""user_growth"": 64.69035460275727}}, {""name"": ""1inch Network"", ""scores"": {""user_growth"": 87.7843015808811}}, {""name"": ""Aerodrome Finance"", ""scores"": {""user_growth"": 88.64047173627264}}, {""name"": ""Ethena"", ""scores"": {""user_growth"": 80.8611946775879}}], ""sector_averages"": {""user_growth"": 52.77, ""count"": 91}}"
Curve Stablecoin,,,,,82.46,,,,A,False,False,True,False,,,
Cygnus Finance,Infrastructure,0.0,,,,,,,,False,False,True,False,,,
DFX Finance,Exchanges (DEX),0.0,13.774985674318266,19.375,,,Stagnant/Declining,Overvalued,,False,False,True,False,,,
DIN (ex Web3Go),Infrastructure,0.0,,,,,,,,False,False,True,False,,,
DODO,Exchanges (DEX),47.69027388994144,70.11326768800352,48.14630681818182,,,Strong Growth,Fairly Valued,,False,False,True,False,,,
DOG,Blockchains (L1),0.0,93.93939393939394,31.92082111436949,57.47,,Exceptional Growth,Overvalued,B,False,False,True,False,,,"{""name"": ""DOG"", ""sector"": ""Blockchains (L1)"", ""scores"": {""user_growth"": 93.93939393939394, ""growth_category"": ""Exceptional Growth""}, ""peers"": [{""name"": ""Algorand"", ""scores"": {""user_growth"": 57.27272727272727}}, {""name"": ""Aptos"", ""scores"": {""user_growth"": 74.57650162337663}}, {""name"": ""Avalanche"", ""scores"": {""user_growth"": 63.59943977591037}}, {""name"": ""BNB Chain"", ""scores"": {""user_growth"": 94.40882034632034}}], ""sector_averages"": {""user_growth"": 51.53, ""count"": 66}}"
DOG•GO•TO•THE•MOON,,,,,49.86,,,,CC,False,False,True,False,,,
DYORSWAP,Exchanges (DEX),0.0,,,,,,,,False,False,True,False,,,
Dai,,,,,87.34,,,,AA,False,False,True,False,,,
Dai,Infrastructure,0.0,45.902309289050336,50.0,87.34,,Steady Growth,Fairly Valued,AA,False,False,True,False,,,
Darwinia Network,Blockchains (L2),0.0,38.50515437637654,50.0,,,Slow Growth,Fairly Valued,,False,False,True,False,,,
Dash,,,,,74.48,,,,BBB,False,False,True,False,,,
DeDust,Exchanges (DEX),0.0,,,,,,,,False,False,True,False,,,
DeFi Saver,Infrastructure,1.949331594535597,,,,,,,,False,False,True,False,,,
DeGate,Exchanges (DEX),0.0,32.55320726733408,45.0,,,Slow Growth,Fairly Valued,,False,False,True,False,,,
DeSo,Blockchains (L1),0.0,25.151515151515152,60.0,,,Slow Growth,Fairly Valued,,False,False,True,False,,,
DeXe Protocol,,,,,85.74,,,,A,False,False,True,False,,,
Decentral Games,Gaming,0.0,32.4400871459695,52.5,,,Slow Growth,Fairly Valued,,False,False,True,False,,,
Decentraland,,,,,85.87,,,,A,False,False,True,False,,,
Decred,,,,,69.02,,,,BB,False,False,True,False,,,
DeepBook,,,,,70.31,,,,BB,False,False,True,False,,,
Definitive,Derivative exchanges,0.0,,,,,,,,False,False,True,False,,,
Degen,Blockchains (L3),0.0,0.0,45.0,,,Stagnant/Declining,Fairly Valued,,False,False,True,False,,,
Deri Protocol,Derivative exchanges,,45.48431402341501,23.769841269841272,,,Steady Growth,Overvalued,,False,False,True,False,,,
Derivio,Derivative exchanges,0.0,,,,,,,,False,False,True,False,,,
Destra Network,,,,,76.17,,,,BBB,False,False,True,False,,,
Dexalot,Exchanges (DEX),0.0,53.07007786429366,52.0,,,Steady Growth,Fairly Valued,,False,False,True,False,,,
DigiByte,,,,,75.13,,,,BBB,False,False,True,False,,,
Dinero,Liquid staking,0.0,8.705882352941178,45.0,,,Stagnant/Declining,Fairly Valued,,False,False,True,False,,,
Dmail Network,Infrastructure,0.0,51.214971458225214,52.0,,,Steady Growth,Fairly Valued,,False,False,True,False,,,
Dogecoin,Blockchains (L1),0.0,93.93939393939394,31.92082111436949,87.83,,Exceptional Growth,Overvalued,AA,False,False,True,False,,,"{""name"": ""Dogecoin"", ""sector"": ""Blockchains (L1)"", ""scores"": {""user_growth"": 93.93939393939394, ""growth_category"": ""Exceptional Growth""}, ""peers"": [{""name"": ""Algorand"", ""scores"": {""user_growth"": 57.27272727272727}}, {""name"": ""Aptos"", ""scores"": {""user_growth"": 74.57650162337663}}, {""name"": ""Avalanche"", ""scores"": {""user_growth"": 63.59943977591037}}, {""name"": ""BNB Chain"", ""scores"": {""user_growth"": 94.40882034632034}}], ""sector_averages"": {""user_growth"": 51.53, ""count"": 66}}"
Dohrnii,,,,,80.13,,,,A,False,False,True,False,,,
DojoSwap,Exchanges (DEX),0.0,20.344827586206897,,,,Stagnant/Declining,,,False,False,True,False,,,
Dolomite,Lending,0.0,,,,,,,,False,False,True,False,,,
Dopex,Derivative exchanges,0.0,41.5893696820421,51.85526315789474,,,Slow Growth,Fairly Valued,,False,False,True,False,,,
Drift Protocol,Derivative exchanges,0.0,95.91836734693877,,86.6,,Exceptional Growth,,AA,False,False,True,False,,,
Dymension,Blockchains (L1),0.0,65.22727272727272,,,,Strong Growth,,,False,False,True,False,,,
Dypius,Infrastructure,0.0,35.932472755578615,45.0,,,Slow Growth,Fairly Valued,,False,False,True,False,,,
EOS Network,,,,,92.09,,,,AA,False,False,True,False,,,
ERA Name Service,Infrastructure,0.0,16.722560975609756,52.0,,,Stagnant/Declining,Fairly Valued,,False,False,True,False,,,
ERAGON,Gaming,0.0,,,,,,,,False,False,True,False,,,
EYWA,Bridges,0.0,,,,,,,,False,False,True,False,,,
Echelon Market,Lending,0.0,,,,,,,,False,False,True,False,,,
Echelon Prime,Infrastructure,0.0,61.07161390762844,52.0,71.91,,Steady Growth,Fairly Valued,BBB,False,False,True,False,,,
Echelon Prime Foundation,Infrastructure,0.0,61.07161390762844,52.0,,,Steady Growth,Fairly Valued,,False,False,True,False,,,
Echo Protocol,Asset management,0.0,,,,,,,,False,False,True,False,,,
Eclipse,Blockchains (L2),0.0,,,,,,,,False,False,True,False,,,
Econia,Exchanges (DEX),0.0,,,,,,,,False,False,True,False,,,
Efi Hub,Gaming,0.0,,,,,,,,False,False,True,False,,,
Eggs Finance,Asset management,0.0,75.6852394916911,50.0,,,Strong Growth,Fairly Valued,,False,False,True,False,,,
EigenLayer,Liquid staking,0.0,87.64705882352942,55.0,90.03,,Exceptional Growth,Fairly Valued,AA,False,False,True,False,,,
Eigenpie,Liquid staking,0.0,,,,,,,,False,False,True,False,,,
Ekubo Protocol,Exchanges (DEX),0.0,63.189655172413794,,,,Steady Growth,,,False,False,True,False,,,
Element,NFT marketplaces,0.0,,,,,,,,False,False,True,False,,,
Ellipsis Finance,Exchanges (DEX),0.0,,,,,,,,False,False,True,False,,,
Emojicoin.fun,Exchanges (DEX),0.0,,,,,,,,False,False,True,False,,,
Energy Web X,Blockchains (L2),0.0,48.943599954052914,,,,Steady Growth,,,False,False,True,False,,,
Enjin,,,,,91.16,,,,AA,False,False,True,False,,,
Entangle,Stablecoin issuers,28.18419007292008,49.52380952380952,41.80803571428572,73.67,,Steady Growth,Fairly Valued,BBB,False,False,True,False,,,"{""name"": ""Entangle"", ""sector"": ""Unknown"", ""scores"": {""user_growth"": null, ""growth_category"": null}, ""peers"": [{""name"": ""BENQI Liquid Staked AVAX"", ""scores"": {""user_growth"": null}}, {""name"": ""CoW DAO"", ""scores"": {""user_growth"": null}}, {""name"": ""Mocaverse"", ""scores"": {""user_growth"": null}}, {""name"": ""OriginTrail"", ""scores"": {""user_growth"": null}}], ""sector_averages"": {""user_growth"": null, ""count"": 0}}"
Entangle,,,,,73.67,,,,BBB,False,False,True,False,,,"{""name"": ""Entangle"", ""sector"": ""Unknown"", ""scores"": {""user_growth"": null, ""growth_category"": null}, ""peers"": [{""name"": ""BENQI Liquid Staked AVAX"", ""scores"": {""user_growth"": null}}, {""name"": ""CoW DAO"", ""scores"": {""user_growth"": null}}, {""name"": ""Mocaverse"", ""scores"": {""user_growth"": null}}, {""name"": ""OriginTrail"", ""scores"": {""user_growth"": null}}], ""sector_averages"": {""user_growth"": null, ""count"": 0}}"
Enzyme Finance,Asset management,0.0,78.63196480938419,52.0,,,Strong Growth,Fairly Valued,,False,False,True,False,,,
Equalizer Exchange,Exchanges (DEX),11.935898594579324,24.451758266761047,92.46969696969695,,,Stagnant/Declining,Undervalued,,False,False,True,False,,,
Ethena,Stablecoin issuers,58.22851700086348,85.625,65.07440476190477,90.55,,Exceptional Growth,Fairly Valued,AA,False,False,True,False,,,"{""name"": ""Ethena"", ""sector"": ""Exchanges (DEX)"", ""scores"": {""user_growth"": 80.8611946775879, ""growth_category"": ""Exceptional Growth""}, ""peers"": [{""name"": ""0x"", ""scores"": {""user_growth"": 64.69035460275727}}, {""name"": ""1inch Network"", ""scores"": {""user_growth"": 87.7843015808811}}, {""name"": ""Aerodrome Finance"", ""scores"": {""user_growth"": 88.64047173627264}}, {""name"": ""Curve DAO Token"", ""scores"": {""user_growth"": 80.46152922439074}}], ""sector_averages"": {""user_growth"": 52.77, ""count"": 91}}"
Ethena,Exchanges (DEX),57.15610750876476,80.8611946775879,76.46969696969697,90.55,,Exceptional Growth,Undervalued,AA,False,False,True,False,,,"{""name"": ""Ethena"", ""sector"": ""Exchanges (DEX)"", ""scores"": {""user_growth"": 80.8611946775879, ""growth_category"": ""Exceptional Growth""}, ""peers"": [{""name"": ""0x"", ""scores"": {""user_growth"": 64.69035460275727}}, {""name"": ""1inch Network"", ""scores"": {""user_growth"": 87.7843015808811}}, {""name"": ""Aerodrome Finance"", ""scores"": {""user_growth"": 88.64047173627264}}, {""name"": ""Curve DAO Token"", ""scores"": {""user_growth"": 80.46152922439074}}], ""sector_averages"": {""user_growth"": 52.77, ""count"": 91}}"
Ether.Fi,Liquid staking,0.0,68.38848039215686,55.0,80.58,,Strong Growth,Fairly Valued,A,False,False,True,False,,,
Ethereum,Blockchains (L1),26.402623193032213,80.74585137085137,62.93269230769231,96.23,,Exceptional Growth,Fairly Valued,AAA,False,False,True,False,,,"{""name"": ""Ethereum"", ""sector"": ""Blockchains (L1)"", ""scores"": {""user_growth"": 80.74585137085137, ""growth_category"": ""Exceptional Growth""}, ""peers"": [{""name"": ""Algorand"", ""scores"": {""user_growth"": 57.27272727272727}}, {""name"": ""Aptos"", ""scores"": {""user_growth"": 74.57650162337663}}, {""name"": ""Avalanche"", ""scores"": {""user_growth"": 63.59943977591037}}, {""name"": ""BNB Chain"", ""scores"": {""user_growth"": 94.40882034632034}}], ""sector_averages"": {""user_growth"": 51.53, ""count"": 66}}"
Ethereum Attestation Service,Infrastructure,0.0,,,,,,,,False,False,True,False,,,
Ethereum Classic,,,,,77.53,,,,BBB,False,False,True,False,,,
Ethereum Name Service,Infrastructure,0.0,84.67393184570145,45.99999999999999,85.38,,Exceptional Growth,Fairly Valued,A,False,False,True,False,,,
EthereumPoW,,,,,71.78,,,,BBB,False,False,True,False,,,
Ethervista,Exchanges (DEX),0.0,58.962736373748605,50.0,,,Steady Growth,Fairly Valued,,False,False,True,False,,,
Euler,Lending,0.0,61.46686159844056,60.53571428571429,84.43,,Steady Growth,Fairly Valued,A,False,False,True,False,,,"{""name"": ""Euler"", ""sector"": ""Lending"", ""scores"": {""user_growth"": 61.46686159844056, ""growth_category"": ""Steady Growth""}, ""peers"": [{""name"": ""Aave"", ""scores"": {""user_growth"": 99.07407407407408}}, {""name"": ""Compound"", ""scores"": {""user_growth"": 79.99756335282652}}, {""name"": ""Maple Finance"", ""scores"": {""user_growth"": 63.62573099415204}}, {""name"": ""Morpho"", ""scores"": {""user_growth"": 81.08004385964914}}], ""sector_averages"": {""user_growth"": 53.35, ""count"": 46}}"
Euro Coin,,,,,80.74,,,,A,False,False,True,False,,,
Europe Fantasy League,Gaming,0.0,16.127450980392155,50.0,,,Stagnant/Declining,Fairly Valued,,False,False,True,False,,,
Everclear,Bridges,0.0,40.05681818181817,24.107142857142858,,,Slow Growth,Overvalued,,False,False,True,False,,,
Everyworld,Infrastructure,0.0,10.793980280228332,45.0,,,Stagnant/Declining,Fairly Valued,,False,False,True,False,,,
Evmos,Blockchains (L1),0.0,26.666666666666664,,,,Slow Growth,,,False,False,True,False,,,
Exactly Protocol,Lending,0.0,36.582602339181285,50.0,,,Slow Growth,Fairly Valued,,False,False,True,False,,,
Extra Finance,Lending,0.0,48.03728070175438,50.0,,,Steady Growth,Fairly Valued,,False,False,True,False,,,
FD121 Limited,Stablecoin issuers,0.0,,,,,,,,False,False,True,False,,,
FDUSD,,,,,88.08,,,,AA,False,False,True,False,,,
FTX,NFT marketplaces,0.0,34.583333333333336,56.25000000000001,44.3,,Slow Growth,Fairly Valued,C,False,False,True,False,,,"{""name"": ""FTX"", ""sector"": ""NFT marketplaces"", ""scores"": {""user_growth"": 34.583333333333336, ""growth_category"": ""Slow Growth""}, ""peers"": [{""name"": ""Blur"", ""scores"": {""user_growth"": 88.75000000000001}}, {""name"": ""Magic Eden"", ""scores"": {""user_growth"": 100.0}}, {""name"": ""OpenSea"", ""scores"": {""user_growth"": 100.0}}, {""name"": ""Zora"", ""scores"": {""user_growth"": 80.0}}], ""sector_averages"": {""user_growth"": 54.66, ""count"": 16}}"
Fableborne,Gaming,0.0,,,,,,,,False,False,True,False,,,
Falcon Finance,,,,,64.72,,,,BB,False,False,True,False,,,
Fantasy,Gaming,0.0,,,,,,,,False,False,True,False,,,
Fartcoin,,,,,66.08,,,,BB,False,False,True,False,,,
Fei Protocol,,,,,48.63,,,,CC,False,False,True,False,,,
Fellaz,,,,,74.92,,,,BBB,False,False,True,False,,,
Fenix,Exchanges (DEX),0.0,23.083426028921025,45.0,,,Stagnant/Declining,Fairly Valued,,False,False,True,False,,,
Fetch.ai,,,,,92.88,,,,AA,False,False,True,False,,,
Fibrous,Exchanges (DEX),0.0,,,,,,,,False,False,True,False,,,
Filecoin,Blockchains (L1),22.236848055760632,64.0909090909091,29.43181818181818,86.39,,Steady Growth,Overvalued,A,False,False,True,False,,,"{""name"": ""Filecoin"", ""sector"": ""Blockchains (L1)"", ""scores"": {""user_growth"": 64.0909090909091, ""growth_category"": ""Steady Growth""}, ""peers"": [{""name"": ""Algorand"", ""scores"": {""user_growth"": 57.27272727272727}}, {""name"": ""Aptos"", ""scores"": {""user_growth"": 74.57650162337663}}, {""name"": ""Avalanche"", ""scores"": {""user_growth"": 63.59943977591037}}, {""name"": ""BNB Chain"", ""scores"": {""user_growth"": 94.40882034632034}}], ""sector_averages"": {""user_growth"": 51.53, ""count"": 66}}"
Flare,,,,,74.54,,,,BBB,False,False,True,False,,,
Flashbots,Infrastructure,0.0,50.83333333333333,,,,Steady Growth,,,False,False,True,False,,,
Flexa,,,,,62.27,,,,B,False,False,True,False,,,
Floki,,,,,91.93,,,,AA,False,False,True,False,,,
FlokiFi,,,,,88.72,,,,AA,False,False,True,False,,,
Flow,Blockchains (L1),0.0,43.63636363636364,,84.91,,Slow Growth,,A,False,False,True,False,,,
FlowX Finance,Exchanges (DEX),0.0,26.091954022988507,,,,Slow Growth,,,False,False,True,False,,,
Fluid,Lending,43.228796453893736,74.63084795321639,62.78125000000001,,,Strong Growth,Fairly Valued,,False,False,True,False,,,
Fluxbeam,Exchanges (DEX),0.0,,,,,,,,False,False,True,False,,,
Folks Finance,Lending,0.0,,,,,,,,False,False,True,False,,,
Forgotten Runiverse,Gaming,0.0,,,,,,,,False,False,True,False,,,
Foundation,NFT marketplaces,22.291658391851808,55.0,,,,Steady Growth,,,False,False,True,False,,,
Four,,,,,70.31,,,,BB,False,False,True,False,,,
Fragmetric,Liquid staking,0.0,,,,,,,,False,False,True,False,,,
Franklin Templeton (FOBXX),Asset management,0.0,,,,,,,,False,False,True,False,,,
Frax,Blockchains (L2),0.0,,,85.71,,,,A,False,False,True,False,,,
Frax Finance - Frax Ether,Liquid staking,43.881970856862736,36.66666666666667,,62.68,,Slow Growth,,B,False,False,True,False,,,
Frax Finance - Frax Ether,,,,,62.68,,,,B,False,False,True,False,,,
Frax Share,,,,,83.1,,,,A,False,False,True,False,,,
Frax Stablecoin,Stablecoin issuers,0.0,,,,,,,,False,False,True,False,,,
Frax Staked Ether,,,,,67.69,,,,BB,False,False,True,False,,,
Fraxlend,Lending,0.0,41.18421052631579,,,,Slow Growth,,,False,False,True,False,,,
Fraxtal,Blockchains (L2),0.0,,,,,,,,False,False,True,False,,,
Fren Pet,Gaming,0.0,50.1797385620915,52.0,,,Steady Growth,Fairly Valued,,False,False,True,False,,,
Frequency,Blockchains (L2),0.0,32.36546651180798,,,,Slow Growth,,,False,False,True,False,,,
Freysa,,,,,65.36,,,,BB,False,False,True,False,,,
Fuel Ignition,Blockchains (L2),0.0,49.59627329192547,50.0,,,Steady Growth,Fairly Valued,,False,False,True,False,,,
Fuul Protocol,Infrastructure,0.0,,,,,,,,False,False,True,False,,,
GMX,Derivative exchanges,50.319127872574335,95.64567206192824,75.34722222222221,91.92,,Exceptional Growth,Undervalued,AA,False,False,True,False,,,"{""name"": ""GMX"", ""sector"": ""Derivative exchanges"", ""scores"": {""user_growth"": 95.64567206192824, ""growth_category"": ""Exceptional Growth""}, ""peers"": [{""name"": ""Pendle"", ""scores"": {""user_growth"": 94.4047485765466}}, {""name"": ""Synthetix"", ""scores"": {""user_growth"": 80.07145256221611}}, {""name"": ""Drift Protocol"", ""scores"": {""user_growth"": 95.91836734693877}}, {""name"": ""Aevo"", ""scores"": {""user_growth"": 89.37847866419295}}], ""sector_averages"": {""user_growth"": 55.1, ""count"": 55}}"
Gains Network,Derivative exchanges,0.0,70.17810760667903,52.0,,,Strong Growth,Fairly Valued,,False,False,True,False,,,
Gala Games,,,,,89.15,,,,AA,False,False,True,False,,,
Galxe,Infrastructure,0.0,,,,,,,,False,False,True,False,,,
Gamic,Infrastructure,0.0,,,,,,,,False,False,True,False,,,
Gamma Strategies,Asset management,22.3638589499679,60.570931085044,87.50000000000001,,,Steady Growth,Undervalued,,False,False,True,False,,,
Garden Finance,Bridges,0.0,0.0,45.0,,,Stagnant/Declining,Fairly Valued,,False,False,True,False,,,
Gas,,,,,61.62,,,,B,False,False,True,False,,,
GateToken,,,,,88.55,,,,AA,False,False,True,False,,,
Gearbox,Lending,24.165608219299408,39.782529239766085,40.90625000000001,,,Slow Growth,Fairly Valued,,False,False,True,False,,,
Gemini,Stablecoin issuers,0.0,,,,,,,,False,False,True,False,,,
Getgems,NFT marketplaces,0.0,,,,,,,,False,False,True,False,,,
Gigachad,,,,,70.48,,,,BB,False,False,True,False,,,
Gitcoin,Infrastructure,0.0,60.18649455111572,52.5,,,Steady Growth,Fairly Valued,,False,False,True,False,,,
Glo Dollar,Stablecoin issuers,0.0,,,,,,,,False,False,True,False,,,
Global Dollar Network,Stablecoin issuers,0.0,,,,,,,,False,False,True,False,,,
Gnosis,Blockchains (L1),0.0,40.53518377047789,28.954326923076923,84.77,,Slow Growth,Overvalued,A,False,False,True,False,,,"{""name"": ""Gnosis"", ""sector"": ""Blockchains (L1)"", ""scores"": {""user_growth"": 40.53518377047789, ""growth_category"": ""Slow Growth""}, ""peers"": [{""name"": ""Algorand"", ""scores"": {""user_growth"": 57.27272727272727}}, {""name"": ""Aptos"", ""scores"": {""user_growth"": 74.57650162337663}}, {""name"": ""Avalanche"", ""scores"": {""user_growth"": 63.59943977591037}}, {""name"": ""BNB Chain"", ""scores"": {""user_growth"": 94.40882034632034}}], ""sector_averages"": {""user_growth"": 51.53, ""count"": 66}}"
GoMining,,,,,91.49,,,,AA,False,False,True,False,,,
Goat Protocol,Asset management,0.0,12.12121212121212,,,,Stagnant/Declining,,,False,False,True,False,,,
GoldPro Token,,,,,74.73,,,,BBB,False,False,True,False,,,
Goldfinch,Lending,31.43859205852528,39.736842105263165,17.9375,,,Slow Growth,Overvalued,,False,False,True,False,,,
Golem,,,,,86.35,,,,A,False,False,True,False,,,
GoodDollar,Infrastructure,0.0,6.382978723404254,45.0,,,Stagnant/Declining,Fairly Valued,,False,False,True,False,,,
Gram,ERC20 Tokens,0.0,100.0,,,,Exceptional Growth,,,False,False,True,False,,,
Grass,,,,,76.37,,,,BBB,False,False,True,False,,,
Gravity,Blockchains (L2),33.303054003849226,81.36211567178466,71.04395604395604,85.13,,Exceptional Growth,Undervalued,A,False,False,True,False,,,"{""name"": ""Gravity"", ""sector"": ""Blockchains (L2)"", ""scores"": {""user_growth"": 81.36211567178466, ""growth_category"": ""Exceptional Growth""}, ""peers"": [{""name"": ""Arbitrum"", ""scores"": {""user_growth"": 96.30346290771791}}, {""name"": ""Immutable X"", ""scores"": {""user_growth"": 90.02038225560229}}, {""name"": ""StarkNet"", ""scores"": {""user_growth"": 74.82779415706244}}, {""name"": ""Uniswap"", ""scores"": {""user_growth"": 77.58420441347272}}], ""sector_averages"": {""user_growth"": 54.93, ""count"": 66}}"
Gravity Alpha Mainnet,Blockchains (L2),33.303054003849226,81.36211567178466,71.04395604395604,,,Exceptional Growth,Undervalued,,False,False,True,False,,,
Guild of Guardians,Gaming,0.0,49.803921568627445,50.0,,,Steady Growth,Fairly Valued,,False,False,True,False,,,
Gyroscope (Gyro Finance),Stablecoin issuers,0.0,,,,,,,,False,False,True,False,,,
HMX,Derivative exchanges,40.96215837196279,45.89105783379183,74.65277777777779,,,Steady Growth,Undervalued,,False,False,True,False,,,
HOT Protocol,Gaming,0.0,,,,,,,,False,False,True,False,,,
Hamster Kombat,,,,,75.53,,,,BBB,False,False,True,False,,,
Harmony,Blockchains (L1),0.0,,,78.97,,,,BBB,False,False,True,False,,,
Hashflow,Exchanges (DEX),0.0,55.76828841810767,35.0,,,Steady Growth,Overvalued,,False,False,True,False,,,
Hedera,Blockchains (L1),0.0,78.78787878787878,,75.69,,Strong Growth,,BBB,False,False,True,False,,,
Hedgey Finance,Infrastructure,0.0,,,,,,,,False,False,True,False,,,
Hegic,Derivative exchanges,54.79070870679547,56.719839581600674,60.29166666666668,,,Steady Growth,Fairly Valued,,False,False,True,False,,,
Helium,Infrastructure,53.575124466986615,51.01063829787234,64.64285714285715,,,Steady Growth,Fairly Valued,,False,False,True,False,,,
Helix,Exchanges (DEX),0.0,,,,,,,,False,False,True,False,,,
Hercules,Exchanges (DEX),0.0,23.79310344827586,,,,Stagnant/Declining,,,False,False,True,False,,,
Hinkal Protocol,Bridges,0.0,,,,,,,,False,False,True,False,,,
Hippo Labs,Exchanges (DEX),0.0,,,,,,,,False,False,True,False,,,
Hive,,,,,73.15,,,,BBB,False,False,True,False,,,
Hivemapper,,,,,77.84,,,,BBB,False,False,True,False,,,
Holdstation,Derivative exchanges,17.760285004271626,70.3653597018745,45.59027777777778,,,Strong Growth,Fairly Valued,,False,False,True,False,,,
Homora,Lending,0.0,73.68421052631578,55.0,,,Strong Growth,Fairly Valued,,False,False,True,False,,,
Hook,Blockchains (L3),0.0,,,,,,,,False,False,True,False,,,
Hooked Protocol,Social,0.0,81.48148148148148,55.0,,,Exceptional Growth,Fairly Valued,,False,False,True,False,,,
Hop Protocol,Bridges,10.915853513560124,79.54545454545455,86.87500000000001,,,Strong Growth,Undervalued,,False,False,True,False,,,
Horizen,,,,,87.28,,,,AA,False,False,True,False,,,
Houdini Swap,Exchanges (DEX),35.93598183098257,40.2825361512792,60.39772727272727,,,Slow Growth,Fairly Valued,,False,False,True,False,,,
HunnyFinance,Asset management,0.0,27.239002932551323,52.0,,,Slow Growth,Fairly Valued,,False,False,True,False,,,
Hydration,Blockchains (L2),0.0,47.47824692728874,,,,Steady Growth,,,False,False,True,False,,,
Hydro Protocol,Liquid staking,0.0,27.647058823529413,,,,Slow Growth,,,False,False,True,False,,,
Hyperbridge,Blockchains (L2),0.0,19.98354626403407,,,,Stagnant/Declining,,,False,False,True,False,,,
Hyperlane,Bridges,0.0,,,,,,,,False,False,True,False,,,
Hyperliquid,Derivative exchanges,0.0,100.0,,82.06,,Exceptional Growth,,A,False,False,True,False,,,
Hyperliquid,Blockchains (L2),0.0,36.92307692307692,,82.06,,Slow Growth,,A,False,False,True,False,,,
Hypr,Blockchains (L2),0.0,,,,,,,,False,False,True,False,,,
ICHI,Asset management,0.0,25.12609970674487,45.0,,,Slow Growth,Fairly Valued,,False,False,True,False,,,
IDEX,Exchanges (DEX),0.0,70.77011494252874,31.0,,,Strong Growth,Overvalued,,False,False,True,False,,,
IO.net,Infrastructure,0.0,76.59574468085107,,,,Strong Growth,,,False,False,True,False,,,
IOTA,,,,,74.39,,,,BBB,False,False,True,False,,,
IPMB,Asset management,0.0,51.65395894428153,45.0,,,Steady Growth,Fairly Valued,,False,False,True,False,,,
IPOR Protocol,Derivative exchanges,23.52651645101508,39.93004686200499,39.01909722222223,,,Slow Growth,Overvalued,,False,False,True,False,,,
Idle Finance,Asset management,0.0,14.154936461388075,50.0,,,Stagnant/Declining,Fairly Valued,,False,False,True,False,,,
Illuvium,Gaming,0.0,88.45315904139433,55.0,,,Exceptional Growth,Fairly Valued,,False,False,True,False,,,
ImmortalX,Derivative exchanges,0.0,,,,,,,,False,False,True,False,,,
Immutable X,,,,,90.06,,,,AA,False,False,True,False,,,"{""name"": ""Immutable X"", ""sector"": ""Blockchains (L2)"", ""scores"": {""user_growth"": 90.02038225560229, ""growth_category"": ""Exceptional Growth""}, ""peers"": [{""name"": ""Arbitrum"", ""scores"": {""user_growth"": 96.30346290771791}}, {""name"": ""Gravity"", ""scores"": {""user_growth"": 81.36211567178466}}, {""name"": ""StarkNet"", ""scores"": {""user_growth"": 74.82779415706244}}, {""name"": ""Uniswap"", ""scores"": {""user_growth"": 77.58420441347272}}], ""sector_averages"": {""user_growth"": 54.93, ""count"": 66}}"
Immutable X,Blockchains (L2),62.73696331707027,90.02038225560229,92.6153846153846,90.06,,Exceptional Growth,Undervalued,AA,False,False,True,False,,,"{""name"": ""Immutable X"", ""sector"": ""Blockchains (L2)"", ""scores"": {""user_growth"": 90.02038225560229, ""growth_category"": ""Exceptional Growth""}, ""peers"": [{""name"": ""Arbitrum"", ""scores"": {""user_growth"": 96.30346290771791}}, {""name"": ""Gravity"", ""scores"": {""user_growth"": 81.36211567178466}}, {""name"": ""StarkNet"", ""scores"": {""user_growth"": 74.82779415706244}}, {""name"": ""Uniswap"", ""scores"": {""user_growth"": 77.58420441347272}}], ""sector_averages"": {""user_growth"": 54.93, ""count"": 66}}"
Impermax Finance,Asset management,0.0,17.6969696969697,45.0,,,Stagnant/Declining,Fairly Valued,,False,False,True,False,,,
Impossible Finance,Infrastructure,0.0,20.638297872340424,,,,Stagnant/Declining,,,False,False,True,False,,,
Index Cooperative,Asset management,41.69345088455628,60.26484604105573,52.32589285714286,,,Steady Growth,Fairly Valued,,False,False,True,False,,,
Infrared Finance,Liquid staking,0.0,,,,,,,,False,False,True,False,,,
Injective,Blockchains (L1),49.72054028597943,64.14820473644002,81.10576923076923,83.9,,Steady Growth,Undervalued,A,False,False,True,False,,,"{""name"": ""Injective"", ""sector"": ""Blockchains (L1)"", ""scores"": {""user_growth"": 64.14820473644002, ""growth_category"": ""Steady Growth""}, ""peers"": [{""name"": ""Algorand"", ""scores"": {""user_growth"": 57.27272727272727}}, {""name"": ""Aptos"", ""scores"": {""user_growth"": 74.57650162337663}}, {""name"": ""Avalanche"", ""scores"": {""user_growth"": 63.59943977591037}}, {""name"": ""BNB Chain"", ""scores"": {""user_growth"": 94.40882034632034}}], ""sector_averages"": {""user_growth"": 51.53, ""count"": 66}}"
Injera,Stablecoin issuers,0.0,,,,,,,,False,False,True,False,,,
Instadapp,,,,,82.45,,,,A,False,False,True,False,,,
Integral,Exchanges (DEX),42.29887048257745,16.09936967000371,71.8939393939394,,,Stagnant/Declining,Undervalued,,False,False,True,False,,,
InterCrone Swap,Exchanges (DEX),0.0,,,,,,,,False,False,True,False,,,
Interlay,Blockchains (L2),0.0,33.93259179844545,,,,Slow Growth,,,False,False,True,False,,,
Internet Computer,Blockchains (L1),34.99216143098731,74.21487603305783,91.1931818181818,88.3,,Strong Growth,Undervalued,AA,False,False,True,False,,,"{""name"": ""Internet Computer"", ""sector"": ""Blockchains (L1)"", ""scores"": {""user_growth"": 74.21487603305783, ""growth_category"": ""Strong Growth""}, ""peers"": [{""name"": ""Algorand"", ""scores"": {""user_growth"": 57.27272727272727}}, {""name"": ""Aptos"", ""scores"": {""user_growth"": 74.57650162337663}}, {""name"": ""Avalanche"", ""scores"": {""user_growth"": 63.59943977591037}}, {""name"": ""BNB Chain"", ""scores"": {""user_growth"": 94.40882034632034}}], ""sector_averages"": {""user_growth"": 51.53, ""count"": 66}}"
Invarch,Blockchains (L2),0.0,28.96631823461092,,,,Slow Growth,,,False,False,True,False,,,
Inverse Finance,Stablecoin issuers,0.0,,,,,,,,False,False,True,False,,,
IoTeX,,,,,90.76,,,,AA,False,False,True,False,,,
Ionic Protocol,Lending,0.0,38.94736842105263,,,,Slow Growth,,,False,False,True,False,,,
JOJO,Derivative exchanges,0.0,29.47773654916512,52.0,,,Slow Growth,Fairly Valued,,False,False,True,False,,,
JPool Staked SOL (JSOL),,,,,64.78,,,,BB,False,False,True,False,,,
JUST,Lending,0.0,90.13157894736842,55.0,68.5,,Exceptional Growth,Fairly Valued,BB,False,False,True,False,,,
Jasmy,,,,,83.63,,,,A,False,False,True,False,,,
Jito Labs,,,,,82.52,,,,A,False,False,True,False,,,"{""name"": ""Jito Labs"", ""sector"": ""Liquid staking"", ""scores"": {""user_growth"": 92.94117647058825, ""growth_category"": ""Exceptional Growth""}, ""peers"": [{""name"": ""Lido DAO"", ""scores"": {""user_growth"": 79.24632352941175}}, {""name"": ""Stader ETHx"", ""scores"": {""user_growth"": 44.74264705882353}}, {""name"": ""Solayer"", ""scores"": {""user_growth"": 100.0}}, {""name"": ""EigenLayer"", ""scores"": {""user_growth"": 87.64705882352942}}], ""sector_averages"": {""user_growth"": 52.75, ""count"": 22}}"
Jito Labs,Liquid staking,40.57981264730388,92.94117647058825,52.91666666666667,82.52,,Exceptional Growth,Fairly Valued,A,False,False,True,False,,,"{""name"": ""Jito Labs"", ""sector"": ""Liquid staking"", ""scores"": {""user_growth"": 92.94117647058825, ""growth_category"": ""Exceptional Growth""}, ""peers"": [{""name"": ""Lido DAO"", ""scores"": {""user_growth"": 79.24632352941175}}, {""name"": ""Stader ETHx"", ""scores"": {""user_growth"": 44.74264705882353}}, {""name"": ""Solayer"", ""scores"": {""user_growth"": 100.0}}, {""name"": ""EigenLayer"", ""scores"": {""user_growth"": 87.64705882352942}}], ""sector_averages"": {""user_growth"": 52.75, ""count"": 22}}"
Juice Finance,Asset management,0.0,51.5366568914956,55.0,,,Steady Growth,Fairly Valued,,False,False,True,False,,,
Jumbo Exchange,Exchanges (DEX),0.0,6.896551724137932,,,,Stagnant/Declining,,,False,False,True,False,,,
Jupiter Exchange,,,,,89.26,,,,AA,False,False,True,False,,,
Jupiter Exchange,Exchanges (DEX),0.0,95.40229885057472,,89.26,,Exceptional Growth,,AA,False,False,True,False,,,
JustLend,Lending,0.0,90.13157894736842,55.0,87.52,,Exceptional Growth,Fairly Valued,AA,False,False,True,False,,,
JustLend DAO,Lending,0.0,90.13157894736842,55.0,,,Exceptional Growth,Fairly Valued,,False,False,True,False,,,
KAI-CHING,Gaming,0.0,,,,,,,,False,False,True,False,,,
KAP Games,Gaming,0.0,33.88888888888888,74.44444444444446,,,Slow Growth,Undervalued,,False,False,True,False,,,
KGen,Gaming,0.0,,,,,,,,False,False,True,False,,,
Kadena,Blockchains (L1),0.0,31.21212121212121,,,,Slow Growth,,,False,False,True,False,,,
Kage Finance,Derivative exchanges,0.0,20.20408163265306,,,,Stagnant/Declining,,,False,False,True,False,,,
Kaia (prev. Klaytn & Finschia),,,,,84.85,,,,A,False,False,True,False,,,
Kaito,Infrastructure,0.0,85.92371562013491,55.0,84.19,,Exceptional Growth,Fairly Valued,A,False,False,True,False,,,
Kamino,Lending,0.0,78.94736842105263,,,,Strong Growth,,,False,False,True,False,,,
Kana,Exchanges (DEX),0.0,,,,,,,,False,False,True,False,,,
Karak,Blockchains (L2),0.0,,,,,,,,False,False,True,False,,,
Karura,Blockchains (L1),2.093756615479769,6.0606060606060606,14.903846153846152,,,Stagnant/Declining,Overvalued,,False,False,True,False,,,
Kaspa,,,,,84.19,,,,A,False,False,True,False,,,
Katana,Exchanges (DEX),34.76674251409991,75.0,,,,Strong Growth,,,False,False,True,False,,,
Kava,,,,,90.1,,,,AA,False,False,True,False,,,
Keep,,,,,88.02,,,,AA,False,False,True,False,,,
Kiln,Liquid staking,0.0,,,,,,,,False,False,True,False,,,
KiloEx,Derivative exchanges,0.0,,,,,,,,False,False,True,False,,,
Kilt,Blockchains (L2),0.0,32.67706378986866,,,,Slow Growth,,,False,False,True,False,,,
Kinesis Money,Derivative exchanges,0.0,44.65445269016698,50.0,62.27,,Slow Growth,Fairly Valued,B,False,False,True,False,,,
Kinesis Money,,,,,62.27,,,,B,False,False,True,False,,,
Kleros,Infrastructure,0.0,29.23975090814738,49.72222222222223,,,Slow Growth,Fairly Valued,,False,False,True,False,,,
KlimaDAO,Infrastructure,0.0,36.0738842760768,52.0,,,Slow Growth,Fairly Valued,,False,False,True,False,,,
Kodiak Finance,Exchanges (DEX),0.0,,,,,,,,False,False,True,False,,,
Koi Finance,Exchanges (DEX),0.0,22.71264367816092,45.0,,,Stagnant/Declining,Fairly Valued,,False,False,True,False,,,
Kroma Network,Blockchains (L2),0.0,,,,,,,,False,False,True,False,,,
KuCoin Token,,,,,83.66,,,,A,False,False,True,False,,,
Kusama,Blockchains (L1),20.89199337228766,20.56198142135642,49.21875,,,Stagnant/Declining,Fairly Valued,,False,False,True,False,,,
Kwenta,Derivative exchanges,0.0,50.46015330113237,61.102941176470594,,,Steady Growth,Fairly Valued,,False,False,True,False,,,
KyberSwap,Exchanges (DEX),0.0,76.79375442410759,63.11363636363637,,,Strong Growth,Fairly Valued,,False,False,True,False,,,
LCX,,,,,85.28,,,,A,False,False,True,False,,,
LFJ,Exchanges (DEX),42.24054203409128,76.7520519432366,64.5596590909091,,,Strong Growth,Fairly Valued,,False,False,True,False,,,
LI.FI,Infrastructure,0.0,,,,,,,,False,False,True,False,,,
LUKSO,Blockchains (L1),0.0,9.090909090909092,,,,Stagnant/Declining,,,False,False,True,False,,,
Lagoon,Asset management,0.0,,,,,,,,False,False,True,False,,,
Lagrange,Infrastructure,0.0,,,,,,,,False,False,True,False,,,
Lava Network,Blockchains (L1),0.0,20.60606060606061,,,,Stagnant/Declining,,,False,False,True,False,,,
Layer3,Infrastructure,46.27089996011394,75.34213062495367,92.85714285714286,,,Strong Growth,Undervalued,,False,False,True,False,,,
LayerZero,,,,,90.07,,,,AA,False,False,True,False,,,
Layerswap,Bridges,0.0,,,,,,,,False,False,True,False,,,
Lens Protocol,Social,0.0,0.0,,,,Stagnant/Declining,,,False,False,True,False,,,
Levana,Derivative exchanges,0.0,75.51020408163265,,,,Strong Growth,,,False,False,True,False,,,
Level Finance,Derivative exchanges,14.076985216916428,53.56381149638539,51.84375000000001,,,Steady Growth,Fairly Valued,,False,False,True,False,,,
Lido DAO,,,,,92.06,,,,AA,False,False,True,False,,,"{""name"": ""Lido DAO"", ""sector"": ""Liquid staking"", ""scores"": {""user_growth"": 79.24632352941175, ""growth_category"": ""Strong Growth""}, ""peers"": [{""name"": ""Jito Labs"", ""scores"": {""user_growth"": 92.94117647058825}}, {""name"": ""Stader ETHx"", ""scores"": {""user_growth"": 44.74264705882353}}, {""name"": ""Solayer"", ""scores"": {""user_growth"": 100.0}}, {""name"": ""EigenLayer"", ""scores"": {""user_growth"": 87.64705882352942}}], ""sector_averages"": {""user_growth"": 52.75, ""count"": 22}}"
Lido DAO,Liquid staking,62.60100053261692,79.24632352941175,70.40625000000001,92.06,,Strong Growth,Undervalued,AA,False,False,True,False,,,"{""name"": ""Lido DAO"", ""sector"": ""Liquid staking"", ""scores"": {""user_growth"": 79.24632352941175, ""growth_category"": ""Strong Growth""}, ""peers"": [{""name"": ""Jito Labs"", ""scores"": {""user_growth"": 92.94117647058825}}, {""name"": ""Stader ETHx"", ""scores"": {""user_growth"": 44.74264705882353}}, {""name"": ""Solayer"", ""scores"": {""user_growth"": 100.0}}, {""name"": ""EigenLayer"", ""scores"": {""user_growth"": 87.64705882352942}}], ""sector_averages"": {""user_growth"": 52.75, ""count"": 22}}"
Lido Staked ETH,,,,,88.73,,,,AA,False,False,True,False,,,
Lido wstETH,,,,,84.49,,,,A,False,False,True,False,,,
Lifinity,Exchanges (DEX),0.0,36.43678160919541,,,,Slow Growth,,,False,False,True,False,,,
Lighter,Exchanges (DEX),0.0,18.181818181818183,,,,Stagnant/Declining,,,False,False,True,False,,,
Limitless,Prediction markets,0.0,,,,,,,,False,False,True,False,,,
Linea,Blockchains (L2),0.0,,,,,,,,False,False,True,False,,,
Liquid Collective,Liquid staking,0.0,30.0,,,,Slow Growth,,,False,False,True,False,,,
Liquid Staked ETH,,,,,69.28,,,,BB,False,False,True,False,,,
Liquidswap,Exchanges (DEX),0.0,55.43103448275863,,,,Steady Growth,,,False,False,True,False,,,
Liquity,Stablecoin issuers,56.19766082534869,65.0,48.88839285714286,,,Strong Growth,Fairly Valued,,False,False,True,False,,,
Lisk,Blockchains (L2),0.0,57.4295269947444,45.0,,,Steady Growth,Fairly Valued,,False,False,True,False,,,
Lista DAO,Stablecoin issuers,0.0,,,,,,,,False,False,True,False,,,
Litecoin,Blockchains (L1),0.0,84.84848484848484,38.16222084367246,83.71,,Exceptional Growth,Overvalued,A,False,False,True,False,,,"{""name"": ""Litecoin"", ""sector"": ""Blockchains (L1)"", ""scores"": {""user_growth"": 84.84848484848484, ""growth_category"": ""Exceptional Growth""}, ""peers"": [{""name"": ""Algorand"", ""scores"": {""user_growth"": 57.27272727272727}}, {""name"": ""Aptos"", ""scores"": {""user_growth"": 74.57650162337663}}, {""name"": ""Avalanche"", ""scores"": {""user_growth"": 63.59943977591037}}, {""name"": ""BNB Chain"", ""scores"": {""user_growth"": 94.40882034632034}}], ""sector_averages"": {""user_growth"": 51.53, ""count"": 66}}"
Litentry,Blockchains (L2),0.0,22.55829354235372,45.0,,,Stagnant/Declining,Fairly Valued,,False,False,True,False,,,
Livepeer,Infrastructure,0.0,85.63829787234042,56.60714285714286,78.4,,Exceptional Growth,Fairly Valued,BBB,False,False,True,False,,,"{""name"": ""Livepeer"", ""sector"": ""Infrastructure"", ""scores"": {""user_growth"": 85.63829787234042, ""growth_category"": ""Exceptional Growth""}, ""peers"": [{""name"": ""Chainlink"", ""scores"": {""user_growth"": 85.72299651567945}}, {""name"": ""Render Network"", ""scores"": {""user_growth"": 91.6969382459782}}, {""name"": ""Virtuals Protocol"", ""scores"": {""user_growth"": 91.48936170212764}}, {""name"": ""Kaito"", ""scores"": {""user_growth"": 85.92371562013491}}], ""sector_averages"": {""user_growth"": 53.9, ""count"": 52}}"
LogX,Derivative exchanges,0.0,,,,,,,,False,False,True,False,,,
Lombard,Liquid staking,0.0,,,83.72,,,,A,False,False,True,False,,,
LooksRare,NFT marketplaces,0.0,57.81250000000001,25.55555555555556,,,Steady Growth,Overvalued,,False,False,True,False,,,
Loopring,Exchanges (DEX),0.0,84.91657397107898,58.33333333333332,,,Exceptional Growth,Fairly Valued,,False,False,True,False,,,
Lybra Finance,Stablecoin issuers,0.0,63.60119047619047,60.0,,,Steady Growth,Fairly Valued,,False,False,True,False,,,
Lynex,Exchanges (DEX),0.0,51.12068965517242,,,,Steady Growth,,,False,False,True,False,,,
MANTRA,Blockchains (L1),0.0,49.280303030303024,45.0,86.22,,Steady Growth,Fairly Valued,A,False,False,True,False,,,
MELANIA,,,,,50.0,,,,CC,False,False,True,False,,,
MELD,Blockchains (L1),0.0,0.0,,,,Stagnant/Declining,,,False,False,True,False,,,
MOG Coin,,,,,71.29,,,,BB,False,False,True,False,,,
MOOAR,NFT marketplaces,0.0,,,,,,,,False,False,True,False,,,
MUX,Derivative exchanges,31.49169524545232,54.74643736805068,64.91071428571429,,,Steady Growth,Fairly Valued,,False,False,True,False,,,
MX TOKEN,,,,,77.08,,,,BBB,False,False,True,False,,,
MYX.Finance,Derivative exchanges,0.0,,,,,,,,False,False,True,False,,,
M^0,Stablecoin issuers,0.0,,,,,,,,False,False,True,False,,,
Magic Eden,NFT marketplaces,0.0,100.0,,91.24,,Exceptional Growth,,AA,False,False,True,False,,,
Magpie XYZ,Asset management,0.0,68.83870967741936,52.0,,,Strong Growth,Fairly Valued,,False,False,True,False,,,
Manifold.xyz,NFT marketplaces,0.0,,,,,,,,False,False,True,False,,,
Mansa Finance,Lending,0.0,,,,,,,,False,False,True,False,,,
Manta,Blockchains (L2),36.557992817136686,63.147381515621184,47.76190476190476,,,Steady Growth,Fairly Valued,,False,False,True,False,,,
Mantle LSP,,,,,84.66,,,,A,False,False,True,False,,,
Mantle Network,Blockchains (L2),0.0,89.472049689441,52.0,86.19,,Exceptional Growth,Fairly Valued,A,False,False,True,False,,,
Maple Finance,Lending,54.32192715059285,63.62573099415204,56.830357142857146,92.39,,Steady Growth,Fairly Valued,AA,False,False,True,False,,,"{""name"": ""Maple Finance"", ""sector"": ""Lending"", ""scores"": {""user_growth"": 63.62573099415204, ""growth_category"": ""Steady Growth""}, ""peers"": [{""name"": ""Aave"", ""scores"": {""user_growth"": 99.07407407407408}}, {""name"": ""Compound"", ""scores"": {""user_growth"": 79.99756335282652}}, {""name"": ""Euler"", ""scores"": {""user_growth"": 61.46686159844056}}, {""name"": ""Morpho"", ""scores"": {""user_growth"": 81.08004385964914}}], ""sector_averages"": {""user_growth"": 53.35, ""count"": 46}}"
Marinade Staked SOL,,,,,77.42,,,,BBB,False,False,True,False,,,
Marinade Staked SOL,Liquid staking,0.0,65.11764705882352,,77.42,,Strong Growth,,BBB,False,False,True,False,,,
Mars Protocol,Blockchains (L1),0.0,3.0303030303030303,,,,Stagnant/Declining,,,False,False,True,False,,,
Maverick Protocol,Exchanges (DEX),0.0,65.4337837496208,30.390625000000004,,,Strong Growth,Overvalued,,False,False,True,False,,,
Mean Finance,Exchanges (DEX),10.694342498423673,,,,,,,,False,False,True,False,,,
Mellow Protocol,Infrastructure,0.0,,,,,,,,False,False,True,False,,,
Membrane Finance,Stablecoin issuers,0.0,,,,,,,,False,False,True,False,,,
Mendi Finance,Lending,0.0,31.052631578947363,,,,Slow Growth,,,False,False,True,False,,,
Mento,Stablecoin issuers,0.0,,,,,,,,False,False,True,False,,,
Mereo,Social,0.0,,,,,,,,False,False,True,False,,,
Meridian,Stablecoin issuers,0.0,23.928571428571427,45.0,,,Stagnant/Declining,Fairly Valued,,False,False,True,False,,,
Merkle Trade,Derivative exchanges,43.99207475840234,52.532421835729366,90.87301587301587,,,Steady Growth,Undervalued,,False,False,True,False,,,
Merkly,Bridges,0.0,,,,,,,,False,False,True,False,,,
Merlin Chain,Blockchains (L2),0.0,69.42307692307692,,,,Strong Growth,,,False,False,True,False,,,
Meso Finance,Lending,0.0,,,,,,,,False,False,True,False,,,
Meta Pool DAO,Liquid staking,0.0,11.76470588235294,,,,Stagnant/Declining,,,False,False,True,False,,,
MetaDAO,Infrastructure,0.0,24.8936170212766,,,,Stagnant/Declining,,,False,False,True,False,,,
MetaMask,Exchanges (DEX),0.0,81.81818181818183,,,,Exceptional Growth,,,False,False,True,False,,,
Metal,Blockchains (L2),0.0,54.435618729096994,52.0,,,Steady Growth,Fairly Valued,,False,False,True,False,,,
Metaplex,NFT marketplaces,0.0,77.77777777777779,,78.27,,Strong Growth,,BBB,False,False,True,False,,,
Metavault.Trade,Derivative exchanges,0.0,45.43967116627216,37.142857142857146,,,Steady Growth,Overvalued,,False,False,True,False,,,
Meteor Wallet,Infrastructure,0.0,,,,,,,,False,False,True,False,,,
Meteora,Exchanges (DEX),0.0,,,,,,,,False,False,True,False,,,
Metis,Blockchains (L2),0.0,66.53846153846155,,,,Strong Growth,,,False,False,True,False,,,
Metropolis,Exchanges (DEX),0.0,62.721542454579165,45.0,,,Steady Growth,Fairly Valued,,False,False,True,False,,,
Micro3,Social,0.0,,,,,,,,False,False,True,False,,,
Midas,Asset management,0.0,,,,,,,,False,False,True,False,,,
MimbleWimbleCoin,,,,,60.19,,,,B,False,False,True,False,,,
Mimic,Infrastructure,0.0,,,,,,,,False,False,True,False,,,
Mina Protocol,Blockchains (L1),0.0,28.089225589225588,23.839950372208435,80.76,,Slow Growth,Overvalued,A,False,False,True,False,,,"{""name"": ""Mina Protocol"", ""sector"": ""Blockchains (L1)"", ""scores"": {""user_growth"": 28.089225589225588, ""growth_category"": ""Slow Growth""}, ""peers"": [{""name"": ""Algorand"", ""scores"": {""user_growth"": 57.27272727272727}}, {""name"": ""Aptos"", ""scores"": {""user_growth"": 74.57650162337663}}, {""name"": ""Avalanche"", ""scores"": {""user_growth"": 63.59943977591037}}, {""name"": ""BNB Chain"", ""scores"": {""user_growth"": 94.40882034632034}}], ""sector_averages"": {""user_growth"": 51.53, ""count"": 66}}"
Mint Blockchain,Blockchains (L2),0.0,,,,,,,,False,False,True,False,,,
Mint Club,Infrastructure,0.0,,,,,,,,False,False,True,False,,,
Mito Finance,Asset management,0.0,,,,,,,,False,False,True,False,,,
Mocaverse,Exchanges (DEX),27.030231384788603,40.23071721104258,29.131155303030305,85.15,,Slow Growth,Overvalued,A,False,False,True,False,,,"{""name"": ""Mocaverse"", ""sector"": ""Unknown"", ""scores"": {""user_growth"": null, ""growth_category"": null}, ""peers"": [{""name"": ""BENQI Liquid Staked AVAX"", ""scores"": {""user_growth"": null}}, {""name"": ""CoW DAO"", ""scores"": {""user_growth"": null}}, {""name"": ""Entangle"", ""scores"": {""user_growth"": null}}, {""name"": ""OriginTrail"", ""scores"": {""user_growth"": null}}], ""sector_averages"": {""user_growth"": null, ""count"": 0}}"
Mocaverse,,,,,85.15,,,,A,False,False,True,False,,,"{""name"": ""Mocaverse"", ""sector"": ""Unknown"", ""scores"": {""user_growth"": null, ""growth_category"": null}, ""peers"": [{""name"": ""BENQI Liquid Staked AVAX"", ""scores"": {""user_growth"": null}}, {""name"": ""CoW DAO"", ""scores"": {""user_growth"": null}}, {""name"": ""Entangle"", ""scores"": {""user_growth"": null}}, {""name"": ""OriginTrail"", ""scores"": {""user_growth"": null}}], ""sector_averages"": {""user_growth"": null, ""count"": 0}}"
Mode Network,Blockchains (L2),0.0,61.870883907033736,,,,Steady Growth,,,False,False,True,False,,,
Mole,Asset management,0.0,,,,,,,,False,False,True,False,,,
Monerium,Stablecoin issuers,0.0,,,,,,,,False,False,True,False,,,
Monero,,,,,74.55,,,,BBB,False,False,True,False,,,
Moola Market,Lending,0.0,21.297514619883035,50.0,,,Stagnant/Declining,Fairly Valued,,False,False,True,False,,,
Moonbeam,Blockchains (L2),0.0,63.06155952061874,,,,Steady Growth,,,False,False,True,False,,,
Moonwell,Lending,42.359734228324896,75.56390977443608,58.60576923076924,,,Strong Growth,Fairly Valued,,False,False,True,False,,,
Morpho,Lending,0.0,81.08004385964914,84.07142857142858,93.26,,Exceptional Growth,Undervalued,AA,False,False,True,False,,,"{""name"": ""Morpho"", ""sector"": ""Lending"", ""scores"": {""user_growth"": 81.08004385964914, ""growth_category"": ""Exceptional Growth""}, ""peers"": [{""name"": ""Aave"", ""scores"": {""user_growth"": 99.07407407407408}}, {""name"": ""Compound"", ""scores"": {""user_growth"": 79.99756335282652}}, {""name"": ""Euler"", ""scores"": {""user_growth"": 61.46686159844056}}, {""name"": ""Maple Finance"", ""scores"": {""user_growth"": 63.62573099415204}}], ""sector_averages"": {""user_growth"": 53.35, ""count"": 46}}"
MorphoAave,,,,,78.98,,,,BBB,False,False,True,False,,,
Mountain Protocol,Stablecoin issuers,0.0,,,,,,,,False,False,True,False,,,
Movement Labs,Blockchains (L1),0.0,89.39393939393939,,84.71,,Exceptional Growth,,A,False,False,True,False,,,
Movement Labs,,,,,84.71,,,,A,False,False,True,False,,,
MultiversX,Blockchains (L1),30.99086041551533,52.53787878787879,53.08238636363636,83.43,,Steady Growth,Fairly Valued,A,False,False,True,False,,,"{""name"": ""MultiversX"", ""sector"": ""Blockchains (L1)"", ""scores"": {""user_growth"": 52.53787878787879, ""growth_category"": ""Steady Growth""}, ""peers"": [{""name"": ""Algorand"", ""scores"": {""user_growth"": 57.27272727272727}}, {""name"": ""Aptos"", ""scores"": {""user_growth"": 74.57650162337663}}, {""name"": ""Avalanche"", ""scores"": {""user_growth"": 63.59943977591037}}, {""name"": ""BNB Chain"", ""scores"": {""user_growth"": 94.40882034632034}}], ""sector_averages"": {""user_growth"": 51.53, ""count"": 66}}"
Mummy Finance,Derivative exchanges,10.67366478037054,48.53448275862069,,,,Steady Growth,,,False,False,True,False,,,
MyShell,Infrastructure,0.0,,,,,,,,False,False,True,False,,,
MySwap,Exchanges (DEX),0.0,,,,,,,,False,False,True,False,,,
Mythos,Blockchains (L2),0.0,60.21319925718879,,71.34,,Steady Growth,,BB,False,False,True,False,,,
NAVI Protocol,Lending,0.0,97.36842105263158,,,,Exceptional Growth,,,False,False,True,False,,,
NEAR Protocol,Blockchains (L1),45.6083744084649,34.00568181818182,49.32692307692307,90.96,,Slow Growth,Fairly Valued,AA,False,False,True,False,,,"{""name"": ""NEAR Protocol"", ""sector"": ""Blockchains (L1)"", ""scores"": {""user_growth"": 34.00568181818182, ""growth_category"": ""Slow Growth""}, ""peers"": [{""name"": ""Algorand"", ""scores"": {""user_growth"": 57.27272727272727}}, {""name"": ""Aptos"", ""scores"": {""user_growth"": 74.57650162337663}}, {""name"": ""Avalanche"", ""scores"": {""user_growth"": 63.59943977591037}}, {""name"": ""BNB Chain"", ""scores"": {""user_growth"": 94.40882034632034}}], ""sector_averages"": {""user_growth"": 51.53, ""count"": 66}}"
NEM,,,,,61.28,,,,B,False,False,True,False,,,
NFTX,NFT marketplaces,0.0,34.583333333333336,56.25000000000001,,,Slow Growth,Fairly Valued,,False,False,True,False,,,
Nano,,,,,86.57,,,,AA,False,False,True,False,,,
Navigator,Derivative exchanges,0.0,56.82560296846012,45.0,,,Steady Growth,Fairly Valued,,False,False,True,False,,,
Nearlend DAO,Lending,0.0,,,,,,,,False,False,True,False,,,
Neo,,,,,78.3,,,,BBB,False,False,True,False,,,
Neptune Finance,Lending,0.0,,,,,,,,False,False,True,False,,,
Nervos Network,,,,,80.63,,,,A,False,False,True,False,,,
NeuroWeb,Blockchains (L2),0.0,33.57607114140215,,,,Slow Growth,,,False,False,True,False,,,
Nexo,,,,,78.12,,,,BBB,False,False,True,False,,,
Nexus Mutual,Insurance,34.314439797837025,,,,,,,,False,False,True,False,,,
Nibiru,Blockchains (L1),0.0,18.181818181818183,,,,Stagnant/Declining,,,False,False,True,False,,,
Nile Exchange,Exchanges (DEX),0.0,31.83908045977012,,,,Slow Growth,,,False,False,True,False,,,
Nillion,Blockchains (L1),0.0,81.81818181818183,,,,Exceptional Growth,,,False,False,True,False,,,
Ninja Blaze,Gaming,0.0,,,,,,,,False,False,True,False,,,
NinjaVault,Asset management,0.0,,,,,,,,False,False,True,False,,,
Nodle,Blockchains (L2),0.0,29.314763643037764,52.0,,,Slow Growth,Fairly Valued,,False,False,True,False,,,
Nostra,Lending,0.0,38.57212475633528,45.0,,,Slow Growth,Fairly Valued,,False,False,True,False,,,
Notcoin,,,,,85.92,,,,A,False,False,True,False,,,
Notional Finance,Lending,0.0,17.975146198830412,22.22222222222222,,,Stagnant/Declining,Overvalued,,False,False,True,False,,,
Nouns DAO,Asset management,0.0,,50.0,,,,Fairly Valued,,False,False,True,False,,,
Numerai,Asset management,0.0,88.36754643206255,55.0,,,Exceptional Growth,Fairly Valued,,False,False,True,False,,,
OFFICIAL TRUMP,,,,,75.89,,,,BBB,False,False,True,False,,,
OKB,,,,,92.69,,,,AA,False,False,True,False,,,
OP Mainnet,Blockchains (L2),52.06600120572876,89.78010324775966,48.47619047619048,,,Exceptional Growth,Fairly Valued,,False,False,True,False,,,
ORBLER,,,,,48.62,,,,CC,False,False,True,False,,,
ORDI(BRC-20),,,,,50.8,,,,CC,False,False,True,False,,,
OUSG,,,,,67.8,,,,BB,False,False,True,False,,,
Oasis Network,,,,,80.85,,,,A,False,False,True,False,,,
Ocean Protocol,Infrastructure,0.0,39.72269071094966,52.0,,,Slow Growth,Fairly Valued,,False,False,True,False,,,
Octopus Network,Asset management,0.0,52.59824046920821,45.0,,,Steady Growth,Fairly Valued,,False,False,True,False,,,
Odos,Exchanges (DEX),0.0,,,,,,,,False,False,True,False,,,
Olympus,,,,,69.93,,,,BB,False,False,True,False,,,
OmniBTC (OmniSwap),Exchanges (DEX),0.0,,,,,,,,False,False,True,False,,,
Ondo Finance,Asset management,0.0,100.0,55.0,87.5,,Exceptional Growth,Fairly Valued,AA,False,False,True,False,,,
Ontology,,,,,83.48,,,,A,False,False,True,False,,,
Onyx Protocol,,,,,86.3,,,,A,False,False,True,False,,,
OpenChat,Social,31.713175130262343,90.31746031746032,88.8888888888889,,,Exceptional Growth,Undervalued,,False,False,True,False,,,
OpenLeverage,Derivative exchanges,0.0,48.285714285714285,45.0,,,Steady Growth,Fairly Valued,,False,False,True,False,,,
OpenOcean,Exchanges (DEX),0.0,49.75973303670746,50.0,,,Steady Growth,Fairly Valued,,False,False,True,False,,,
OpenSea,NFT marketplaces,28.24235782237205,100.0,,,,Exceptional Growth,,,False,False,True,False,,,
Openbook,Exchanges (DEX),0.0,,,,,,,,False,False,True,False,,,
Optimism,Bridges,0.0,75.9647495361781,,92.93,,Strong Growth,,AA,False,False,True,False,,,
Optimism Gateway,Bridges,0.0,75.9647495361781,,,,Strong Growth,,,False,False,True,False,,,
Optopia,Blockchains (L2),0.0,22.25274725274725,45.0,,,Stagnant/Declining,Fairly Valued,,False,False,True,False,,,
Opus,Stablecoin issuers,0.0,40.9375,,,,Slow Growth,,,False,False,True,False,,,
Opyn,Derivative exchanges,0.0,48.63734326018809,52.0,,,Steady Growth,Fairly Valued,,False,False,True,False,,,
Orbiter Finance,Bridges,0.0,,,,,,,,False,False,True,False,,,
Orca,Exchanges (DEX),0.0,93.10344827586206,50.0,75.05,,Exceptional Growth,Fairly Valued,BBB,False,False,True,False,,,
Orderly Network,Derivative exchanges,0.0,80.76066790352505,55.0,,,Exceptional Growth,Fairly Valued,,False,False,True,False,,,
OriginTrail,Stablecoin issuers,41.770573128435935,71.47321428571428,54.12202380952381,70.57,,Strong Growth,Fairly Valued,BB,False,False,True,False,,,"{""name"": ""OriginTrail"", ""sector"": ""Unknown"", ""scores"": {""user_growth"": null, ""growth_category"": null}, ""peers"": [{""name"": ""BENQI Liquid Staked AVAX"", ""scores"": {""user_growth"": null}}, {""name"": ""CoW DAO"", ""scores"": {""user_growth"": null}}, {""name"": ""Entangle"", ""scores"": {""user_growth"": null}}, {""name"": ""Mocaverse"", ""scores"": {""user_growth"": null}}], ""sector_averages"": {""user_growth"": null, ""count"": 0}}"
OriginTrail,,,,,70.57,,,,BB,False,False,True,False,,,"{""name"": ""OriginTrail"", ""sector"": ""Unknown"", ""scores"": {""user_growth"": null, ""growth_category"": null}, ""peers"": [{""name"": ""BENQI Liquid Staked AVAX"", ""scores"": {""user_growth"": null}}, {""name"": ""CoW DAO"", ""scores"": {""user_growth"": null}}, {""name"": ""Entangle"", ""scores"": {""user_growth"": null}}, {""name"": ""Mocaverse"", ""scores"": {""user_growth"": null}}], ""sector_averages"": {""user_growth"": null, ""count"": 0}}"
Osmosis,Exchanges (DEX),0.0,47.34885803851322,34.375,,,Steady Growth,Overvalued,,False,False,True,False,,,
Out,Social,0.0,,,,,,,,False,False,True,False,,,
Overnight,Stablecoin issuers,0.0,,,,,,,,False,False,True,False,,,
Overtake,Gaming,0.0,,,,,,,,False,False,True,False,,,
PACT,Lending,0.0,23.0458089668616,45.0,,,Stagnant/Declining,Fairly Valued,,False,False,True,False,,,
PAX Gold,,,,,93.61,,,,AA,False,False,True,False,,,
PRDT,Prediction markets,0.0,,,,,,,,False,False,True,False,,,
PancakeSwap,Exchanges (DEX),20.610528563344047,99.14772727272728,81.26623376623378,91.84,,Exceptional Growth,Undervalued,AA,False,False,True,False,,,"{""name"": ""PancakeSwap"", ""sector"": ""Exchanges (DEX)"", ""scores"": {""user_growth"": 99.14772727272728, ""growth_category"": ""Exceptional Growth""}, ""peers"": [{""name"": ""0x"", ""scores"": {""user_growth"": 64.69035460275727}}, {""name"": ""1inch Network"", ""scores"": {""user_growth"": 87.7843015808811}}, {""name"": ""Aerodrome Finance"", ""scores"": {""user_growth"": 88.64047173627264}}, {""name"": ""Curve DAO Token"", ""scores"": {""user_growth"": 80.46152922439074}}], ""sector_averages"": {""user_growth"": 52.77, ""count"": 91}}"
Pangolin,Exchanges (DEX),35.80482073590884,56.60579305288705,35.93560606060606,,,Steady Growth,Overvalued,,False,False,True,False,,,
Panora Exchange,Exchanges (DEX),0.0,,,,,,,,False,False,True,False,,,
ParaSwap,Exchanges (DEX),58.46796562852716,44.93453900798868,80.86174242424242,,,Slow Growth,Undervalued,,False,False,True,False,,,
Paradex,Exchanges (DEX),0.0,,,,,,,,False,False,True,False,,,
Paradise Tycoon,Gaming,0.0,,,,,,,,False,False,True,False,,,
ParagonsDAO,Gaming,0.0,11.328976034858387,52.5,,,Stagnant/Declining,Fairly Valued,,False,False,True,False,,,
Parallel,Blockchains (L2),0.0,,,,,,,,False,False,True,False,,,
Particle,Derivative exchanges,0.0,51.73701298701299,52.0,,,Steady Growth,Fairly Valued,,False,False,True,False,,,
Paxos,Stablecoin issuers,0.0,,,,,,,,False,False,True,False,,,
PayPal USD,Stablecoin issuers,0.0,,50.0,89.93,,,Fairly Valued,AA,False,False,True,False,,,
PayPal USD,,,,,89.93,,,,AA,False,False,True,False,,,
Pendle,Derivative exchanges,44.20295270085844,94.4047485765466,51.42857142857143,89.37,,Exceptional Growth,Fairly Valued,AA,False,False,True,False,,,"{""name"": ""Pendle"", ""sector"": ""Derivative exchanges"", ""scores"": {""user_growth"": 94.4047485765466, ""growth_category"": ""Exceptional Growth""}, ""peers"": [{""name"": ""GMX"", ""scores"": {""user_growth"": 95.64567206192824}}, {""name"": ""Synthetix"", ""scores"": {""user_growth"": 80.07145256221611}}, {""name"": ""Drift Protocol"", ""scores"": {""user_growth"": 95.91836734693877}}, {""name"": ""Aevo"", ""scores"": {""user_growth"": 89.37847866419295}}], ""sector_averages"": {""user_growth"": 55.1, ""count"": 55}}"
Pendulum,Blockchains (L2),0.0,22.881456522571504,,,,Stagnant/Declining,,,False,False,True,False,,,
Pepe,,,,,86.58,,,,AA,False,False,True,False,,,
Perpetual Protocol,Derivative exchanges,17.289241196842003,70.24213701938456,37.72916666666667,,,Strong Growth,Overvalued,,False,False,True,False,,,
Phala,Blockchains (L2),0.0,65.98589998851321,,,,Strong Growth,,,False,False,True,False,,,
Pharaoh,Exchanges (DEX),11.785450357889486,57.98437658003843,88.22510822510822,,,Steady Growth,Undervalued,,False,False,True,False,,,
Phoenix,Exchanges (DEX),0.0,,,,,,,,False,False,True,False,,,
Phoenix Bonds,Asset management,0.0,,,,,,,,False,False,True,False,,,
Photon,Derivative exchanges,0.0,,,,,,,,False,False,True,False,,,
Pi,Derivative exchanges,,30.003098810056944,20.9375,62.4,,Slow Growth,Overvalued,B,False,False,True,False,,,
Pichi Finance,Derivative exchanges,0.0,23.60296846011132,45.0,,,Stagnant/Declining,Fairly Valued,,False,False,True,False,,,
Pika Protocol,Derivative exchanges,,30.003098810056944,20.9375,,,Slow Growth,Overvalued,,False,False,True,False,,,
Pixels,Gaming,0.0,64.77124183006535,45.0,,,Steady Growth,Fairly Valued,,False,False,True,False,,,
Pixer,,,,,84.83,,,,A,False,False,True,False,,,
Planet IX,Gaming,0.0,61.66666666666666,55.0,,,Steady Growth,Fairly Valued,,False,False,True,False,,,
PlayEmber,Gaming,0.0,,,,,,,,False,False,True,False,,,
Plume Network,Blockchains (L1),0.0,40.37878787878788,45.0,87.81,,Slow Growth,Fairly Valued,AA,False,False,True,False,,,
Pnut,,,,,70.16,,,,BB,False,False,True,False,,,
Pocket Network,Infrastructure,0.0,39.7872340425532,48.21428571428572,,,Slow Growth,Fairly Valued,,False,False,True,False,,,
Polimec,Blockchains (L2),0.0,31.74589347934295,,,,Slow Growth,,,False,False,True,False,,,
Polkadex,Blockchains (L2),0.0,22.35264735264735,,,,Stagnant/Declining,,,False,False,True,False,,,
Polkadot,Blockchains (L1),29.47191562406533,43.33908279220779,36.82692307692307,84.11,,Slow Growth,Overvalued,A,False,False,True,False,,,"{""name"": ""Polkadot"", ""sector"": ""Blockchains (L1)"", ""scores"": {""user_growth"": 43.33908279220779, ""growth_category"": ""Slow Growth""}, ""peers"": [{""name"": ""Algorand"", ""scores"": {""user_growth"": 57.27272727272727}}, {""name"": ""Aptos"", ""scores"": {""user_growth"": 74.57650162337663}}, {""name"": ""Avalanche"", ""scores"": {""user_growth"": 63.59943977591037}}, {""name"": ""BNB Chain"", ""scores"": {""user_growth"": 94.40882034632034}}], ""sector_averages"": {""user_growth"": 51.53, ""count"": 66}}"
Polter Finance,Lending,0.0,0.0,,,,Stagnant/Declining,,,False,False,True,False,,,
Polygon,Blockchains (L1),44.83821236047309,72.31752795815297,67.28750000000001,,,Strong Growth,Fairly Valued,,False,False,True,False,,,
Polygon zkEVM,Blockchains (L2),0.0,,,,,,,,False,False,True,False,,,
Polymarket,Prediction markets,0.0,100.0,,,,Exceptional Growth,,,False,False,True,False,,,
Polymesh,,,,,81.59,,,,A,False,False,True,False,,,
Polynomial Protocol,Derivative exchanges,0.0,45.94827586206897,,,,Steady Growth,,,False,False,True,False,,,
PoolTogether,Asset management,0.0,49.80014357282502,37.26984126984127,,,Steady Growth,Overvalued,,False,False,True,False,,,
Pragma,Infrastructure,0.0,,,,,,,,False,False,True,False,,,
Predict Fun,Prediction markets,0.0,,,,,,,,False,False,True,False,,,
Premia,Derivative exchanges,0.0,43.760056138442856,40.55555555555556,,,Slow Growth,Fairly Valued,,False,False,True,False,,,
Primex Finance,Exchanges (DEX),0.0,,,,,,,,False,False,True,False,,,
Prisma Finance,Stablecoin issuers,0.0,47.63392857142858,49.99999999999999,,,Steady Growth,Fairly Valued,,False,False,True,False,,,
Privy,Infrastructure,0.0,,,,,,,,False,False,True,False,,,
Prometeus,,,,,76.22,,,,BBB,False,False,True,False,,,
Proof of Play,Blockchains (L3),0.0,,,,,,,,False,False,True,False,,,
Pudgy Penguins,,,,,83.89,,,,A,False,False,True,False,,,
Puffer Finance,Liquid staking,0.0,,,,,,,,False,False,True,False,,,
PumpBTC,Liquid staking,0.0,,,72.64,,,,BBB,False,False,True,False,,,
Pyth Network,Oracles,0.0,,,88.19,,,,AA,False,False,True,False,,,
Qtum,,,,,84.24,,,,A,False,False,True,False,,,
Quant,,,,,77.34,,,,BBB,False,False,True,False,,,
QuestN,Infrastructure,0.0,,,,,,,,False,False,True,False,,,
QuickSwap,Exchanges (DEX),51.750236701783,80.12711935820948,77.10714285714286,,,Exceptional Growth,Undervalued,,False,False,True,False,,,
RARI Chain,Blockchains (L3),0.0,,,,,,,,False,False,True,False,,,
REVOX (ex ReadON),Social,0.0,,,,,,,,False,False,True,False,,,
RSK Smart Bitcoin,,,,,72.3,,,,BBB,False,False,True,False,,,
RabbitHole,Gaming,0.0,,,,,,,,False,False,True,False,,,
RabbitSwap,Exchanges (DEX),0.0,,,,,,,,False,False,True,False,,,
RabbitX,Derivative exchanges,0.0,56.0556586270872,45.0,,,Steady Growth,Fairly Valued,,False,False,True,False,,,
Radiant Capital,Lending,14.170985570883188,51.703216374269005,30.312500000000004,,,Steady Growth,Overvalued,,False,False,True,False,,,
Raft,Stablecoin issuers,0.0,14.999999999999998,48.33333333333333,,,Stagnant/Declining,Fairly Valued,,False,False,True,False,,,
Rain.fi,Lending,0.0,,,,,,,,False,False,True,False,,,
Ramses Exchange,Exchanges (DEX),23.84486766445177,44.565305094886575,63.10876623376623,,,Slow Growth,Fairly Valued,,False,False,True,False,,,
Rarible,NFT marketplaces,36.22271618026297,65.625,51.89285714285715,,,Strong Growth,Fairly Valued,,False,False,True,False,,,
Ravencoin,,,,,73.45,,,,BBB,False,False,True,False,,,
Raydium,Exchanges (DEX),0.0,94.2528735632184,,82.42,,Exceptional Growth,,A,False,False,True,False,,,
ReactorFusion,Lending,0.0,23.39181286549708,55.0,,,Stagnant/Declining,Fairly Valued,,False,False,True,False,,,
Ready Games Network,Gaming,0.0,,,,,,,,False,False,True,False,,,
RealT,Asset management,0.0,46.20967741935484,52.0,,,Steady Growth,Fairly Valued,,False,False,True,False,,,
Rebalance,Asset management,0.0,,,,,,,,False,False,True,False,,,
RedStone,Blockchains (L2),0.0,,,84.93,,,,A,False,False,True,False,,,"{""name"": ""RedStone"", ""sector"": ""Blockchains (L1)"", ""scores"": {""user_growth"": 68.9659090909091, ""growth_category"": ""Strong Growth""}, ""peers"": [{""name"": ""Algorand"", ""scores"": {""user_growth"": 57.27272727272727}}, {""name"": ""Aptos"", ""scores"": {""user_growth"": 74.57650162337663}}, {""name"": ""Avalanche"", ""scores"": {""user_growth"": 63.59943977591037}}, {""name"": ""BNB Chain"", ""scores"": {""user_growth"": 94.40882034632034}}], ""sector_averages"": {""user_growth"": 51.53, ""count"": 66}}"
RedStone,Blockchains (L1),32.063232086680955,68.9659090909091,60.949519230769226,84.93,,Strong Growth,Fairly Valued,A,False,False,True,False,,,"{""name"": ""RedStone"", ""sector"": ""Blockchains (L1)"", ""scores"": {""user_growth"": 68.9659090909091, ""growth_category"": ""Strong Growth""}, ""peers"": [{""name"": ""Algorand"", ""scores"": {""user_growth"": 57.27272727272727}}, {""name"": ""Aptos"", ""scores"": {""user_growth"": 74.57650162337663}}, {""name"": ""Avalanche"", ""scores"": {""user_growth"": 63.59943977591037}}, {""name"": ""BNB Chain"", ""scores"": {""user_growth"": 94.40882034632034}}], ""sector_averages"": {""user_growth"": 51.53, ""count"": 66}}"
Ref Finance,Exchanges (DEX),0.0,43.362068965517246,,,,Slow Growth,,,False,False,True,False,,,
Reflexer,Stablecoin issuers,34.77475120969868,48.30357142857142,60.90476190476192,,,Steady Growth,Fairly Valued,,False,False,True,False,,,
Render Network,Bridges,0.0,45.454545454545446,42.22222222222223,86.28,,Steady Growth,Fairly Valued,A,False,False,True,False,,,"{""name"": ""Render Network"", ""sector"": ""Infrastructure"", ""scores"": {""user_growth"": 91.6969382459782, ""growth_category"": ""Exceptional Growth""}, ""peers"": [{""name"": ""Chainlink"", ""scores"": {""user_growth"": 85.72299651567945}}, {""name"": ""Livepeer"", ""scores"": {""user_growth"": 85.63829787234042}}, {""name"": ""Virtuals Protocol"", ""scores"": {""user_growth"": 91.48936170212764}}, {""name"": ""Kaito"", ""scores"": {""user_growth"": 85.92371562013491}}], ""sector_averages"": {""user_growth"": 53.9, ""count"": 52}}"
Render Network,Infrastructure,0.0,91.6969382459782,55.99999999999999,86.28,,Exceptional Growth,Fairly Valued,A,False,False,True,False,,,"{""name"": ""Render Network"", ""sector"": ""Infrastructure"", ""scores"": {""user_growth"": 91.6969382459782, ""growth_category"": ""Exceptional Growth""}, ""peers"": [{""name"": ""Chainlink"", ""scores"": {""user_growth"": 85.72299651567945}}, {""name"": ""Livepeer"", ""scores"": {""user_growth"": 85.63829787234042}}, {""name"": ""Virtuals Protocol"", ""scores"": {""user_growth"": 91.48936170212764}}, {""name"": ""Kaito"", ""scores"": {""user_growth"": 85.92371562013491}}], ""sector_averages"": {""user_growth"": 53.9, ""count"": 52}}"
Renzo,Liquid staking,0.0,73.07843137254903,55.0,,,Strong Growth,Fairly Valued,,False,False,True,False,,,
ResearchHub,Infrastructure,0.0,36.23248572911261,45.0,,,Slow Growth,Fairly Valued,,False,False,True,False,,,
Reserve Rights,,,,,88.06,,,,AA,False,False,True,False,,,
Reserve Rights,Stablecoin issuers,0.0,,,88.06,,,,AA,False,False,True,False,,,
Reservoir,Infrastructure,0.0,,,,,,,,False,False,True,False,,,
Reservoir.xyz,Stablecoin issuers,0.0,,,,,,,,False,False,True,False,,,
Resolv,Stablecoin issuers,0.0,,,,,,,,False,False,True,False,,,
Revert Finance,Infrastructure,0.0,,,,,,,,False,False,True,False,,,
Reya,Blockchains (L2),0.0,,,,,,,,False,False,True,False,,,
Rhea Finance,Exchanges (DEX),0.0,,,,,,,,False,False,True,False,,,
Rhino.fi,Exchanges (DEX),0.0,6.896551724137932,,,,Stagnant/Declining,,,False,False,True,False,,,
Rho Protocol,Derivative exchanges,0.0,,,,,,,,False,False,True,False,,,
Ribbon Finance,Asset management,40.50989099012236,51.90134714076247,30.505952380952383,,,Steady Growth,Overvalued,,False,False,True,False,,,
Ring Protocol,Exchanges (DEX),0.0,9.775305895439375,45.0,,,Stagnant/Declining,Fairly Valued,,False,False,True,False,,,
Rings,Stablecoin issuers,0.0,,,,,,,,False,False,True,False,,,
Ripple USD,,,,,72.86,,,,BBB,False,False,True,False,,,
Robonomics Network,Blockchains (L2),0.0,45.459268991877686,50.0,,,Steady Growth,Fairly Valued,,False,False,True,False,,,
Robots.Farm,Gaming,0.0,28.73093681917211,50.0,,,Slow Growth,Fairly Valued,,False,False,True,False,,,
Rocket Pool ETH,,,,,85.57,,,,A,False,False,True,False,,,
Rocket Pool ETH,Liquid staking,0.0,52.80024509803921,45.0,85.57,,Steady Growth,Fairly Valued,A,False,False,True,False,,,
Rollbit Coin,,,,,69.86,,,,BB,False,False,True,False,,,
Ronin Network,Blockchains (L1),19.76231383028733,54.890713861302096,44.230769230769226,75.52,,Steady Growth,Fairly Valued,BBB,False,False,True,False,,,"{""name"": ""Ronin Network"", ""sector"": ""Blockchains (L1)"", ""scores"": {""user_growth"": 54.890713861302096, ""growth_category"": ""Steady Growth""}, ""peers"": [{""name"": ""Algorand"", ""scores"": {""user_growth"": 57.27272727272727}}, {""name"": ""Aptos"", ""scores"": {""user_growth"": 74.57650162337663}}, {""name"": ""Avalanche"", ""scores"": {""user_growth"": 63.59943977591037}}, {""name"": ""BNB Chain"", ""scores"": {""user_growth"": 94.40882034632034}}], ""sector_averages"": {""user_growth"": 51.53, ""count"": 66}}"
Rootstock,Blockchains (L2),0.0,,,,,,,,False,False,True,False,,,
Router Protocol,Bridges,0.0,22.5,45.0,,,Stagnant/Declining,Fairly Valued,,False,False,True,False,,,
Rubic,Infrastructure,0.0,31.52698495070057,45.0,,,Slow Growth,Fairly Valued,,False,False,True,False,,,
SKALE,Blockchains (L1),0.0,34.01515151515152,45.0,85.98,,Slow Growth,Fairly Valued,A,False,False,True,False,,,
SPACE ID,Lending,0.0,,,69.99,,,,BB,False,False,True,False,,,
SPACE ID,Infrastructure,0.0,71.54482355993773,55.0,69.99,,Strong Growth,Fairly Valued,BB,False,False,True,False,,,
SPOT Protocol (ex Ampleforth),Stablecoin issuers,0.0,31.428571428571423,45.0,,,Slow Growth,Fairly Valued,,False,False,True,False,,,
SPX6900,,,,,70.25,,,,BB,False,False,True,False,,,
STASIS EURO,,,,,83.57,,,,A,False,False,True,False,,,
STEPN,Gaming,0.0,,,88.08,,,,AA,False,False,True,False,,,
STON.fi,Exchanges (DEX),0.0,32.98850574712644,,,,Slow Growth,,,False,False,True,False,,,
SXP,,,,,90.23,,,,AA,False,False,True,False,,,"{""name"": ""SXP"", ""sector"": ""Prediction markets"", ""scores"": {""user_growth"": 42.1875, ""growth_category"": ""Slow Growth""}, ""peers"": [{""name"": ""Polymarket"", ""scores"": {""user_growth"": 100.0}}, {""name"": ""Shuffle"", ""scores"": {""user_growth"": 80.83333333333334}}, {""name"": ""Azuro"", ""scores"": {""user_growth"": 65.46875}}, {""name"": ""WINR Protocol"", ""scores"": {""user_growth"": 55.0}}], ""sector_averages"": {""user_growth"": 62.53, ""count"": 6}}"
SXP,Prediction markets,0.0,42.1875,80.44444444444446,90.23,,Slow Growth,Undervalued,AA,False,False,True,False,,,"{""name"": ""SXP"", ""sector"": ""Prediction markets"", ""scores"": {""user_growth"": 42.1875, ""growth_category"": ""Slow Growth""}, ""peers"": [{""name"": ""Polymarket"", ""scores"": {""user_growth"": 100.0}}, {""name"": ""Shuffle"", ""scores"": {""user_growth"": 80.83333333333334}}, {""name"": ""Azuro"", ""scores"": {""user_growth"": 65.46875}}, {""name"": ""WINR Protocol"", ""scores"": {""user_growth"": 55.0}}], ""sector_averages"": {""user_growth"": 62.53, ""count"": 6}}"
Safe,Infrastructure,0.0,57.03976388168137,50.0,69.52,,Steady Growth,Fairly Valued,BB,False,False,True,False,,,
SafePal,,,,,91.11,,,,AA,False,False,True,False,,,
Sakai Vault,Derivative exchanges,0.0,49.493506493506494,55.0,,,Steady Growth,Fairly Valued,,False,False,True,False,,,
Sanctum,Liquid staking,0.0,39.41176470588236,,,,Slow Growth,,,False,False,True,False,,,
Sanko,Blockchains (L3),0.0,,,,,,,,False,False,True,False,,,
Saros Finance,,,,,75.98,,,,BBB,False,False,True,False,,,
SatLayer,Liquid staking,0.0,,,,,,,,False,False,True,False,,,
Satori Finance,Derivative exchanges,0.0,,,,,,,,False,False,True,False,,,
Save,Lending,0.0,20.526315789473685,,,,Stagnant/Declining,,,False,False,True,False,,,
Scallop,Lending,0.0,55.0,,,,Steady Growth,,,False,False,True,False,,,
Scroll,Blockchains (L2),0.0,65.94895087490904,,,,Strong Growth,,,False,False,True,False,,,
Seamless Protocol,Lending,37.87502872258241,62.473806042885,42.767857142857146,,,Steady Growth,Fairly Valued,,False,False,True,False,,,
Secret Network,Blockchains (L1),0.0,28.181818181818183,,,,Slow Growth,,,False,False,True,False,,,
Sei Protocol,Blockchains (L1),0.0,56.13636363636363,,90.59,,Steady Growth,,AA,False,False,True,False,,,
Sellix,Infrastructure,0.0,,,,,,,,False,False,True,False,,,
SendingMe,Social,0.0,,,,,,,,False,False,True,False,,,
Seraph,Gaming,0.0,79.52069716775598,55.0,,,Strong Growth,Fairly Valued,,False,False,True,False,,,
Shadow,Exchanges (DEX),0.0,72.51279199110122,50.0,,,Strong Growth,Fairly Valued,,False,False,True,False,,,
Shape,Blockchains (L2),0.0,55.88559814169572,,,,Steady Growth,,,False,False,True,False,,,
ShapeShift,Exchanges (DEX),0.0,61.21245828698554,52.0,,,Steady Growth,Fairly Valued,,False,False,True,False,,,
Shiba Swap,,,,,92.98,,,,AA,False,False,True,False,,,
Shoebill Finance,Lending,20.95127825728343,56.97368421052632,,,,Steady Growth,,,False,False,True,False,,,
Shrapnel,Gaming,0.0,57.04248366013072,50.0,,,Steady Growth,Fairly Valued,,False,False,True,False,,,
Shuffle,Prediction markets,0.0,80.83333333333334,45.0,,,Exceptional Growth,Fairly Valued,,False,False,True,False,,,
Siacoin,,,,,73.82,,,,BBB,False,False,True,False,,,
SideShift,Infrastructure,0.0,15.204981837052411,45.0,,,Stagnant/Declining,Fairly Valued,,False,False,True,False,,,
Silo Finance,Lending,43.02124926877824,45.29605263157895,39.00000000000001,,,Steady Growth,Overvalued,,False,False,True,False,,,
SingSing,Social,0.0,,,,,,,,False,False,True,False,,,
Skip Protocol,Infrastructure,0.0,,,,,,,,False,False,True,False,,,
Sky (formerly MakerDAO),Stablecoin issuers,77.66717859436147,63.81696428571428,45.0,91.99,,Steady Growth,Fairly Valued,AA,False,False,True,False,,,
Sky (formerly MakerDAO),,,,,91.99,,,,AA,False,False,True,False,,,
Slime Revolution,Gaming,0.0,,,,,,,,False,False,True,False,,,
Slingshot,Exchanges (DEX),0.0,,,,,,,,False,False,True,False,,,
SmarDex,Exchanges (DEX),0.0,46.63403781979978,50.0,,,Steady Growth,Fairly Valued,,False,False,True,False,,,
Snek,,,,,61.48,,,,B,False,False,True,False,,,
Socket,Infrastructure,0.0,,,,,,,,False,False,True,False,,,
Sofamon,Social,0.0,,,,,,,,False,False,True,False,,,
Solana,Blockchains (L1),36.12038312840085,96.22273151684917,79.43181818181817,91.78,,Exceptional Growth,Undervalued,AA,False,False,True,False,,,"{""name"": ""Solana"", ""sector"": ""Blockchains (L1)"", ""scores"": {""user_growth"": 96.22273151684917, ""growth_category"": ""Exceptional Growth""}, ""peers"": [{""name"": ""Algorand"", ""scores"": {""user_growth"": 57.27272727272727}}, {""name"": ""Aptos"", ""scores"": {""user_growth"": 74.57650162337663}}, {""name"": ""Avalanche"", ""scores"": {""user_growth"": 63.59943977591037}}, {""name"": ""BNB Chain"", ""scores"": {""user_growth"": 94.40882034632034}}], ""sector_averages"": {""user_growth"": 51.53, ""count"": 66}}"
Solana Swap,,,,,74.1,,,,BBB,False,False,True,False,,,
Solayer,Liquid staking,0.0,100.0,,81.15,,Exceptional Growth,,A,False,False,True,False,,,
SolidLizard,Exchanges (DEX),4.575468576928085,20.327636768126204,32.93560606060606,,,Stagnant/Declining,Overvalued,,False,False,True,False,,,
Sologenic,Exchanges (DEX),0.0,66.63793103448276,,,,Strong Growth,,,False,False,True,False,,,
Solv Protocol,Derivative exchanges,0.0,86.00297485765468,65.09453781512606,,,Exceptional Growth,Fairly Valued,,False,False,True,False,,,
Soneium,Blockchains (L2),0.0,93.61207897793264,,,,Exceptional Growth,,,False,False,True,False,,,
Sonic Labs (prev. Fantom),Blockchains (L1),,60.70600967659791,84.6590909090909,89.26,,Steady Growth,Undervalued,AA,False,False,True,False,,,
Sonic Labs (prev. Fantom),Blockchains (L1),21.674435342567936,32.89152024446142,36.875,89.26,,Slow Growth,Overvalued,AA,False,False,True,False,,,
Sonic Labs (prev. Fantom),,,,,89.26,,,,AA,False,False,True,False,,,
Sophon,Blockchains (L2),0.0,,,,,,,,False,False,True,False,,,
Sorare,Gaming,0.0,,,,,,,,False,False,True,False,,,
Sound.xyz,NFT marketplaces,,20.0,,,,Stagnant/Declining,,,False,False,True,False,,,
Spacebar,Gaming,0.0,,,,,,,,False,False,True,False,,,
Spark Protocol,Lending,0.0,45.13157894736841,,,,Steady Growth,,,False,False,True,False,,,
Spectra,Asset management,0.0,34.39882697947213,45.0,,,Slow Growth,Fairly Valued,,False,False,True,False,,,
Spin,Derivative exchanges,0.0,,,,,,,,False,False,True,False,,,
SpookySwap,Exchanges (DEX),20.87234771202789,48.97434965618364,40.45454545454545,,,Steady Growth,Fairly Valued,,False,False,True,False,,,
Squid,Infrastructure,0.0,,,,,,,,False,False,True,False,,,
StaFi,Liquid staking,0.0,19.352941176470587,,,,Stagnant/Declining,,,False,False,True,False,,,
Stabble,Exchanges (DEX),0.0,,,,,,,,False,False,True,False,,,
Stability,Asset management,0.0,31.21212121212121,,,,Slow Growth,,,False,False,True,False,,,
Stacks,Blockchains (L2),0.0,90.3846153846154,,81.23,,Exceptional Growth,,A,False,False,True,False,,,
Stader ETHx,,,,,64.22,,,,BB,False,False,True,False,,,"{""name"": ""Stader ETHx"", ""sector"": ""Liquid staking"", ""scores"": {""user_growth"": 44.74264705882353, ""growth_category"": ""Slow Growth""}, ""peers"": [{""name"": ""Jito Labs"", ""scores"": {""user_growth"": 92.94117647058825}}, {""name"": ""Lido DAO"", ""scores"": {""user_growth"": 79.24632352941175}}, {""name"": ""Solayer"", ""scores"": {""user_growth"": 100.0}}, {""name"": ""EigenLayer"", ""scores"": {""user_growth"": 87.64705882352942}}], ""sector_averages"": {""user_growth"": 52.75, ""count"": 22}}"
Stader ETHx,Liquid staking,39.25070817974617,44.74264705882353,11.250000000000002,64.22,,Slow Growth,Overvalued,BB,False,False,True,False,,,"{""name"": ""Stader ETHx"", ""sector"": ""Liquid staking"", ""scores"": {""user_growth"": 44.74264705882353, ""growth_category"": ""Slow Growth""}, ""peers"": [{""name"": ""Jito Labs"", ""scores"": {""user_growth"": 92.94117647058825}}, {""name"": ""Lido DAO"", ""scores"": {""user_growth"": 79.24632352941175}}, {""name"": ""Solayer"", ""scores"": {""user_growth"": 100.0}}, {""name"": ""EigenLayer"", ""scores"": {""user_growth"": 87.64705882352942}}], ""sector_averages"": {""user_growth"": 52.75, ""count"": 22}}"
Staika,,,,,86.75,,,,AA,False,False,True,False,,,
Stake DAO,Asset management,0.0,47.4266862170088,50.0,,,Steady Growth,Fairly Valued,,False,False,True,False,,,
Stake.com,Prediction markets,0.0,,,,,,,,False,False,True,False,,,
StakeStone,Liquid staking,0.0,62.5,,,,Steady Growth,,,False,False,True,False,,,
StakeWise,Liquid staking,31.52352037258972,27.604166666666664,72.65625,,,Slow Growth,Undervalued,,False,False,True,False,,,
Star Atlas,Gaming,0.0,67.5,,,,Strong Growth,,,False,False,True,False,,,
Starbase,Exchanges (DEX),0.0,,,,,,,,False,False,True,False,,,
Stargate,Bridges,36.96771721829992,53.22646103896104,33.90625,,,Steady Growth,Overvalued,,False,False,True,False,,,
StarkGate,Bridges,0.0,,,,,,,,False,False,True,False,,,
StarkNet,Blockchains (L2),0.0,74.82779415706244,22.5,85.12,,Strong Growth,Overvalued,A,False,False,True,False,,,"{""name"": ""StarkNet"", ""sector"": ""Blockchains (L2)"", ""scores"": {""user_growth"": 74.82779415706244, ""growth_category"": ""Strong Growth""}, ""peers"": [{""name"": ""Arbitrum"", ""scores"": {""user_growth"": 96.30346290771791}}, {""name"": ""Gravity"", ""scores"": {""user_growth"": 81.36211567178466}}, {""name"": ""Immutable X"", ""scores"": {""user_growth"": 90.02038225560229}}, {""name"": ""Uniswap"", ""scores"": {""user_growth"": 77.58420441347272}}], ""sector_averages"": {""user_growth"": 54.93, ""count"": 66}}"
StarryNift,Gaming,0.0,81.2636165577342,55.0,,,Exceptional Growth,Fairly Valued,,False,False,True,False,,,
Stellar,Blockchains (L1),0.0,75.75757575757575,38.05288461538461,86.48,,Strong Growth,Overvalued,A,False,False,True,False,,,"{""name"": ""Stellar"", ""sector"": ""Blockchains (L1)"", ""scores"": {""user_growth"": 75.75757575757575, ""growth_category"": ""Strong Growth""}, ""peers"": [{""name"": ""Algorand"", ""scores"": {""user_growth"": 57.27272727272727}}, {""name"": ""Aptos"", ""scores"": {""user_growth"": 74.57650162337663}}, {""name"": ""Avalanche"", ""scores"": {""user_growth"": 63.59943977591037}}, {""name"": ""BNB Chain"", ""scores"": {""user_growth"": 94.40882034632034}}], ""sector_averages"": {""user_growth"": 51.53, ""count"": 66}}"
Storj,Infrastructure,0.0,77.19252724442137,55.0,87.44,,Strong Growth,Fairly Valued,AA,False,False,True,False,,,
Story Protocol,,,,,88.12,,,,AA,False,False,True,False,,,
Stride,Liquid staking,0.0,33.529411764705884,60.0,,,Slow Growth,Fairly Valued,,False,False,True,False,,,
Stryke,Derivative exchanges,0.0,36.00371057513915,45.0,,,Slow Growth,Fairly Valued,,False,False,True,False,,,
Subsocial,Blockchains (L2),0.0,14.867902132710494,,,,Stagnant/Declining,,,False,False,True,False,,,
Succinct,Infrastructure,0.0,,,,,,,,False,False,True,False,,,
Sudoswap,NFT marketplaces,5.512477450205861,35.833333333333336,35.0,,,Slow Growth,Overvalued,,False,False,True,False,,,
Sui,Blockchains (L1),0.0,87.87878787878788,40.0,88.49,,Exceptional Growth,Fairly Valued,AA,False,False,True,False,,,
Suilend,Lending,0.0,,,,,,,,False,False,True,False,,,
Sun Swap,Exchanges (DEX),0.0,,,,,,,,False,False,True,False,,,
SunSwap,,,,,81.0,,,,A,False,False,True,False,,,
SunSwap,Exchanges (DEX),0.0,87.20800889877643,55.0,81.0,,Exceptional Growth,Fairly Valued,A,False,False,True,False,,,
Super Champs,Gaming,0.0,,,,,,,,False,False,True,False,,,
SuperSwap,Exchanges (DEX),0.0,,,,,,,,False,False,True,False,,,
SuperVerse,,,,,82.71,,,,A,False,False,True,False,,,
SuperVerse DAO,,,,,75.46,,,,BBB,False,False,True,False,,,
Superform,Asset management,0.0,,,,,,,,False,False,True,False,,,
Superposition,Lending,0.0,,,,,,,,False,False,True,False,,,
Superseed,Blockchains (L2),0.0,46.91347270615563,,,,Steady Growth,,,False,False,True,False,,,
Superstate,Asset management,0.0,,,,,,,,False,False,True,False,,,
Sushiswap,Exchanges (DEX),47.83216668659891,88.87737216435771,49.53125000000001,85.11,,Exceptional Growth,Fairly Valued,A,False,False,True,False,,,"{""name"": ""Sushiswap"", ""sector"": ""Exchanges (DEX)"", ""scores"": {""user_growth"": 88.87737216435771, ""growth_category"": ""Exceptional Growth""}, ""peers"": [{""name"": ""0x"", ""scores"": {""user_growth"": 64.69035460275727}}, {""name"": ""1inch Network"", ""scores"": {""user_growth"": 87.7843015808811}}, {""name"": ""Aerodrome Finance"", ""scores"": {""user_growth"": 88.64047173627264}}, {""name"": ""Curve DAO Token"", ""scores"": {""user_growth"": 80.46152922439074}}], ""sector_averages"": {""user_growth"": 52.77, ""count"": 91}}"
SwapX,Exchanges (DEX),0.0,49.2035595105673,45.0,,,Steady Growth,Fairly Valued,,False,False,True,False,,,
Swarm,Infrastructure,0.0,41.41417698371513,49.642857142857146,,,Slow Growth,Fairly Valued,,False,False,True,False,,,
Sweatcoin,Social,0.0,29.629629629629623,45.0,,,Slow Growth,Fairly Valued,,False,False,True,False,,,
Swell,Liquid staking,0.0,38.36397058823529,50.0,,,Slow Growth,Fairly Valued,,False,False,True,False,,,
Swipe,,,,,89.96,,,,AA,False,False,True,False,,,
SwissBorg,,,,,70.1,,,,BB,False,False,True,False,,,
Switchboard,Infrastructure,0.0,,,,,,,,False,False,True,False,,,
Symbiosis,Exchanges (DEX),0.0,56.37819799777531,45.0,,,Steady Growth,Fairly Valued,,False,False,True,False,,,
Symbiotic,Liquid staking,0.0,80.0,,,,Exceptional Growth,,,False,False,True,False,,,
SynFutures,Derivative exchanges,44.47377406233293,81.21869202226347,72.44047619047619,,,Exceptional Growth,Undervalued,,False,False,True,False,,,
Synapse,Bridges,23.61587787204373,37.82771915584416,62.43750000000001,,,Slow Growth,Fairly Valued,,False,False,True,False,,,
SyncSwap,Exchanges (DEX),19.91686098163186,43.06818181818181,,,,Slow Growth,,,False,False,True,False,,,
Synonym Finance,Lending,0.0,18.971734892787524,45.0,,,Stagnant/Declining,Fairly Valued,,False,False,True,False,,,
Synthetix,Derivative exchanges,30.536112044822108,80.07145256221611,49.49404761904763,83.71,,Exceptional Growth,Fairly Valued,A,False,False,True,False,,,"{""name"": ""Synthetix"", ""sector"": ""Derivative exchanges"", ""scores"": {""user_growth"": 80.07145256221611, ""growth_category"": ""Exceptional Growth""}, ""peers"": [{""name"": ""GMX"", ""scores"": {""user_growth"": 95.64567206192824}}, {""name"": ""Pendle"", ""scores"": {""user_growth"": 94.4047485765466}}, {""name"": ""Drift Protocol"", ""scores"": {""user_growth"": 95.91836734693877}}, {""name"": ""Aevo"", ""scores"": {""user_growth"": 89.37847866419295}}], ""sector_averages"": {""user_growth"": 55.1, ""count"": 55}}"
Synthswap,Exchanges (DEX),0.0,32.35669262143122,55.0,,,Slow Growth,Fairly Valued,,False,False,True,False,,,
THORChain,Exchanges (DEX),0.0,98.85057471264368,55.0,89.75,,Exceptional Growth,Fairly Valued,AA,False,False,True,False,,,
TRON,Blockchains (L1),89.21328539488609,88.24044011544011,93.07692307692308,87.49,,Exceptional Growth,Undervalued,AA,False,False,True,False,,,"{""name"": ""TRON"", ""sector"": ""Blockchains (L1)"", ""scores"": {""user_growth"": 88.24044011544011, ""growth_category"": ""Exceptional Growth""}, ""peers"": [{""name"": ""Algorand"", ""scores"": {""user_growth"": 57.27272727272727}}, {""name"": ""Aptos"", ""scores"": {""user_growth"": 74.57650162337663}}, {""name"": ""Avalanche"", ""scores"": {""user_growth"": 63.59943977591037}}, {""name"": ""BNB Chain"", ""scores"": {""user_growth"": 94.40882034632034}}], ""sector_averages"": {""user_growth"": 51.53, ""count"": 66}}"
Taiko,Blockchains (L2),0.0,58.54037267080746,45.0,,,Steady Growth,Fairly Valued,,False,False,True,False,,,
Talent Protocol,Social,0.0,59.16666666666666,52.0,,,Steady Growth,Fairly Valued,,False,False,True,False,,,
Talis Protocol,NFT marketplaces,0.0,21.11111111111111,,,,Stagnant/Declining,,,False,False,True,False,,,
TapiocaDAO,Stablecoin issuers,0.0,26.666666666666664,52.0,,,Slow Growth,Fairly Valued,,False,False,True,False,,,
Tapos,Gaming,0.0,,,,,,,,False,False,True,False,,,
Telcoin,,,,,85.95,,,,A,False,False,True,False,,,
Term Finance,Lending,0.0,0.0,45.0,,,Stagnant/Declining,Fairly Valued,,False,False,True,False,,,
Term Structure,Blockchains (L2),0.0,,,,,,,,False,False,True,False,,,
Terra Classic,,,,,50.49,,,,CC,False,False,True,False,,,
Terra Classic,Blockchains (L1),0.0,34.2293771043771,29.375,50.49,,Slow Growth,Overvalued,CC,False,False,True,False,,,
Tether,Stablecoin issuers,97.6930345904363,,,83.15,,,,A,False,False,True,False,,,
Tether Gold,,,,,85.1,,,,A,False,False,True,False,,,
Tevi,Social,0.0,,,,,,,,False,False,True,False,,,
Tezos,Blockchains (L1),0.0,38.78787878787879,28.740835777126097,90.36,,Slow Growth,Overvalued,AA,False,False,True,False,,,"{""name"": ""Tezos"", ""sector"": ""Blockchains (L1)"", ""scores"": {""user_growth"": 38.78787878787879, ""growth_category"": ""Slow Growth""}, ""peers"": [{""name"": ""Algorand"", ""scores"": {""user_growth"": 57.27272727272727}}, {""name"": ""Aptos"", ""scores"": {""user_growth"": 74.57650162337663}}, {""name"": ""Avalanche"", ""scores"": {""user_growth"": 63.59943977591037}}, {""name"": ""BNB Chain"", ""scores"": {""user_growth"": 94.40882034632034}}], ""sector_averages"": {""user_growth"": 51.53, ""count"": 66}}"
Thala,Exchanges (DEX),0.0,45.08620689655172,,,,Steady Growth,,,False,False,True,False,,,
Thales,Derivative exchanges,5.54738572289759,57.49369242210991,34.673611111111114,,,Steady Growth,Overvalued,,False,False,True,False,,,
The Arena,Social,0.0,,,,,,,,False,False,True,False,,,
The Graph,Infrastructure,27.46709487715917,66.66858180739862,47.67857142857143,,,Strong Growth,Fairly Valued,,False,False,True,False,,,
The Lost Glitches,Gaming,0.0,,,,,,,,False,False,True,False,,,
The Open Network,,,,,94.7,,,,AAA,False,False,True,False,,,
The Sandbox,,,,,93.89,,,,AA,False,False,True,False,,,
The Standard,Lending,0.0,36.315789473684205,,,,Slow Growth,,,False,False,True,False,,,
Theta Fuel,,,,,73.68,,,,BBB,False,False,True,False,,,
Theta Network,Asset management,0.0,45.625,,93.24,,Steady Growth,,AA,False,False,True,False,,,
Thetanuts,Asset management,0.0,45.625,,,,Steady Growth,,,False,False,True,False,,,
Thetis Market,Exchanges (DEX),0.0,,,,,,,,False,False,True,False,,,
Threshold Network,,,,,88.83,,,,AA,False,False,True,False,,,
Thruster,Exchanges (DEX),20.190706320205766,45.25542901203357,64.78896103896103,,,Steady Growth,Fairly Valued,,False,False,True,False,,,
Time.fun,Social,0.0,,,,,,,,False,False,True,False,,,
Tokemak,Asset management,37.32349428436831,60.27126099706746,54.29017857142858,,,Steady Growth,Fairly Valued,,False,False,True,False,,,
Tokenlon,Exchanges (DEX),62.00461353030645,41.16273974449726,62.05681818181819,,,Slow Growth,Fairly Valued,,False,False,True,False,,,
Tornado Cash,Infrastructure,40.6421287830892,54.8802728148862,72.1875,,,Steady Growth,Undervalued,,False,False,True,False,,,
Toshi,,,,,69.36,,,,BB,False,False,True,False,,,
Toucan Protocol,Infrastructure,0.0,32.22222222222222,,,,Slow Growth,,,False,False,True,False,,,
Trojan,Infrastructure,0.0,,,,,,,,False,False,True,False,,,
TruFin,Liquid staking,0.0,,,,,,,,False,False,True,False,,,
TrueFi,Lending,0.0,43.94554093567252,18.142857142857142,,,Slow Growth,Overvalued,,False,False,True,False,,,
TrueMarkets,Prediction markets,0.0,,,,,,,,False,False,True,False,,,
TrueUSD,Stablecoin issuers,0.0,84.52380952380952,55.0,89.43,,Exceptional Growth,Fairly Valued,AA,False,False,True,False,,,
Trust Wallet,,,,,91.66,,,,AA,False,False,True,False,,,
Turbo,Exchanges (DEX),0.0,53.706896551724135,,76.63,,Steady Growth,,BBB,False,False,True,False,,,
Turbos Finance,Exchanges (DEX),0.0,53.706896551724135,,,,Steady Growth,,,False,False,True,False,,,
Typus Finance,Asset management,0.0,,,,,,,,False,False,True,False,,,
ULTIMA,,,,,78.2,,,,BBB,False,False,True,False,,,
UMA,Infrastructure,0.0,67.77666061235081,52.5,,,Strong Growth,Fairly Valued,,False,False,True,False,,,
USDD (Decentralized USD),,,,,81.88,,,,A,False,False,True,False,,,
UWON Coin,ERC20 Tokens,0.0,0.0,,,,Stagnant/Declining,,,False,False,True,False,,,
UXLINK,Social,0.0,100.0,55.0,84.53,,Exceptional Growth,Fairly Valued,A,False,False,True,False,,,
UXLINK,Blockchains (L2),,85.55942702284166,,84.53,,Exceptional Growth,,A,False,False,True,False,,,
UXUY,Exchanges (DEX),0.0,,,,,,,,False,False,True,False,,,
Ubeswap,Exchanges (DEX),0.0,36.26251390433816,45.0,,,Slow Growth,Fairly Valued,,False,False,True,False,,,
UniDex,Derivative exchanges,0.0,28.181818181818183,45.0,,,Slow Growth,Fairly Valued,,False,False,True,False,,,
Unipilot,Asset management,0.0,42.36391129032258,45.0,,,Slow Growth,Fairly Valued,,False,False,True,False,,,
Unique Network,Blockchains (L2),0.0,30.869452846804755,,,,Slow Growth,,,False,False,True,False,,,
Uniswap,Exchanges (DEX),0.0,98.44734890619208,59.54101562500001,94.28,,Exceptional Growth,Fairly Valued,AAA,False,False,True,False,,,"{""name"": ""Uniswap"", ""sector"": ""Blockchains (L2)"", ""scores"": {""user_growth"": 77.58420441347272, ""growth_category"": ""Strong Growth""}, ""peers"": [{""name"": ""Arbitrum"", ""scores"": {""user_growth"": 96.30346290771791}}, {""name"": ""Gravity"", ""scores"": {""user_growth"": 81.36211567178466}}, {""name"": ""Immutable X"", ""scores"": {""user_growth"": 90.02038225560229}}, {""name"": ""StarkNet"", ""scores"": {""user_growth"": 74.82779415706244}}], ""sector_averages"": {""user_growth"": 54.93, ""count"": 66}}"
Uniswap,Blockchains (L2),,77.58420441347272,,94.28,,Strong Growth,,AAA,False,False,True,False,,,"{""name"": ""Uniswap"", ""sector"": ""Blockchains (L2)"", ""scores"": {""user_growth"": 77.58420441347272, ""growth_category"": ""Strong Growth""}, ""peers"": [{""name"": ""Arbitrum"", ""scores"": {""user_growth"": 96.30346290771791}}, {""name"": ""Gravity"", ""scores"": {""user_growth"": 81.36211567178466}}, {""name"": ""Immutable X"", ""scores"": {""user_growth"": 90.02038225560229}}, {""name"": ""StarkNet"", ""scores"": {""user_growth"": 74.82779415706244}}], ""sector_averages"": {""user_growth"": 54.93, ""count"": 66}}"
Uniswap Labs,Exchanges (DEX),53.83258939454786,90.9090909090909,,,,Exceptional Growth,,,False,False,True,False,,,
Universal,Infrastructure,0.0,,,,,,,,False,False,True,False,,,
Unus Sed Leo,,,,,85.62,,,,A,False,False,True,False,,,
Usual,Stablecoin issuers,22.917172470675563,84.4047619047619,93.60000000000002,,,Exceptional Growth,Undervalued,,False,False,True,False,,,
VVS Finance,,,,,68.45,,,,BB,False,False,True,False,,,
Valeria Games,Gaming,0.0,,,,,,,,False,False,True,False,,,
Vana,Blockchains (L1),0.0,,,85.34,,,,A,False,False,True,False,,,
Vaultka,Derivative exchanges,0.0,33.962894248608535,50.0,,,Slow Growth,Fairly Valued,,False,False,True,False,,,
VeThor Token,,,,,73.5,,,,BBB,False,False,True,False,,,
Veax,Exchanges (DEX),0.0,,,,,,,,False,False,True,False,,,
Vechain,Lending,62.67057362728197,99.07407407407408,70.5859375,92.59,,Exceptional Growth,Undervalued,AA,False,False,True,False,,,"{""name"": ""Vechain"", ""sector"": ""Lending"", ""scores"": {""user_growth"": 99.07407407407408, ""growth_category"": ""Exceptional Growth""}, ""peers"": [{""name"": ""Aave"", ""scores"": {""user_growth"": 99.07407407407408}}, {""name"": ""Compound"", ""scores"": {""user_growth"": 79.99756335282652}}, {""name"": ""Euler"", ""scores"": {""user_growth"": 61.46686159844056}}, {""name"": ""Maple Finance"", ""scores"": {""user_growth"": 63.62573099415204}}], ""sector_averages"": {""user_growth"": 53.35, ""count"": 46}}"
Velodrome,Exchanges (DEX),50.95855686758603,71.53864668655409,71.14935064935065,,,Strong Growth,Undervalued,,False,False,True,False,,,
Venice,Infrastructure,0.0,60.16379086663207,55.0,,,Steady Growth,Fairly Valued,,False,False,True,False,,,
Venom Bridge,,,,,74.11,,,,BBB,False,False,True,False,,,
Venus USDC,,,,,73.26,,,,BBB,False,False,True,False,,,
Venus USDT,,,,,68.62,,,,BB,False,False,True,False,,,"{""name"": ""Venus USDT"", ""sector"": ""Lending"", ""scores"": {""user_growth"": 86.17202729044836, ""growth_category"": ""Exceptional Growth""}, ""peers"": [{""name"": ""Aave"", ""scores"": {""user_growth"": 99.07407407407408}}, {""name"": ""Compound"", ""scores"": {""user_growth"": 79.99756335282652}}, {""name"": ""Euler"", ""scores"": {""user_growth"": 61.46686159844056}}, {""name"": ""Maple Finance"", ""scores"": {""user_growth"": 63.62573099415204}}], ""sector_averages"": {""user_growth"": 53.35, ""count"": 46}}"
Venus USDT,Lending,58.729369995647765,86.17202729044836,84.21875,68.62,,Exceptional Growth,Undervalued,BB,False,False,True,False,,,"{""name"": ""Venus USDT"", ""sector"": ""Lending"", ""scores"": {""user_growth"": 86.17202729044836, ""growth_category"": ""Exceptional Growth""}, ""peers"": [{""name"": ""Aave"", ""scores"": {""user_growth"": 99.07407407407408}}, {""name"": ""Compound"", ""scores"": {""user_growth"": 79.99756335282652}}, {""name"": ""Euler"", ""scores"": {""user_growth"": 61.46686159844056}}, {""name"": ""Maple Finance"", ""scores"": {""user_growth"": 63.62573099415204}}], ""sector_averages"": {""user_growth"": 53.35, ""count"": 46}}"
Vertex,Derivative exchanges,0.0,76.62141737572772,82.52083333333334,,,Strong Growth,Undervalued,,False,False,True,False,,,
Verus,,,,,58.24,,,,B,False,False,True,False,,,
Vesta Finance,Stablecoin issuers,0.0,43.660714285714285,32.85714285714286,,,Slow Growth,Overvalued,,False,False,True,False,,,
VibrantX,Asset management,0.0,,,,,,,,False,False,True,False,,,
Viction,Blockchains (L1),0.0,43.755411255411246,24.94261786600496,,,Slow Growth,Overvalued,,False,False,True,False,,,
Virtuals Protocol,Infrastructure,0.0,91.48936170212764,,80.9,,Exceptional Growth,,A,False,False,True,False,,,
Volmex,Derivative exchanges,,45.94827586206897,,,,Steady Growth,,,False,False,True,False,,,
Voltz,Derivative exchanges,0.0,45.94827586206897,,,,Steady Growth,,,False,False,True,False,,,
WAGMI (ex Popsicle Finance),Exchanges (DEX),0.0,54.51167964404896,45.0,,,Steady Growth,Fairly Valued,,False,False,True,False,,,
WELL3,Social,0.0,56.388888888888886,52.0,,,Steady Growth,Fairly Valued,,False,False,True,False,,,
WETH,,,,,73.33,,,,BBB,False,False,True,False,,,
WINR Protocol,Prediction markets,0.0,55.0,,,,Steady Growth,,,False,False,True,False,,,
WOO Token,Exchanges (DEX),0.0,77.25509825732296,52.0,83.9,,Strong Growth,Fairly Valued,A,False,False,True,False,,,
WOO Token,,,,,83.9,,,,A,False,False,True,False,,,
Walrus,,,,,85.29,,,,A,False,False,True,False,,,
Wapal,NFT marketplaces,0.0,,,,,,,,False,False,True,False,,,
Wasabi,Derivative exchanges,0.0,,,,,,,,False,False,True,False,,,
Waves,,,,,74.12,,,,BBB,False,False,True,False,,,
White Whale,Exchanges (DEX),0.0,,,,,,,,False,False,True,False,,,
WhiteSwap,Exchanges (DEX),0.0,,,,,,,,False,False,True,False,,,
WigoSwap,Infrastructure,0.0,48.59756097560975,50.0,,,Steady Growth,Fairly Valued,,False,False,True,False,,,
Wild Forest,Gaming,0.0,,,,,,,,False,False,True,False,,,
Wombat Exchange,Exchanges (DEX),16.964873845336847,37.895894428152495,28.392045454545457,,,Slow Growth,Overvalued,,False,False,True,False,,,
World Mobile Token,,,,,81.97,,,,A,False,False,True,False,,,
World of Dypians,Gaming,0.0,,,,,,,,False,False,True,False,,,
Worldcoin,Blockchains (L2),0.0,89.51227887965693,47.5,85.19,,Exceptional Growth,Fairly Valued,A,False,False,True,False,,,
Wormhole,Infrastructure,0.0,,,88.52,,,,AA,False,False,True,False,,,
Would,,,,,60.7,,,,B,False,False,True,False,,,
Wrapped AVAX,,,,,79.08,,,,A,False,False,True,False,,,
Wrapped Bitcoin,,,,,85.77,,,,A,False,False,True,False,,,
Wrapped Solana,,,,,74.0,,,,BBB,False,False,True,False,,,
Wrapped TRON,,,,,72.26,,,,BBB,False,False,True,False,,,
X Layer,Blockchains (L2),0.0,,,,,,,,False,False,True,False,,,
X2Y2,NFT marketplaces,39.0952594610098,40.9375,64.62500000000001,,,Slow Growth,Fairly Valued,,False,False,True,False,,,
XAI,Blockchains (L3),4.112146204819793,85.00000000000001,52.0,,,Exceptional Growth,Fairly Valued,,False,False,True,False,,,
XCAD Network,Social,0.0,40.27777777777776,45.0,,,Slow Growth,Fairly Valued,,False,False,True,False,,,
XDC Network,Blockchains (L1),0.0,42.5,,88.35,,Slow Growth,,AA,False,False,True,False,,,
XGamble,Prediction markets,0.0,,,,,,,,False,False,True,False,,,
XOXNO,NFT marketplaces,0.0,20.0,,,,Stagnant/Declining,,,False,False,True,False,,,
XPLA,Blockchains (L1),0.0,28.699494949494948,40.0,,,Slow Growth,Fairly Valued,,False,False,True,False,,,
XRP Ledger,Blockchains (L1),0.0,95.45454545454544,,94.25,,Exceptional Growth,,AAA,False,False,True,False,,,
XRP Ledger,,,,,94.25,,,,AAA,False,False,True,False,,,
XYO,,,,,82.93,,,,A,False,False,True,False,,,
XYO,Bridges,0.0,35.0,50.0,82.93,,Slow Growth,Fairly Valued,A,False,False,True,False,,,
YOLO Games,Gaming,0.0,39.7875816993464,52.0,,,Slow Growth,Fairly Valued,,False,False,True,False,,,
Yearn Finance,Asset management,0.0,96.2854349951124,55.0,70.16,,Exceptional Growth,Fairly Valued,BB,False,False,True,False,,,
Yield Guild Games,Gaming,0.0,79.79847494553377,50.99999999999999,,,Strong Growth,Fairly Valued,,False,False,True,False,,,
ZKEX,Exchanges (DEX),0.0,,,,,,,,False,False,True,False,,,
ZKFair,Blockchains (L2),0.0,52.11538461538461,,,,Steady Growth,,,False,False,True,False,,,
ZKNation,,,,,78.95,,,,BBB,False,False,True,False,,,
ZKNation,Lending,0.0,,,78.95,,,,BBB,False,False,True,False,,,
ZKX,Derivative exchanges,0.0,20.890538033395178,45.0,,,Stagnant/Declining,Fairly Valued,,False,False,True,False,,,
ZNS Connect Name Service,Infrastructure,0.0,,,,,,,,False,False,True,False,,,
Zcash,Blockchains (L1),0.0,62.95454545454546,88.1281017369727,87.68,,Steady Growth,Undervalued,AA,False,False,True,False,,,"{""name"": ""Zcash"", ""sector"": ""Blockchains (L1)"", ""scores"": {""user_growth"": 62.95454545454546, ""growth_category"": ""Steady Growth""}, ""peers"": [{""name"": ""Algorand"", ""scores"": {""user_growth"": 57.27272727272727}}, {""name"": ""Aptos"", ""scores"": {""user_growth"": 74.57650162337663}}, {""name"": ""Avalanche"", ""scores"": {""user_growth"": 63.59943977591037}}, {""name"": ""BNB Chain"", ""scores"": {""user_growth"": 94.40882034632034}}], ""sector_averages"": {""user_growth"": 51.53, ""count"": 66}}"
Zeebu Protocol,,,,,83.39,,,,A,False,False,True,False,,,
Zeitgeist,Blockchains (L2),0.0,17.00908412145346,,,,Stagnant/Declining,,,False,False,True,False,,,
Zerion,Infrastructure,35.11925409569828,77.77777777777779,50.0,,,Strong Growth,Fairly Valued,,False,False,True,False,,,
ZeroLend,Lending,0.0,57.25563909774437,68.66666666666667,,,Steady Growth,Fairly Valued,,False,False,True,False,,,
Zeta Markets,Derivative exchanges,0.0,66.4795918367347,,,,Strong Growth,,,False,False,True,False,,,
ZetaChain,Blockchains (L1),0.0,58.4090909090909,,89.73,,Steady Growth,,AA,False,False,True,False,,,
Zeus Network,,,,,75.97,,,,BBB,False,False,True,False,,,
Zignaly,,,,,85.6,,,,A,False,False,True,False,,,
Zilliqa,,,,,83.27,,,,A,False,False,True,False,,,
Zircuit,Blockchains (L2),0.0,78.14077227120704,45.0,,,Strong Growth,Fairly Valued,,False,False,True,False,,,
Zora,NFT marketplaces,12.76051336616128,80.0,,,,Exceptional Growth,,,False,False,True,False,,,
Zyberswap,Exchanges (DEX),14.20027212765285,30.674507870698083,55.30539772727272,,,Slow Growth,Fairly Valued,,False,False,True,False,,,
Zyfi,Infrastructure,0.0,,,,,,,,False,False,True,False,,,
aelf,,,,,70.92,,,,BB,False,False,True,False,,,
briq,Infrastructure,0.0,,,,,,,,False,False,True,False,,,
cat in a dogs world,,,,,67.78,,,,BB,False,False,True,False,,,
dForce,Lending,0.0,78.06042884990252,56.66666666666666,,,Strong Growth,Fairly Valued,,False,False,True,False,,,
dHedge,Asset management,0.0,47.79325513196481,45.0,,,Steady Growth,Fairly Valued,,False,False,True,False,,,
dYdX,Derivative exchanges,0.0,84.93506493506493,37.85714285714286,,,Exceptional Growth,Overvalued,,False,False,True,False,,,
deBridge,Interoperability,34.073654235107256,0.0,,,,Stagnant/Declining,,,False,False,True,False,,,
deBridge DLN,Bridges,42.24018962723634,28.571428571428573,,,,Slow Growth,,,False,False,True,False,,,
defi.money,Stablecoin issuers,0.0,,,,,,,,False,False,True,False,,,
dogwifhat,,,,,78.84,,,,BBB,False,False,True,False,,,
eCash,,,,,73.95,,,,BBB,False,False,True,False,,,
friend.tech,Social,0.795246210771698,48.4567901234568,11.111111111111112,,,Steady Growth,Overvalued,,False,False,True,False,,,
iZUMi Finance,Exchanges (DEX),0.0,50.94994438264739,45.0,,,Steady Growth,Fairly Valued,,False,False,True,False,,,
inkySwap,Exchanges (DEX),0.0,,,,,,,,False,False,True,False,,,
karpatkey,Infrastructure,0.0,,,,,,,,False,False,True,False,,,
mETH Protocol,,,,,77.48,,,,BBB,False,False,True,False,,,
marginfi,Lending,0.0,,,,,,,,False,False,True,False,,,
nftperp,Derivative exchanges,0.0,,,,,,,,False,False,True,False,,,
peaq,Blockchains (L1),0.0,29.149477973007382,,,,Slow Growth,,,False,False,True,False,,,
pods.media,Social,0.0,,,,,,,,False,False,True,False,,,
pump.fun,Exchanges (DEX),0.0,,,,,,,,False,False,True,False,,,
re.al,Blockchains (L2),0.0,11.538461538461538,,,,Stagnant/Declining,,,False,False,True,False,,,
unshETH,Asset management,0.0,5.225806451612904,45.0,,,Stagnant/Declining,Fairly Valued,,False,False,True,False,,,
usdx.money,Stablecoin issuers,0.0,,,,,,,,False,False,True,False,,,
vfat.io,Asset management,0.0,,,,,,,,False,False,True,False,,,
xExchange,Exchanges (DEX),0.0,41.63793103448276,27.5,,,Slow Growth,Overvalued,,False,False,True,False,,,
xNINJA,Social,0.0,0.0,,,,Stagnant/Declining,,,False,False,True,False,,,
yearn.finance,Asset management,0.0,96.2854349951124,55.0,,,Exceptional Growth,Fairly Valued,,False,False,True,False,,,
zkDX,Derivative exchanges,0.0,26.82235621521336,50.0,,,Slow Growth,Fairly Valued,,False,False,True,False,,,
zkLend,Lending,0.0,41.62158869395712,45.0,,,Slow Growth,Fairly Valued,,False,False,True,False,,,
zkMe,Infrastructure,0.0,,,,,,,,False,False,True,False,,,
zkSwap Finance,Exchanges (DEX),0.0,48.15270935960592,49.99999999999999,,,Steady Growth,Fairly Valued,,False,False,True,False,,,
zkSync,Blockchains (L2),37.3280384228913,76.67636131763253,37.21840659340659,85.15,,Strong Growth,Overvalued,A,False,False,True,False,,,"{""name"": ""zkSync"", ""sector"": ""Blockchains (L2)"", ""scores"": {""user_growth"": 76.67636131763253, ""growth_category"": ""Strong Growth""}, ""peers"": [{""name"": ""Arbitrum"", ""scores"": {""user_growth"": 96.30346290771791}}, {""name"": ""Gravity"", ""scores"": {""user_growth"": 81.36211567178466}}, {""name"": ""Immutable X"", ""scores"": {""user_growth"": 90.02038225560229}}, {""name"": ""StarkNet"", ""scores"": {""user_growth"": 74.82779415706244}}], ""sector_averages"": {""user_growth"": 54.93, ""count"": 66}}"
zkSync Era,Blockchains (L2),37.3280384228913,76.67636131763253,37.21840659340659,,,Strong Growth,Overvalued,,False,False,True,False,,,
zkSync Era Bridge,Bridges,0.0,59.07235621521336,,,,Steady Growth,,,False,False,True,False,,,
zkSync Lite,Blockchains (L2),0.0,,,,,,,,False,False,True,False,,,
