Project,Market Sector,User Growth Score,Growth Category,Explanation
Tether,Stablecoin issuers,,,"Project 'Tether' in the 'Stablecoin issuers' sector has an overall User Growth Score of nan, categorized as 'None'.
The score is based on the following weighted metrics:
  - Active Users: nan (Weight: 0.20)
  - Transaction Volume: nan (Weight: 0.40)
  - Transaction Count: nan (Weight: 0.20)
  - User Growth: nan (Weight: 0.20)"
Tron,Blockchains (L1),88.24044011544011,Exceptional Growth,"Project 'Tron' in the 'Blockchains (L1)' sector has an overall User Growth Score of 88.24, categorized as 'Exceptional Growth'.
The score is based on the following weighted metrics:
  - Active Users: 92.59 (Weight: 0.30)
  - Transaction Volume: 86.36 (Weight: 0.30)
  - Transaction Count: 85.71 (Weight: 0.25)
  - User Growth: 87.50 (Weight: 0.15)"
Circle,Stablecoin issuers,,,"Project 'Circle' in the 'Stablecoin issuers' sector has an overall User Growth Score of nan, categorized as 'None'.
The score is based on the following weighted metrics:
  - Active Users: nan (Weight: 0.20)
  - Transaction Volume: nan (Weight: 0.40)
  - Transaction Count: nan (Weight: 0.20)
  - User Growth: nan (Weight: 0.20)"
Uniswap,Exchanges (DEX),98.44734890619209,Exceptional Growth,"Project 'Uniswap' in the 'Exchanges (DEX)' sector has an overall User Growth Score of 98.45, categorized as 'Exceptional Growth'.
The score is based on the following weighted metrics:
  - Active Users: 100.00 (Weight: 0.30)
  - Transaction Volume: 97.70 (Weight: 0.40)
  - Transaction Count: nan (Weight: 0.20)
  - User Growth: 96.77 (Weight: 0.10)"
Lido Finance,Liquid staking,79.24632352941175,Strong Growth,"Project 'Lido Finance' in the 'Liquid staking' sector has an overall User Growth Score of 79.25, categorized as 'Strong Growth'.
The score is based on the following weighted metrics:
  - Active Users: 93.33 (Weight: 0.30)
  - Transaction Volume: 88.24 (Weight: 0.20)
  - User Growth: 59.17 (Weight: 0.30)
  - Transaction Count: nan (Weight: 0.20)"
Aave,Lending,99.07407407407409,Exceptional Growth,"Project 'Aave' in the 'Lending' sector has an overall User Growth Score of 99.07, categorized as 'Exceptional Growth'.
The score is based on the following weighted metrics:
  - Active Users: 100.00 (Weight: 0.40)
  - Transaction Volume: 100.00 (Weight: 0.30)
  - Transaction Count: nan (Weight: 0.20)
  - User Growth: 92.59 (Weight: 0.10)"
PancakeSwap,Exchanges (DEX),99.14772727272728,Exceptional Growth,"Project 'PancakeSwap' in the 'Exchanges (DEX)' sector has an overall User Growth Score of 99.15, categorized as 'Exceptional Growth'.
The score is based on the following weighted metrics:
  - Active Users: 97.73 (Weight: 0.30)
  - Transaction Volume: 100.00 (Weight: 0.40)
  - Transaction Count: nan (Weight: 0.20)
  - User Growth: 100.00 (Weight: 0.10)"
Jito,Liquid staking,92.94117647058823,Exceptional Growth,"Project 'Jito' in the 'Liquid staking' sector has an overall User Growth Score of 92.94, categorized as 'Exceptional Growth'.
The score is based on the following weighted metrics:
  - Active Users: 100.00 (Weight: 0.30)
  - Transaction Volume: 82.35 (Weight: 0.20)
  - User Growth: nan (Weight: 0.30)
  - Transaction Count: nan (Weight: 0.20)"
Flashbots,Infrastructure,50.83333333333333,Steady Growth,"Project 'Flashbots' in the 'Infrastructure' sector has an overall User Growth Score of 50.83, categorized as 'Steady Growth'.
The score is based on the following weighted metrics:
  - Active Users: 50.83 (Weight: 0.30)
  - Transaction Volume: nan (Weight: 0.30)
  - Transaction Count: nan (Weight: 0.30)
  - User Growth: nan (Weight: 0.10)"
Solana,Blockchains (L1),96.22273151684917,Exceptional Growth,"Project 'Solana' in the 'Blockchains (L1)' sector has an overall User Growth Score of 96.22, categorized as 'Exceptional Growth'.
The score is based on the following weighted metrics:
  - Active Users: 96.30 (Weight: 0.30)
  - Transaction Volume: 96.97 (Weight: 0.30)
  - Transaction Count: 95.24 (Weight: 0.25)
  - User Growth: nan (Weight: 0.15)"
Ethereum,Blockchains (L1),80.74585137085137,Exceptional Growth,"Project 'Ethereum' in the 'Blockchains (L1)' sector has an overall User Growth Score of 80.75, categorized as 'Exceptional Growth'.
The score is based on the following weighted metrics:
  - Active Users: 70.37 (Weight: 0.30)
  - Transaction Volume: 98.48 (Weight: 0.30)
  - Transaction Count: 60.36 (Weight: 0.25)
  - User Growth: 100.00 (Weight: 0.15)"
Sky,Stablecoin issuers,63.81696428571428,Steady Growth,"Project 'Sky' in the 'Stablecoin issuers' sector has an overall User Growth Score of 63.82, categorized as 'Steady Growth'.
The score is based on the following weighted metrics:
  - Active Users: 85.71 (Weight: 0.20)
  - Transaction Volume: 69.06 (Weight: 0.40)
  - Transaction Count: nan (Weight: 0.20)
  - User Growth: 31.43 (Weight: 0.20)"
BNB Chain,Blockchains (L1),94.40882034632034,Exceptional Growth,"Project 'BNB Chain' in the 'Blockchains (L1)' sector has an overall User Growth Score of 94.41, categorized as 'Exceptional Growth'.
The score is based on the following weighted metrics:
  - Active Users: 100.00 (Weight: 0.30)
  - Transaction Volume: 92.42 (Weight: 0.30)
  - Transaction Count: 90.48 (Weight: 0.25)
  - User Growth: 93.75 (Weight: 0.15)"
Ethena,Stablecoin issuers,85.625,Exceptional Growth,"Project 'Ethena' in the 'Stablecoin issuers' sector has an overall User Growth Score of 85.62, categorized as 'Exceptional Growth'.
The score is based on the following weighted metrics:
  - Active Users: 49.64 (Weight: 0.20)
  - Transaction Volume: 100.00 (Weight: 0.40)
  - Transaction Count: nan (Weight: 0.20)
  - User Growth: 92.86 (Weight: 0.20)"
Bitcoin,Blockchains (L1),73.61458333333334,Strong Growth,"Project 'Bitcoin' in the 'Blockchains (L1)' sector has an overall User Growth Score of 73.61, categorized as 'Strong Growth'.
The score is based on the following weighted metrics:
  - Active Users: 77.78 (Weight: 0.30)
  - Transaction Volume: 100.00 (Weight: 0.30)
  - Transaction Count: 42.50 (Weight: 0.25)
  - User Growth: 64.38 (Weight: 0.15)"
Aerodrome,Exchanges (DEX),88.64047173627264,Exceptional Growth,"Project 'Aerodrome' in the 'Exchanges (DEX)' sector has an overall User Growth Score of 88.64, categorized as 'Exceptional Growth'.
The score is based on the following weighted metrics:
  - Active Users: 88.64 (Weight: 0.30)
  - Transaction Volume: 86.21 (Weight: 0.40)
  - Transaction Count: nan (Weight: 0.20)
  - User Growth: 98.39 (Weight: 0.10)"
Morpho,Lending,81.08004385964914,Exceptional Growth,"Project 'Morpho' in the 'Lending' sector has an overall User Growth Score of 81.08, categorized as 'Exceptional Growth'.
The score is based on the following weighted metrics:
  - Active Users: 84.21 (Weight: 0.40)
  - Transaction Volume: 84.21 (Weight: 0.30)
  - Transaction Count: nan (Weight: 0.20)
  - User Growth: 59.17 (Weight: 0.10)"
Fluid,Lending,74.63084795321639,Strong Growth,"Project 'Fluid' in the 'Lending' sector has an overall User Growth Score of 74.63, categorized as 'Strong Growth'.
The score is based on the following weighted metrics:
  - Active Users: 89.47 (Weight: 0.40)
  - Transaction Volume: 60.92 (Weight: 0.30)
  - Transaction Count: nan (Weight: 0.20)
  - User Growth: 56.39 (Weight: 0.10)"
Venus,Lending,86.17202729044836,Exceptional Growth,"Project 'Venus' in the 'Lending' sector has an overall User Growth Score of 86.17, categorized as 'Exceptional Growth'.
The score is based on the following weighted metrics:
  - Active Users: 94.74 (Weight: 0.40)
  - Transaction Volume: 76.32 (Weight: 0.30)
  - Transaction Count: nan (Weight: 0.20)
  - User Growth: 81.48 (Weight: 0.10)"
Base,Blockchains (L2),100.00000000000001,Exceptional Growth,"Project 'Base' in the 'Blockchains (L2)' sector has an overall User Growth Score of 100.00, categorized as 'Exceptional Growth'.
The score is based on the following weighted metrics:
  - Active Users: 100.00 (Weight: 0.30)
  - Transaction Volume: nan (Weight: 0.25)
  - Bridge Volume: nan (Weight: 0.20)
  - Transaction Count: 100.00 (Weight: 0.15)
  - User Growth: nan (Weight: 0.10)"
GMX,Derivative exchanges,95.64567206192824,Exceptional Growth,"Project 'GMX' in the 'Derivative exchanges' sector has an overall User Growth Score of 95.65, categorized as 'Exceptional Growth'.
The score is based on the following weighted metrics:
  - Active Users: 96.55 (Weight: 0.30)
  - Transaction Volume: 93.88 (Weight: 0.40)
  - Transaction Count: nan (Weight: 0.20)
  - User Growth: 100.00 (Weight: 0.10)"
Uniswap Labs,Exchanges (DEX),90.9090909090909,Exceptional Growth,"Project 'Uniswap Labs' in the 'Exchanges (DEX)' sector has an overall User Growth Score of 90.91, categorized as 'Exceptional Growth'.
The score is based on the following weighted metrics:
  - Active Users: 90.91 (Weight: 0.30)
  - Transaction Volume: nan (Weight: 0.40)
  - Transaction Count: nan (Weight: 0.20)
  - User Growth: nan (Weight: 0.10)"
Convex Finance,Asset management,94.95356793743892,Exceptional Growth,"Project 'Convex Finance' in the 'Asset management' sector has an overall User Growth Score of 94.95, categorized as 'Exceptional Growth'.
The score is based on the following weighted metrics:
  - Active Users: 100.00 (Weight: 0.30)
  - Transaction Volume: 93.94 (Weight: 0.40)
  - Transaction Count: nan (Weight: 0.20)
  - User Growth: 83.87 (Weight: 0.10)"
Curve,Exchanges (DEX),80.46152922439074,Exceptional Growth,"Project 'Curve' in the 'Exchanges (DEX)' sector has an overall User Growth Score of 80.46, categorized as 'Exceptional Growth'.
The score is based on the following weighted metrics:
  - Active Users: 58.41 (Weight: 0.30)
  - Transaction Volume: 96.55 (Weight: 0.40)
  - Transaction Count: nan (Weight: 0.20)
  - User Growth: 82.26 (Weight: 0.10)"
Compound,Lending,79.99756335282652,Strong Growth,"Project 'Compound' in the 'Lending' sector has an overall User Growth Score of 80.00, categorized as 'Strong Growth'.
The score is based on the following weighted metrics:
  - Active Users: 64.87 (Weight: 0.40)
  - Transaction Volume: 94.74 (Weight: 0.30)
  - Transaction Count: nan (Weight: 0.20)
  - User Growth: 96.30 (Weight: 0.10)"
Usual,Stablecoin issuers,84.4047619047619,Exceptional Growth,"Project 'Usual' in the 'Stablecoin issuers' sector has an overall User Growth Score of 84.40, categorized as 'Exceptional Growth'.
The score is based on the following weighted metrics:
  - Active Users: nan (Weight: 0.20)
  - Transaction Volume: 93.75 (Weight: 0.40)
  - Transaction Count: nan (Weight: 0.20)
  - User Growth: 65.71 (Weight: 0.20)"
Thena,Exchanges (DEX),80.8611946775879,Exceptional Growth,"Project 'Thena' in the 'Exchanges (DEX)' sector has an overall User Growth Score of 80.86, categorized as 'Exceptional Growth'.
The score is based on the following weighted metrics:
  - Active Users: 77.27 (Weight: 0.30)
  - Transaction Volume: 88.51 (Weight: 0.40)
  - Transaction Count: nan (Weight: 0.20)
  - User Growth: 61.05 (Weight: 0.10)"
LFJ,Exchanges (DEX),76.7520519432366,Strong Growth,"Project 'LFJ' in the 'Exchanges (DEX)' sector has an overall User Growth Score of 76.75, categorized as 'Strong Growth'.
The score is based on the following weighted metrics:
  - Active Users: 79.55 (Weight: 0.30)
  - Transaction Volume: 71.26 (Weight: 0.40)
  - Transaction Count: nan (Weight: 0.20)
  - User Growth: 90.32 (Weight: 0.10)"
Euler,Lending,61.46686159844056,Steady Growth,"Project 'Euler' in the 'Lending' sector has an overall User Growth Score of 61.47, categorized as 'Steady Growth'.
The score is based on the following weighted metrics:
  - Active Users: 68.82 (Weight: 0.40)
  - Transaction Volume: 58.95 (Weight: 0.30)
  - Transaction Count: nan (Weight: 0.20)
  - User Growth: 39.63 (Weight: 0.10)"
Maple Finance,Lending,63.62573099415204,Steady Growth,"Project 'Maple Finance' in the 'Lending' sector has an overall User Growth Score of 63.63, categorized as 'Steady Growth'.
The score is based on the following weighted metrics:
  - Active Users: nan (Weight: 0.40)
  - Transaction Volume: 68.82 (Weight: 0.30)
  - Transaction Count: nan (Weight: 0.20)
  - User Growth: 48.06 (Weight: 0.10)"
Pharaoh,Exchanges (DEX),57.98437658003843,Steady Growth,"Project 'Pharaoh' in the 'Exchanges (DEX)' sector has an overall User Growth Score of 57.98, categorized as 'Steady Growth'.
The score is based on the following weighted metrics:
  - Active Users: 61.82 (Weight: 0.30)
  - Transaction Volume: 58.88 (Weight: 0.40)
  - Transaction Count: nan (Weight: 0.20)
  - User Growth: 42.90 (Weight: 0.10)"
SynFutures,Derivative exchanges,81.21869202226347,Exceptional Growth,"Project 'SynFutures' in the 'Derivative exchanges' sector has an overall User Growth Score of 81.22, categorized as 'Exceptional Growth'.
The score is based on the following weighted metrics:
  - Active Users: 100.00 (Weight: 0.30)
  - Transaction Volume: 77.55 (Weight: 0.40)
  - Transaction Count: nan (Weight: 0.20)
  - User Growth: 39.55 (Weight: 0.10)"
Arbitrum One,Blockchains (L2),96.30346290771793,Exceptional Growth,"Project 'Arbitrum One' in the 'Blockchains (L2)' sector has an overall User Growth Score of 96.30, categorized as 'Exceptional Growth'.
The score is based on the following weighted metrics:
  - Active Users: 97.62 (Weight: 0.30)
  - Transaction Volume: 94.23 (Weight: 0.25)
  - Bridge Volume: nan (Weight: 0.20)
  - Transaction Count: 97.56 (Weight: 0.15)
  - User Growth: 95.65 (Weight: 0.10)"
Internet Computer,Blockchains (L1),74.21487603305783,Strong Growth,"Project 'Internet Computer' in the 'Blockchains (L1)' sector has an overall User Growth Score of 74.21, categorized as 'Strong Growth'.
The score is based on the following weighted metrics:
  - Active Users: nan (Weight: 0.30)
  - Transaction Volume: 52.73 (Weight: 0.30)
  - Transaction Count: 100.00 (Weight: 0.25)
  - User Growth: nan (Weight: 0.15)"
QuickSwap,Exchanges (DEX),80.12711935820948,Exceptional Growth,"Project 'QuickSwap' in the 'Exchanges (DEX)' sector has an overall User Growth Score of 80.13, categorized as 'Exceptional Growth'.
The score is based on the following weighted metrics:
  - Active Users: 95.45 (Weight: 0.30)
  - Transaction Volume: 70.11 (Weight: 0.40)
  - Transaction Count: nan (Weight: 0.20)
  - User Growth: 74.19 (Weight: 0.10)"
Solv Protocol,Derivative exchanges,86.00297485765468,Exceptional Growth,"Project 'Solv Protocol' in the 'Derivative exchanges' sector has an overall User Growth Score of 86.00, categorized as 'Exceptional Growth'.
The score is based on the following weighted metrics:
  - Active Users: 79.31 (Weight: 0.30)
  - Transaction Volume: 89.80 (Weight: 0.40)
  - Transaction Count: nan (Weight: 0.20)
  - User Growth: 90.91 (Weight: 0.10)"
OpenSea,NFT marketplaces,100.0,Exceptional Growth,"Project 'OpenSea' in the 'NFT marketplaces' sector has an overall User Growth Score of 100.00, categorized as 'Exceptional Growth'.
The score is based on the following weighted metrics:
  - Active Users: 100.00 (Weight: 0.40)
  - Transaction Volume: nan (Weight: 0.30)
  - Transaction Count: nan (Weight: 0.20)
  - User Growth: nan (Weight: 0.10)"
OP Mainnet,Blockchains (L2),89.78010324775966,Exceptional Growth,"Project 'OP Mainnet' in the 'Blockchains (L2)' sector has an overall User Growth Score of 89.78, categorized as 'Exceptional Growth'.
The score is based on the following weighted metrics:
  - Active Users: 85.71 (Weight: 0.30)
  - Transaction Volume: 92.31 (Weight: 0.25)
  - Bridge Volume: nan (Weight: 0.20)
  - Transaction Count: 92.68 (Weight: 0.15)
  - User Growth: 91.30 (Weight: 0.10)"
ParaSwap,Exchanges (DEX),44.934539007988676,Slow Growth,"Project 'ParaSwap' in the 'Exchanges (DEX)' sector has an overall User Growth Score of 44.93, categorized as 'Slow Growth'.
The score is based on the following weighted metrics:
  - Active Users: 46.48 (Weight: 0.30)
  - Transaction Volume: 47.67 (Weight: 0.40)
  - Transaction Count: nan (Weight: 0.20)
  - User Growth: 29.35 (Weight: 0.10)"
Velodrome,Exchanges (DEX),71.53864668655409,Strong Growth,"Project 'Velodrome' in the 'Exchanges (DEX)' sector has an overall User Growth Score of 71.54, categorized as 'Strong Growth'.
The score is based on the following weighted metrics:
  - Active Users: 66.93 (Weight: 0.30)
  - Transaction Volume: 77.01 (Weight: 0.40)
  - Transaction Count: nan (Weight: 0.20)
  - User Growth: 63.47 (Weight: 0.10)"
BENQI Liquid Staking,Liquid staking,57.5,Steady Growth,"Project 'BENQI Liquid Staking' in the 'Liquid staking' sector has an overall User Growth Score of 57.50, categorized as 'Steady Growth'.
The score is based on the following weighted metrics:
  - Active Users: 57.50 (Weight: 0.30)
  - Transaction Volume: nan (Weight: 0.20)
  - User Growth: nan (Weight: 0.30)
  - Transaction Count: nan (Weight: 0.20)"
SushiSwap,Exchanges (DEX),88.87737216435771,Exceptional Growth,"Project 'SushiSwap' in the 'Exchanges (DEX)' sector has an overall User Growth Score of 88.88, categorized as 'Exceptional Growth'.
The score is based on the following weighted metrics:
  - Active Users: 86.36 (Weight: 0.30)
  - Transaction Volume: 90.80 (Weight: 0.40)
  - Transaction Count: nan (Weight: 0.20)
  - User Growth: 88.71 (Weight: 0.10)"
Vertex,Derivative exchanges,76.62141737572772,Strong Growth,"Project 'Vertex' in the 'Derivative exchanges' sector has an overall User Growth Score of 76.62, categorized as 'Strong Growth'.
The score is based on the following weighted metrics:
  - Active Users: 86.21 (Weight: 0.30)
  - Transaction Volume: 71.43 (Weight: 0.40)
  - Transaction Count: nan (Weight: 0.20)
  - User Growth: 68.64 (Weight: 0.10)"
StakeWise,Liquid staking,27.604166666666664,Slow Growth,"Project 'StakeWise' in the 'Liquid staking' sector has an overall User Growth Score of 27.60, categorized as 'Slow Growth'.
The score is based on the following weighted metrics:
  - Active Users: 52.50 (Weight: 0.30)
  - Transaction Volume: 0.00 (Weight: 0.20)
  - User Growth: 21.11 (Weight: 0.30)
  - Transaction Count: nan (Weight: 0.20)"
Moonwell,Lending,75.56390977443608,Strong Growth,"Project 'Moonwell' in the 'Lending' sector has an overall User Growth Score of 75.56, categorized as 'Strong Growth'.
The score is based on the following weighted metrics:
  - Active Users: 78.95 (Weight: 0.40)
  - Transaction Volume: 71.05 (Weight: 0.30)
  - Transaction Count: nan (Weight: 0.20)
  - User Growth: nan (Weight: 0.10)"
Tokenlon,Exchanges (DEX),41.16273974449726,Slow Growth,"Project 'Tokenlon' in the 'Exchanges (DEX)' sector has an overall User Growth Score of 41.16, categorized as 'Slow Growth'.
The score is based on the following weighted metrics:
  - Active Users: 39.55 (Weight: 0.30)
  - Transaction Volume: 35.29 (Weight: 0.40)
  - Transaction Count: nan (Weight: 0.20)
  - User Growth: 69.52 (Weight: 0.10)"
Balancer,Exchanges (DEX),72.5522044696127,Strong Growth,"Project 'Balancer' in the 'Exchanges (DEX)' sector has an overall User Growth Score of 72.55, categorized as 'Strong Growth'.
The score is based on the following weighted metrics:
  - Active Users: 72.73 (Weight: 0.30)
  - Transaction Volume: 72.41 (Weight: 0.40)
  - Transaction Count: nan (Weight: 0.20)
  - User Growth: 72.58 (Weight: 0.10)"
TON,Blockchains (L1),68.9659090909091,Strong Growth,"Project 'TON' in the 'Blockchains (L1)' sector has an overall User Growth Score of 68.97, categorized as 'Strong Growth'.
The score is based on the following weighted metrics:
  - Active Users: 67.50 (Weight: 0.30)
  - Transaction Volume: 68.64 (Weight: 0.30)
  - Transaction Count: 67.50 (Weight: 0.25)
  - User Growth: 75.00 (Weight: 0.15)"
Immutable,Blockchains (L2),90.02038225560229,Exceptional Growth,"Project 'Immutable' in the 'Blockchains (L2)' sector has an overall User Growth Score of 90.02, categorized as 'Exceptional Growth'.
The score is based on the following weighted metrics:
  - Active Users: 95.24 (Weight: 0.30)
  - Transaction Volume: 96.15 (Weight: 0.25)
  - Bridge Volume: nan (Weight: 0.20)
  - Transaction Count: 82.93 (Weight: 0.15)
  - User Growth: 69.67 (Weight: 0.10)"
ApolloX,Derivative exchanges,77.00079169598875,Strong Growth,"Project 'ApolloX' in the 'Derivative exchanges' sector has an overall User Growth Score of 77.00, categorized as 'Strong Growth'.
The score is based on the following weighted metrics:
  - Active Users: 89.66 (Weight: 0.30)
  - Transaction Volume: 68.01 (Weight: 0.40)
  - Transaction Count: nan (Weight: 0.20)
  - User Growth: 75.00 (Weight: 0.10)"
Aura Finance,Asset management,65.0293255131965,Strong Growth,"Project 'Aura Finance' in the 'Asset management' sector has an overall User Growth Score of 65.03, categorized as 'Strong Growth'.
The score is based on the following weighted metrics:
  - Active Users: 87.50 (Weight: 0.30)
  - Transaction Volume: 51.59 (Weight: 0.40)
  - Transaction Count: nan (Weight: 0.20)
  - User Growth: 51.37 (Weight: 0.10)"
DeFi Saver,Infrastructure,,,"Project 'DeFi Saver' in the 'Infrastructure' sector has an overall User Growth Score of nan, categorized as 'None'.
The score is based on the following weighted metrics:
  - Active Users: nan (Weight: 0.30)
  - Transaction Volume: nan (Weight: 0.30)
  - Transaction Count: nan (Weight: 0.30)
  - User Growth: nan (Weight: 0.10)"
Frax Ether,Liquid staking,36.66666666666667,Slow Growth,"Project 'Frax Ether' in the 'Liquid staking' sector has an overall User Growth Score of 36.67, categorized as 'Slow Growth'.
The score is based on the following weighted metrics:
  - Active Users: 36.67 (Weight: 0.30)
  - Transaction Volume: nan (Weight: 0.20)
  - User Growth: nan (Weight: 0.30)
  - Transaction Count: nan (Weight: 0.20)"
Camelot,Exchanges (DEX),67.31728435635556,Strong Growth,"Project 'Camelot' in the 'Exchanges (DEX)' sector has an overall User Growth Score of 67.32, categorized as 'Strong Growth'.
The score is based on the following weighted metrics:
  - Active Users: 70.45 (Weight: 0.30)
  - Transaction Volume: 64.05 (Weight: 0.40)
  - Transaction Count: nan (Weight: 0.20)
  - User Growth: 70.97 (Weight: 0.10)"
Avalanche,Blockchains (L1),63.59943977591037,Steady Growth,"Project 'Avalanche' in the 'Blockchains (L1)' sector has an overall User Growth Score of 63.60, categorized as 'Steady Growth'.
The score is based on the following weighted metrics:
  - Active Users: 64.72 (Weight: 0.30)
  - Transaction Volume: 83.33 (Weight: 0.30)
  - Transaction Count: 38.57 (Weight: 0.25)
  - User Growth: nan (Weight: 0.15)"
Layer3,Infrastructure,75.34213062495367,Strong Growth,"Project 'Layer3' in the 'Infrastructure' sector has an overall User Growth Score of 75.34, categorized as 'Strong Growth'.
The score is based on the following weighted metrics:
  - Active Users: 100.00 (Weight: 0.30)
  - Transaction Volume: 58.99 (Weight: 0.30)
  - Transaction Count: nan (Weight: 0.30)
  - User Growth: 50.43 (Weight: 0.10)"
Merkle Trade,Derivative exchanges,52.532421835729366,Steady Growth,"Project 'Merkle Trade' in the 'Derivative exchanges' sector has an overall User Growth Score of 52.53, categorized as 'Steady Growth'.
The score is based on the following weighted metrics:
  - Active Users: 79.31 (Weight: 0.30)
  - Transaction Volume: 32.45 (Weight: 0.40)
  - Transaction Count: nan (Weight: 0.20)
  - User Growth: nan (Weight: 0.10)"
KyberSwap,Exchanges (DEX),76.79375442410759,Strong Growth,"Project 'KyberSwap' in the 'Exchanges (DEX)' sector has an overall User Growth Score of 76.79, categorized as 'Strong Growth'.
The score is based on the following weighted metrics:
  - Active Users: 84.09 (Weight: 0.30)
  - Transaction Volume: 75.86 (Weight: 0.40)
  - Transaction Count: nan (Weight: 0.20)
  - User Growth: 58.63 (Weight: 0.10)"
Polygon,Blockchains (L1),72.31752795815297,Strong Growth,"Project 'Polygon' in the 'Blockchains (L1)' sector has an overall User Growth Score of 72.32, categorized as 'Strong Growth'.
The score is based on the following weighted metrics:
  - Active Users: 85.19 (Weight: 0.30)
  - Transaction Volume: 61.82 (Weight: 0.30)
  - Transaction Count: 71.43 (Weight: 0.25)
  - User Growth: 69.06 (Weight: 0.15)"
BENQI,Lending,70.427022417154,Strong Growth,"Project 'BENQI' in the 'Lending' sector has an overall User Growth Score of 70.43, categorized as 'Strong Growth'.
The score is based on the following weighted metrics:
  - Active Users: 73.68 (Weight: 0.40)
  - Transaction Volume: 64.87 (Weight: 0.30)
  - Transaction Count: nan (Weight: 0.20)
  - User Growth: 74.07 (Weight: 0.10)"
deBridge DLN,Bridges,28.571428571428573,Slow Growth,"Project 'deBridge DLN' in the 'Bridges' sector has an overall User Growth Score of 28.57, categorized as 'Slow Growth'.
The score is based on the following weighted metrics:
  - Active Users: 100.00 (Weight: 0.20)
  - Bridge Volume: 0.00 (Weight: 0.50)
  - Transaction Count: nan (Weight: 0.20)
  - User Growth: nan (Weight: 0.10)"
StakeStone,Liquid staking,62.5,Steady Growth,"Project 'StakeStone' in the 'Liquid staking' sector has an overall User Growth Score of 62.50, categorized as 'Steady Growth'.
The score is based on the following weighted metrics:
  - Active Users: 62.50 (Weight: 0.30)
  - Transaction Volume: nan (Weight: 0.20)
  - User Growth: nan (Weight: 0.30)
  - Transaction Count: nan (Weight: 0.20)"
NEAR Protocol,Blockchains (L1),34.00568181818182,Slow Growth,"Project 'NEAR Protocol' in the 'Blockchains (L1)' sector has an overall User Growth Score of 34.01, categorized as 'Slow Growth'.
The score is based on the following weighted metrics:
  - Active Users: 0.00 (Weight: 0.30)
  - Transaction Volume: 72.73 (Weight: 0.30)
  - Transaction Count: 0.00 (Weight: 0.25)
  - User Growth: 81.25 (Weight: 0.15)"
Houdini Swap,Exchanges (DEX),40.2825361512792,Slow Growth,"Project 'Houdini Swap' in the 'Exchanges (DEX)' sector has an overall User Growth Score of 40.28, categorized as 'Slow Growth'.
The score is based on the following weighted metrics:
  - Active Users: nan (Weight: 0.30)
  - Transaction Volume: 44.22 (Weight: 0.40)
  - Transaction Count: nan (Weight: 0.20)
  - User Growth: 24.52 (Weight: 0.10)"
Katana,Exchanges (DEX),75.0,Strong Growth,"Project 'Katana' in the 'Exchanges (DEX)' sector has an overall User Growth Score of 75.00, categorized as 'Strong Growth'.
The score is based on the following weighted metrics:
  - Active Users: 75.00 (Weight: 0.30)
  - Transaction Volume: nan (Weight: 0.40)
  - Transaction Count: nan (Weight: 0.20)
  - User Growth: nan (Weight: 0.10)"
Origin Protocol,Stablecoin issuers,71.47321428571428,Strong Growth,"Project 'Origin Protocol' in the 'Stablecoin issuers' sector has an overall User Growth Score of 71.47, categorized as 'Strong Growth'.
The score is based on the following weighted metrics:
  - Active Users: 71.43 (Weight: 0.20)
  - Transaction Volume: 64.38 (Weight: 0.40)
  - Transaction Count: nan (Weight: 0.20)
  - User Growth: 85.71 (Weight: 0.20)"
DODO,Exchanges (DEX),70.11326768800352,Strong Growth,"Project 'DODO' in the 'Exchanges (DEX)' sector has an overall User Growth Score of 70.11, categorized as 'Strong Growth'.
The score is based on the following weighted metrics:
  - Active Users: 65.23 (Weight: 0.30)
  - Transaction Volume: 78.16 (Weight: 0.40)
  - Transaction Count: nan (Weight: 0.20)
  - User Growth: 52.58 (Weight: 0.10)"
HMX,Derivative exchanges,45.89105783379183,Steady Growth,"Project 'HMX' in the 'Derivative exchanges' sector has an overall User Growth Score of 45.89, categorized as 'Steady Growth'.
The score is based on the following weighted metrics:
  - Active Users: 61.47 (Weight: 0.30)
  - Transaction Volume: 34.49 (Weight: 0.40)
  - Transaction Count: nan (Weight: 0.20)
  - User Growth: 44.77 (Weight: 0.10)"
Cardano,Blockchains (L1),90.9090909090909,Exceptional Growth,"Project 'Cardano' in the 'Blockchains (L1)' sector has an overall User Growth Score of 90.91, categorized as 'Exceptional Growth'.
The score is based on the following weighted metrics:
  - Active Users: nan (Weight: 0.30)
  - Transaction Volume: 90.91 (Weight: 0.30)
  - Transaction Count: nan (Weight: 0.25)
  - User Growth: nan (Weight: 0.15)"
BMX,Derivative exchanges,65.88605975305484,Strong Growth,"Project 'BMX' in the 'Derivative exchanges' sector has an overall User Growth Score of 65.89, categorized as 'Strong Growth'.
The score is based on the following weighted metrics:
  - Active Users: 82.76 (Weight: 0.30)
  - Transaction Volume: 48.11 (Weight: 0.40)
  - Transaction Count: nan (Weight: 0.20)
  - User Growth: 86.36 (Weight: 0.10)"
Pendle,Derivative exchanges,94.40474857654661,Exceptional Growth,"Project 'Pendle' in the 'Derivative exchanges' sector has an overall User Growth Score of 94.40, categorized as 'Exceptional Growth'.
The score is based on the following weighted metrics:
  - Active Users: 93.10 (Weight: 0.30)
  - Transaction Volume: 97.96 (Weight: 0.40)
  - Transaction Count: nan (Weight: 0.20)
  - User Growth: 84.09 (Weight: 0.10)"
Sonic,Blockchains (L1),60.70600967659791,Steady Growth,"Project 'Sonic' in the 'Blockchains (L1)' sector has an overall User Growth Score of 60.71, categorized as 'Steady Growth'.
The score is based on the following weighted metrics:
  - Active Users: 56.39 (Weight: 0.30)
  - Transaction Volume: 74.24 (Weight: 0.30)
  - Transaction Count: 49.64 (Weight: 0.25)
  - User Growth: nan (Weight: 0.15)"
Manifold.xyz,NFT marketplaces,,,"Project 'Manifold.xyz' in the 'NFT marketplaces' sector has an overall User Growth Score of nan, categorized as 'None'.
The score is based on the following weighted metrics:
  - Active Users: nan (Weight: 0.40)
  - Transaction Volume: nan (Weight: 0.30)
  - Transaction Count: nan (Weight: 0.20)
  - User Growth: nan (Weight: 0.10)"
Allbridge Core,Bridges,65.22727272727272,Strong Growth,"Project 'Allbridge Core' in the 'Bridges' sector has an overall User Growth Score of 65.23, categorized as 'Strong Growth'.
The score is based on the following weighted metrics:
  - Active Users: 65.23 (Weight: 0.20)
  - Bridge Volume: nan (Weight: 0.50)
  - Transaction Count: nan (Weight: 0.20)
  - User Growth: nan (Weight: 0.10)"
Helium,Infrastructure,51.01063829787234,Steady Growth,"Project 'Helium' in the 'Infrastructure' sector has an overall User Growth Score of 51.01, categorized as 'Steady Growth'.
The score is based on the following weighted metrics:
  - Active Users: nan (Weight: 0.30)
  - Transaction Volume: 51.01 (Weight: 0.30)
  - Transaction Count: nan (Weight: 0.30)
  - User Growth: nan (Weight: 0.10)"
Tokemak,Asset management,60.27126099706746,Steady Growth,"Project 'Tokemak' in the 'Asset management' sector has an overall User Growth Score of 60.27, categorized as 'Steady Growth'.
The score is based on the following weighted metrics:
  - Active Users: nan (Weight: 0.30)
  - Transaction Volume: 60.68 (Weight: 0.40)
  - Transaction Count: nan (Weight: 0.20)
  - User Growth: 58.63 (Weight: 0.10)"
BendDAO,Lending,37.61208576998051,Slow Growth,"Project 'BendDAO' in the 'Lending' sector has an overall User Growth Score of 37.61, categorized as 'Slow Growth'.
The score is based on the following weighted metrics:
  - Active Users: 36.32 (Weight: 0.40)
  - Transaction Volume: 28.42 (Weight: 0.30)
  - Transaction Count: nan (Weight: 0.20)
  - User Growth: 70.37 (Weight: 0.10)"
Gamma Strategies,Asset management,60.570931085043995,Steady Growth,"Project 'Gamma Strategies' in the 'Asset management' sector has an overall User Growth Score of 60.57, categorized as 'Steady Growth'.
The score is based on the following weighted metrics:
  - Active Users: 75.00 (Weight: 0.30)
  - Transaction Volume: 53.86 (Weight: 0.40)
  - Transaction Count: nan (Weight: 0.20)
  - User Growth: 44.11 (Weight: 0.10)"
Cronos,Blockchains (L1),58.11447811447811,Steady Growth,"Project 'Cronos' in the 'Blockchains (L1)' sector has an overall User Growth Score of 58.11, categorized as 'Steady Growth'.
The score is based on the following weighted metrics:
  - Active Users: 35.93 (Weight: 0.30)
  - Transaction Volume: 80.30 (Weight: 0.30)
  - Transaction Count: nan (Weight: 0.25)
  - User Growth: nan (Weight: 0.15)"
Synthetix,Derivative exchanges,80.07145256221611,Exceptional Growth,"Project 'Synthetix' in the 'Derivative exchanges' sector has an overall User Growth Score of 80.07, categorized as 'Exceptional Growth'.
The score is based on the following weighted metrics:
  - Active Users: 72.41 (Weight: 0.30)
  - Transaction Volume: 83.67 (Weight: 0.40)
  - Transaction Count: nan (Weight: 0.20)
  - User Growth: 88.64 (Weight: 0.10)"
ZeroLend,Lending,57.25563909774437,Steady Growth,"Project 'ZeroLend' in the 'Lending' sector has an overall User Growth Score of 57.26, categorized as 'Steady Growth'.
The score is based on the following weighted metrics:
  - Active Users: 53.03 (Weight: 0.40)
  - Transaction Volume: 62.89 (Weight: 0.30)
  - Transaction Count: nan (Weight: 0.20)
  - User Growth: nan (Weight: 0.10)"
Tornado Cash,Infrastructure,54.8802728148862,Steady Growth,"Project 'Tornado Cash' in the 'Infrastructure' sector has an overall User Growth Score of 54.88, categorized as 'Steady Growth'.
The score is based on the following weighted metrics:
  - Active Users: 59.17 (Weight: 0.30)
  - Transaction Volume: 55.80 (Weight: 0.30)
  - Transaction Count: nan (Weight: 0.30)
  - User Growth: 39.27 (Weight: 0.10)"
Injective,Blockchains (L1),64.14820473644002,Steady Growth,"Project 'Injective' in the 'Blockchains (L1)' sector has an overall User Growth Score of 64.15, categorized as 'Steady Growth'.
The score is based on the following weighted metrics:
  - Active Users: 53.61 (Weight: 0.30)
  - Transaction Volume: 60.68 (Weight: 0.30)
  - Transaction Count: 80.95 (Weight: 0.25)
  - User Growth: nan (Weight: 0.15)"
SyncSwap,Exchanges (DEX),43.06818181818181,Slow Growth,"Project 'SyncSwap' in the 'Exchanges (DEX)' sector has an overall User Growth Score of 43.07, categorized as 'Slow Growth'.
The score is based on the following weighted metrics:
  - Active Users: 43.07 (Weight: 0.30)
  - Transaction Volume: nan (Weight: 0.40)
  - Transaction Count: nan (Weight: 0.20)
  - User Growth: nan (Weight: 0.10)"
Stader,Liquid staking,44.74264705882353,Slow Growth,"Project 'Stader' in the 'Liquid staking' sector has an overall User Growth Score of 44.74, categorized as 'Slow Growth'.
The score is based on the following weighted metrics:
  - Active Users: 47.50 (Weight: 0.30)
  - Transaction Volume: 43.97 (Weight: 0.20)
  - User Growth: 42.50 (Weight: 0.30)
  - Transaction Count: nan (Weight: 0.20)"
Gearbox,Lending,39.782529239766085,Slow Growth,"Project 'Gearbox' in the 'Lending' sector has an overall User Growth Score of 39.78, categorized as 'Slow Growth'.
The score is based on the following weighted metrics:
  - Active Users: 25.79 (Weight: 0.40)
  - Transaction Volume: 51.05 (Weight: 0.30)
  - Transaction Count: nan (Weight: 0.20)
  - User Growth: 61.94 (Weight: 0.10)"
Blur,NFT marketplaces,88.75000000000001,Exceptional Growth,"Project 'Blur' in the 'NFT marketplaces' sector has an overall User Growth Score of 88.75, categorized as 'Exceptional Growth'.
The score is based on the following weighted metrics:
  - Active Users: 90.00 (Weight: 0.40)
  - Transaction Volume: 88.89 (Weight: 0.30)
  - Transaction Count: nan (Weight: 0.20)
  - User Growth: 83.33 (Weight: 0.10)"
Hegic,Derivative exchanges,56.719839581600674,Steady Growth,"Project 'Hegic' in the 'Derivative exchanges' sector has an overall User Growth Score of 56.72, categorized as 'Steady Growth'.
The score is based on the following weighted metrics:
  - Active Users: 56.29 (Weight: 0.30)
  - Transaction Volume: 55.77 (Weight: 0.40)
  - Transaction Count: nan (Weight: 0.20)
  - User Growth: 61.82 (Weight: 0.10)"
Dogecoin,Blockchains (L1),93.93939393939394,Exceptional Growth,"Project 'Dogecoin' in the 'Blockchains (L1)' sector has an overall User Growth Score of 93.94, categorized as 'Exceptional Growth'.
The score is based on the following weighted metrics:
  - Active Users: nan (Weight: 0.30)
  - Transaction Volume: 93.94 (Weight: 0.30)
  - Transaction Count: nan (Weight: 0.25)
  - User Growth: nan (Weight: 0.15)"
Nexus Mutual,Insurance,,,"Project 'Nexus Mutual' in the 'Insurance' sector has an overall User Growth Score of nan, categorized as 'None'.
The score is based on the following weighted metrics:
  - Active Users: nan (Weight: 0.35)
  - Transaction Volume: nan (Weight: 0.30)
  - Transaction Count: nan (Weight: 0.20)
  - User Growth: nan (Weight: 0.15)"
Aptos,Blockchains (L1),74.57650162337663,Strong Growth,"Project 'Aptos' in the 'Blockchains (L1)' sector has an overall User Growth Score of 74.58, categorized as 'Strong Growth'.
The score is based on the following weighted metrics:
  - Active Users: 88.89 (Weight: 0.30)
  - Transaction Volume: 66.36 (Weight: 0.30)
  - Transaction Count: 76.19 (Weight: 0.25)
  - User Growth: 59.69 (Weight: 0.15)"
Liquity,Stablecoin issuers,65.0,Strong Growth,"Project 'Liquity' in the 'Stablecoin issuers' sector has an overall User Growth Score of 65.00, categorized as 'Strong Growth'.
The score is based on the following weighted metrics:
  - Active Users: 49.64 (Weight: 0.20)
  - Transaction Volume: 75.00 (Weight: 0.40)
  - Transaction Count: nan (Weight: 0.20)
  - User Growth: 60.36 (Weight: 0.20)"
Thruster,Exchanges (DEX),45.255429012033574,Steady Growth,"Project 'Thruster' in the 'Exchanges (DEX)' sector has an overall User Growth Score of 45.26, categorized as 'Steady Growth'.
The score is based on the following weighted metrics:
  - Active Users: 44.77 (Weight: 0.30)
  - Transaction Volume: 46.81 (Weight: 0.40)
  - Transaction Count: nan (Weight: 0.20)
  - User Growth: 40.48 (Weight: 0.10)"
Filecoin,Blockchains (L1),64.0909090909091,Steady Growth,"Project 'Filecoin' in the 'Blockchains (L1)' sector has an overall User Growth Score of 64.09, categorized as 'Steady Growth'.
The score is based on the following weighted metrics:
  - Active Users: nan (Weight: 0.30)
  - Transaction Volume: 64.09 (Weight: 0.30)
  - Transaction Count: nan (Weight: 0.25)
  - User Growth: nan (Weight: 0.15)"
Bancor,Exchanges (DEX),44.69622181211448,Slow Growth,"Project 'Bancor' in the 'Exchanges (DEX)' sector has an overall User Growth Score of 44.70, categorized as 'Slow Growth'.
The score is based on the following weighted metrics:
  - Active Users: 21.36 (Weight: 0.30)
  - Transaction Volume: 56.29 (Weight: 0.40)
  - Transaction Count: nan (Weight: 0.20)
  - User Growth: 68.31 (Weight: 0.10)"
Goldfinch,Lending,39.736842105263165,Slow Growth,"Project 'Goldfinch' in the 'Lending' sector has an overall User Growth Score of 39.74, categorized as 'Slow Growth'.
The score is based on the following weighted metrics:
  - Active Users: 25.79 (Weight: 0.40)
  - Transaction Volume: 49.08 (Weight: 0.30)
  - Transaction Count: nan (Weight: 0.20)
  - User Growth: 67.50 (Weight: 0.10)"
MUX,Derivative exchanges,54.74643736805068,Steady Growth,"Project 'MUX' in the 'Derivative exchanges' sector has an overall User Growth Score of 54.75, categorized as 'Steady Growth'.
The score is based on the following weighted metrics:
  - Active Users: 64.05 (Weight: 0.30)
  - Transaction Volume: 52.70 (Weight: 0.40)
  - Transaction Count: nan (Weight: 0.20)
  - User Growth: 35.00 (Weight: 0.10)"
Biswap,Exchanges (DEX),66.92248015471738,Strong Growth,"Project 'Biswap' in the 'Exchanges (DEX)' sector has an overall User Growth Score of 66.92, categorized as 'Strong Growth'.
The score is based on the following weighted metrics:
  - Active Users: 60.11 (Weight: 0.30)
  - Transaction Volume: 65.78 (Weight: 0.40)
  - Transaction Count: nan (Weight: 0.20)
  - User Growth: 91.94 (Weight: 0.10)"
Kwenta,Derivative exchanges,50.46015330113237,Steady Growth,"Project 'Kwenta' in the 'Derivative exchanges' sector has an overall User Growth Score of 50.46, categorized as 'Steady Growth'.
The score is based on the following weighted metrics:
  - Active Users: 69.22 (Weight: 0.30)
  - Transaction Volume: 36.53 (Weight: 0.40)
  - Transaction Count: nan (Weight: 0.20)
  - User Growth: 49.89 (Weight: 0.10)"
Thetanuts,Asset management,45.625,Steady Growth,"Project 'Thetanuts' in the 'Asset management' sector has an overall User Growth Score of 45.62, categorized as 'Steady Growth'.
The score is based on the following weighted metrics:
  - Active Users: 45.62 (Weight: 0.30)
  - Transaction Volume: nan (Weight: 0.40)
  - Transaction Count: nan (Weight: 0.20)
  - User Growth: nan (Weight: 0.10)"
Seamless Protocol,Lending,62.473806042885,Steady Growth,"Project 'Seamless Protocol' in the 'Lending' sector has an overall User Growth Score of 62.47, categorized as 'Steady Growth'.
The score is based on the following weighted metrics:
  - Active Users: 60.92 (Weight: 0.40)
  - Transaction Volume: 56.97 (Weight: 0.30)
  - Transaction Count: nan (Weight: 0.20)
  - User Growth: 85.19 (Weight: 0.10)"
Gravity Alpha Mainnet,Blockchains (L2),81.36211567178466,Exceptional Growth,"Project 'Gravity Alpha Mainnet' in the 'Blockchains (L2)' sector has an overall User Growth Score of 81.36, categorized as 'Exceptional Growth'.
The score is based on the following weighted metrics:
  - Active Users: 90.48 (Weight: 0.30)
  - Transaction Volume: 65.10 (Weight: 0.25)
  - Bridge Volume: nan (Weight: 0.20)
  - Transaction Count: 90.24 (Weight: 0.15)
  - User Growth: nan (Weight: 0.10)"
Ribbon Finance,Asset management,51.90134714076247,Steady Growth,"Project 'Ribbon Finance' in the 'Asset management' sector has an overall User Growth Score of 51.90, categorized as 'Steady Growth'.
The score is based on the following weighted metrics:
  - Active Users: 45.62 (Weight: 0.30)
  - Transaction Volume: 56.14 (Weight: 0.40)
  - Transaction Count: nan (Weight: 0.20)
  - User Growth: 53.79 (Weight: 0.10)"
Ronin,Blockchains (L1),54.890713861302096,Steady Growth,"Project 'Ronin' in the 'Blockchains (L1)' sector has an overall User Growth Score of 54.89, categorized as 'Steady Growth'.
The score is based on the following weighted metrics:
  - Active Users: 81.48 (Weight: 0.30)
  - Transaction Volume: 29.70 (Weight: 0.30)
  - Transaction Count: 53.21 (Weight: 0.25)
  - User Growth: nan (Weight: 0.15)"
zkSync Era,Blockchains (L2),76.67636131763253,Strong Growth,"Project 'zkSync Era' in the 'Blockchains (L2)' sector has an overall User Growth Score of 76.68, categorized as 'Strong Growth'.
The score is based on the following weighted metrics:
  - Active Users: 73.81 (Weight: 0.30)
  - Transaction Volume: 88.46 (Weight: 0.25)
  - Bridge Volume: nan (Weight: 0.20)
  - Transaction Count: 55.91 (Weight: 0.15)
  - User Growth: 86.96 (Weight: 0.10)"
Blast,Blockchains (L2),77.59650708517357,Strong Growth,"Project 'Blast' in the 'Blockchains (L2)' sector has an overall User Growth Score of 77.60, categorized as 'Strong Growth'.
The score is based on the following weighted metrics:
  - Active Users: 76.19 (Weight: 0.30)
  - Transaction Volume: 71.15 (Weight: 0.25)
  - Bridge Volume: nan (Weight: 0.20)
  - Transaction Count: 87.80 (Weight: 0.15)
  - User Growth: 82.61 (Weight: 0.10)"
Livepeer,Infrastructure,85.63829787234042,Exceptional Growth,"Project 'Livepeer' in the 'Infrastructure' sector has an overall User Growth Score of 85.64, categorized as 'Exceptional Growth'.
The score is based on the following weighted metrics:
  - Active Users: nan (Weight: 0.30)
  - Transaction Volume: 80.85 (Weight: 0.30)
  - Transaction Count: nan (Weight: 0.30)
  - User Growth: 100.00 (Weight: 0.10)"
Celo,Blockchains (L1),56.73683261183261,Steady Growth,"Project 'Celo' in the 'Blockchains (L1)' sector has an overall User Growth Score of 56.74, categorized as 'Steady Growth'.
The score is based on the following weighted metrics:
  - Active Users: 74.07 (Weight: 0.30)
  - Transaction Volume: 40.23 (Weight: 0.30)
  - Transaction Count: 56.79 (Weight: 0.25)
  - User Growth: 55.00 (Weight: 0.15)"
Pangolin,Exchanges (DEX),56.60579305288705,Steady Growth,"Project 'Pangolin' in the 'Exchanges (DEX)' sector has an overall User Growth Score of 56.61, categorized as 'Steady Growth'.
The score is based on the following weighted metrics:
  - Active Users: 48.18 (Weight: 0.30)
  - Transaction Volume: 60.60 (Weight: 0.40)
  - Transaction Count: nan (Weight: 0.20)
  - User Growth: 65.89 (Weight: 0.10)"
MultiversX,Blockchains (L1),52.53787878787879,Steady Growth,"Project 'MultiversX' in the 'Blockchains (L1)' sector has an overall User Growth Score of 52.54, categorized as 'Steady Growth'.
The score is based on the following weighted metrics:
  - Active Users: 59.17 (Weight: 0.30)
  - Transaction Volume: 45.91 (Weight: 0.30)
  - Transaction Count: nan (Weight: 0.25)
  - User Growth: nan (Weight: 0.15)"
Litecoin,Blockchains (L1),84.84848484848484,Exceptional Growth,"Project 'Litecoin' in the 'Blockchains (L1)' sector has an overall User Growth Score of 84.85, categorized as 'Exceptional Growth'.
The score is based on the following weighted metrics:
  - Active Users: nan (Weight: 0.30)
  - Transaction Volume: 84.85 (Weight: 0.30)
  - Transaction Count: nan (Weight: 0.25)
  - User Growth: nan (Weight: 0.15)"
Ramses Exchange,Exchanges (DEX),44.565305094886575,Slow Growth,"Project 'Ramses Exchange' in the 'Exchanges (DEX)' sector has an overall User Growth Score of 44.57, categorized as 'Slow Growth'.
The score is based on the following weighted metrics:
  - Active Users: 53.30 (Weight: 0.30)
  - Transaction Volume: 38.74 (Weight: 0.40)
  - Transaction Count: nan (Weight: 0.20)
  - User Growth: 41.69 (Weight: 0.10)"
deBridge,Interoperability,0.0,Stagnant/Declining,"Project 'deBridge' in the 'Interoperability' sector has an overall User Growth Score of 0.00, categorized as 'Stagnant/Declining'.
The score is based on the following weighted metrics:
  - Active Users: 0.00 (Weight: 0.35)
  - Transaction Volume: nan (Weight: 0.30)
  - Transaction Count: 0.00 (Weight: 0.20)
  - User Growth: nan (Weight: 0.15)"
Polkadot,Blockchains (L1),43.33908279220779,Slow Growth,"Project 'Polkadot' in the 'Blockchains (L1)' sector has an overall User Growth Score of 43.34, categorized as 'Slow Growth'.
The score is based on the following weighted metrics:
  - Active Users: 32.22 (Weight: 0.30)
  - Transaction Volume: 71.21 (Weight: 0.30)
  - Transaction Count: 19.05 (Weight: 0.25)
  - User Growth: 50.31 (Weight: 0.15)"
Stargate,Bridges,53.22646103896104,Steady Growth,"Project 'Stargate' in the 'Bridges' sector has an overall User Growth Score of 53.23, categorized as 'Steady Growth'.
The score is based on the following weighted metrics:
  - Active Users: 72.73 (Weight: 0.20)
  - Bridge Volume: 38.57 (Weight: 0.50)
  - Transaction Count: nan (Weight: 0.20)
  - User Growth: 87.50 (Weight: 0.10)"
Stellar,Blockchains (L1),75.75757575757575,Strong Growth,"Project 'Stellar' in the 'Blockchains (L1)' sector has an overall User Growth Score of 75.76, categorized as 'Strong Growth'.
The score is based on the following weighted metrics:
  - Active Users: nan (Weight: 0.30)
  - Transaction Volume: 75.76 (Weight: 0.30)
  - Transaction Count: nan (Weight: 0.25)
  - User Growth: nan (Weight: 0.15)"
Cosmos Hub,Blockchains (L1),55.0,Steady Growth,"Project 'Cosmos Hub' in the 'Blockchains (L1)' sector has an overall User Growth Score of 55.00, categorized as 'Steady Growth'.
The score is based on the following weighted metrics:
  - Active Users: 42.50 (Weight: 0.30)
  - Transaction Volume: 67.50 (Weight: 0.30)
  - Transaction Count: nan (Weight: 0.25)
  - User Growth: nan (Weight: 0.15)"
Integral,Exchanges (DEX),16.09936967000371,Stagnant/Declining,"Project 'Integral' in the 'Exchanges (DEX)' sector has an overall User Growth Score of 16.10, categorized as 'Stagnant/Declining'.
The score is based on the following weighted metrics:
  - Active Users: nan (Weight: 0.30)
  - Transaction Volume: 16.09 (Weight: 0.40)
  - Transaction Count: nan (Weight: 0.20)
  - User Growth: 16.13 (Weight: 0.10)"
The Graph,Infrastructure,66.66858180739862,Strong Growth,"Project 'The Graph' in the 'Infrastructure' sector has an overall User Growth Score of 66.67, categorized as 'Strong Growth'.
The score is based on the following weighted metrics:
  - Active Users: 42.50 (Weight: 0.30)
  - Transaction Volume: 82.98 (Weight: 0.30)
  - Transaction Count: nan (Weight: 0.30)
  - User Growth: 90.24 (Weight: 0.10)"
Index Cooperative,Asset management,60.26484604105573,Steady Growth,"Project 'Index Cooperative' in the 'Asset management' sector has an overall User Growth Score of 60.26, categorized as 'Steady Growth'.
The score is based on the following weighted metrics:
  - Active Users: 55.00 (Weight: 0.30)
  - Transaction Volume: 65.23 (Weight: 0.40)
  - Transaction Count: nan (Weight: 0.20)
  - User Growth: 56.21 (Weight: 0.10)"
Synapse,Bridges,37.82771915584416,Slow Growth,"Project 'Synapse' in the 'Bridges' sector has an overall User Growth Score of 37.83, categorized as 'Slow Growth'.
The score is based on the following weighted metrics:
  - Active Users: 58.41 (Weight: 0.20)
  - Bridge Volume: 24.29 (Weight: 0.50)
  - Transaction Count: nan (Weight: 0.20)
  - User Growth: 64.38 (Weight: 0.10)"
Algorand,Blockchains (L1),57.272727272727266,Steady Growth,"Project 'Algorand' in the 'Blockchains (L1)' sector has an overall User Growth Score of 57.27, categorized as 'Steady Growth'.
The score is based on the following weighted metrics:
  - Active Users: nan (Weight: 0.30)
  - Transaction Volume: 57.27 (Weight: 0.30)
  - Transaction Count: nan (Weight: 0.25)
  - User Growth: nan (Weight: 0.15)"
Ink,Blockchains (L2),85.55942702284166,Exceptional Growth,"Project 'Ink' in the 'Blockchains (L2)' sector has an overall User Growth Score of 85.56, categorized as 'Exceptional Growth'.
The score is based on the following weighted metrics:
  - Active Users: 88.10 (Weight: 0.30)
  - Transaction Volume: nan (Weight: 0.25)
  - Bridge Volume: nan (Weight: 0.20)
  - Transaction Count: 80.49 (Weight: 0.15)
  - User Growth: nan (Weight: 0.10)"
Abracadabra.money,Stablecoin issuers,83.48214285714286,Exceptional Growth,"Project 'Abracadabra.money' in the 'Stablecoin issuers' sector has an overall User Growth Score of 83.48, categorized as 'Exceptional Growth'.
The score is based on the following weighted metrics:
  - Active Users: 100.00 (Weight: 0.20)
  - Transaction Volume: 81.25 (Weight: 0.40)
  - Transaction Count: nan (Weight: 0.20)
  - User Growth: 71.43 (Weight: 0.20)"
Maverick Protocol,Exchanges (DEX),65.4337837496208,Strong Growth,"Project 'Maverick Protocol' in the 'Exchanges (DEX)' sector has an overall User Growth Score of 65.43, categorized as 'Strong Growth'.
The score is based on the following weighted metrics:
  - Active Users: 68.64 (Weight: 0.30)
  - Transaction Volume: 68.36 (Weight: 0.40)
  - Transaction Count: nan (Weight: 0.20)
  - User Growth: 44.11 (Weight: 0.10)"
Manta,Blockchains (L2),63.147381515621184,Steady Growth,"Project 'Manta' in the 'Blockchains (L2)' sector has an overall User Growth Score of 63.15, categorized as 'Steady Growth'.
The score is based on the following weighted metrics:
  - Active Users: 83.33 (Weight: 0.30)
  - Transaction Volume: 78.85 (Weight: 0.25)
  - Bridge Volume: 0.00 (Weight: 0.20)
  - Transaction Count: 70.73 (Weight: 0.15)
  - User Growth: 78.26 (Weight: 0.10)"
ApeSwap,Exchanges (DEX),38.49936903798834,Slow Growth,"Project 'ApeSwap' in the 'Exchanges (DEX)' sector has an overall User Growth Score of 38.50, categorized as 'Slow Growth'.
The score is based on the following weighted metrics:
  - Active Users: 63.52 (Weight: 0.30)
  - Transaction Volume: 9.20 (Weight: 0.40)
  - Transaction Count: nan (Weight: 0.20)
  - User Growth: 80.65 (Weight: 0.10)"
Beets,Exchanges (DEX),41.18094178717094,Slow Growth,"Project 'Beets' in the 'Exchanges (DEX)' sector has an overall User Growth Score of 41.18, categorized as 'Slow Growth'.
The score is based on the following weighted metrics:
  - Active Users: 55.00 (Weight: 0.30)
  - Transaction Volume: 24.94 (Weight: 0.40)
  - Transaction Count: nan (Weight: 0.20)
  - User Growth: 64.68 (Weight: 0.10)"
Zcash,Blockchains (L1),62.95454545454546,Steady Growth,"Project 'Zcash' in the 'Blockchains (L1)' sector has an overall User Growth Score of 62.95, categorized as 'Steady Growth'.
The score is based on the following weighted metrics:
  - Active Users: nan (Weight: 0.30)
  - Transaction Volume: 62.95 (Weight: 0.30)
  - Transaction Count: nan (Weight: 0.25)
  - User Growth: nan (Weight: 0.15)"
Holdstation,Derivative exchanges,70.3653597018745,Strong Growth,"Project 'Holdstation' in the 'Derivative exchanges' sector has an overall User Growth Score of 70.37, categorized as 'Strong Growth'.
The score is based on the following weighted metrics:
  - Active Users: 69.22 (Weight: 0.30)
  - Transaction Volume: 64.95 (Weight: 0.40)
  - Transaction Count: nan (Weight: 0.20)
  - User Growth: 95.45 (Weight: 0.10)"
Starknet,Blockchains (L2),74.82779415706244,Strong Growth,"Project 'Starknet' in the 'Blockchains (L2)' sector has an overall User Growth Score of 74.83, categorized as 'Strong Growth'.
The score is based on the following weighted metrics:
  - Active Users: 67.50 (Weight: 0.30)
  - Transaction Volume: 84.62 (Weight: 0.25)
  - Bridge Volume: nan (Weight: 0.20)
  - Transaction Count: 73.17 (Weight: 0.15)
  - User Growth: nan (Weight: 0.10)"
Clipper,Exchanges (DEX),41.877844069167764,Slow Growth,"Project 'Clipper' in the 'Exchanges (DEX)' sector has an overall User Growth Score of 41.88, categorized as 'Slow Growth'.
The score is based on the following weighted metrics:
  - Active Users: 32.73 (Weight: 0.30)
  - Transaction Volume: 50.26 (Weight: 0.40)
  - Transaction Count: nan (Weight: 0.20)
  - User Growth: 35.81 (Weight: 0.10)"
Rarible,NFT marketplaces,65.625,Strong Growth,"Project 'Rarible' in the 'NFT marketplaces' sector has an overall User Growth Score of 65.62, categorized as 'Strong Growth'.
The score is based on the following weighted metrics:
  - Active Users: 70.00 (Weight: 0.40)
  - Transaction Volume: 59.17 (Weight: 0.30)
  - Transaction Count: nan (Weight: 0.20)
  - User Growth: 67.50 (Weight: 0.10)"
Chainlink,Infrastructure,85.72299651567945,Exceptional Growth,"Project 'Chainlink' in the 'Infrastructure' sector has an overall User Growth Score of 85.72, categorized as 'Exceptional Growth'.
The score is based on the following weighted metrics:
  - Active Users: 67.50 (Weight: 0.30)
  - Transaction Volume: 100.00 (Weight: 0.30)
  - Transaction Count: nan (Weight: 0.30)
  - User Growth: 97.56 (Weight: 0.10)"
Radiant Capital,Lending,51.703216374269005,Steady Growth,"Project 'Radiant Capital' in the 'Lending' sector has an overall User Growth Score of 51.70, categorized as 'Steady Growth'.
The score is based on the following weighted metrics:
  - Active Users: 31.05 (Weight: 0.40)
  - Transaction Volume: 66.84 (Weight: 0.30)
  - Transaction Count: nan (Weight: 0.20)
  - User Growth: 88.89 (Weight: 0.10)"
Zerion,Infrastructure,77.77777777777779,Strong Growth,"Project 'Zerion' in the 'Infrastructure' sector has an overall User Growth Score of 77.78, categorized as 'Strong Growth'.
The score is based on the following weighted metrics:
  - Active Users: 77.78 (Weight: 0.30)
  - Transaction Volume: nan (Weight: 0.30)
  - Transaction Count: nan (Weight: 0.30)
  - User Growth: nan (Weight: 0.10)"
NFTX,NFT marketplaces,34.583333333333336,Slow Growth,"Project 'NFTX' in the 'NFT marketplaces' sector has an overall User Growth Score of 34.58, categorized as 'Slow Growth'.
The score is based on the following weighted metrics:
  - Active Users: 62.50 (Weight: 0.40)
  - Transaction Volume: 0.00 (Weight: 0.30)
  - Transaction Count: nan (Weight: 0.20)
  - User Growth: 26.67 (Weight: 0.10)"
Angle,Stablecoin issuers,49.52380952380952,Steady Growth,"Project 'Angle' in the 'Stablecoin issuers' sector has an overall User Growth Score of 49.52, categorized as 'Steady Growth'.
The score is based on the following weighted metrics:
  - Active Users: nan (Weight: 0.20)
  - Transaction Volume: 55.00 (Weight: 0.40)
  - Transaction Count: nan (Weight: 0.20)
  - User Growth: 38.57 (Weight: 0.20)"
Hop Protocol,Bridges,79.54545454545455,Strong Growth,"Project 'Hop Protocol' in the 'Bridges' sector has an overall User Growth Score of 79.55, categorized as 'Strong Growth'.
The score is based on the following weighted metrics:
  - Active Users: 81.82 (Weight: 0.20)
  - Bridge Volume: nan (Weight: 0.50)
  - Transaction Count: nan (Weight: 0.20)
  - User Growth: 75.00 (Weight: 0.10)"
Perpetual Protocol,Derivative exchanges,70.24213701938456,Strong Growth,"Project 'Perpetual Protocol' in the 'Derivative exchanges' sector has an overall User Growth Score of 70.24, categorized as 'Strong Growth'.
The score is based on the following weighted metrics:
  - Active Users: 58.88 (Weight: 0.30)
  - Transaction Volume: 79.59 (Weight: 0.40)
  - Transaction Count: nan (Weight: 0.20)
  - User Growth: 66.93 (Weight: 0.10)"
Fantom,Blockchains (L1),32.89152024446142,Slow Growth,"Project 'Fantom' in the 'Blockchains (L1)' sector has an overall User Growth Score of 32.89, categorized as 'Slow Growth'.
The score is based on the following weighted metrics:
  - Active Users: 50.83 (Weight: 0.30)
  - Transaction Volume: 22.12 (Weight: 0.30)
  - Transaction Count: 24.29 (Weight: 0.25)
  - User Growth: nan (Weight: 0.15)"
Foundation,NFT marketplaces,55.0,Steady Growth,"Project 'Foundation' in the 'NFT marketplaces' sector has an overall User Growth Score of 55.00, categorized as 'Steady Growth'.
The score is based on the following weighted metrics:
  - Active Users: 55.00 (Weight: 0.40)
  - Transaction Volume: nan (Weight: 0.30)
  - Transaction Count: nan (Weight: 0.20)
  - User Growth: nan (Weight: 0.10)"
Equalizer Exchange,Exchanges (DEX),24.451758266761047,Stagnant/Declining,"Project 'Equalizer Exchange' in the 'Exchanges (DEX)' sector has an overall User Growth Score of 24.45, categorized as 'Stagnant/Declining'.
The score is based on the following weighted metrics:
  - Active Users: 37.27 (Weight: 0.30)
  - Transaction Volume: 6.90 (Weight: 0.40)
  - Transaction Count: nan (Weight: 0.20)
  - User Growth: 56.21 (Weight: 0.10)"
SpookySwap,Exchanges (DEX),48.97434965618364,Steady Growth,"Project 'SpookySwap' in the 'Exchanges (DEX)' sector has an overall User Growth Score of 48.97, categorized as 'Steady Growth'.
The score is based on the following weighted metrics:
  - Active Users: 49.89 (Weight: 0.30)
  - Transaction Volume: 40.78 (Weight: 0.40)
  - Transaction Count: nan (Weight: 0.20)
  - User Growth: 79.03 (Weight: 0.10)"
X2Y2,NFT marketplaces,40.9375,Slow Growth,"Project 'X2Y2' in the 'NFT marketplaces' sector has an overall User Growth Score of 40.94, categorized as 'Slow Growth'.
The score is based on the following weighted metrics:
  - Active Users: 30.00 (Weight: 0.40)
  - Transaction Volume: 50.83 (Weight: 0.30)
  - Transaction Count: nan (Weight: 0.20)
  - User Growth: 55.00 (Weight: 0.10)"
Gnosis,Blockchains (L1),40.53518377047789,Slow Growth,"Project 'Gnosis' in the 'Blockchains (L1)' sector has an overall User Growth Score of 40.54, categorized as 'Slow Growth'.
The score is based on the following weighted metrics:
  - Active Users: 39.63 (Weight: 0.30)
  - Transaction Volume: 47.05 (Weight: 0.30)
  - Transaction Count: 33.81 (Weight: 0.25)
  - User Growth: nan (Weight: 0.15)"
OpenChat,Social,90.31746031746032,Exceptional Growth,"Project 'OpenChat' in the 'Social' sector has an overall User Growth Score of 90.32, categorized as 'Exceptional Growth'.
The score is based on the following weighted metrics:
  - Active Users: 100.00 (Weight: 0.60)
  - Transaction Volume: 32.22 (Weight: 0.10)
  - Transaction Count: nan (Weight: 0.10)
  - User Growth: nan (Weight: 0.20)"
IPOR Protocol,Derivative exchanges,39.93004686200499,Slow Growth,"Project 'IPOR Protocol' in the 'Derivative exchanges' sector has an overall User Growth Score of 39.93, categorized as 'Slow Growth'.
The score is based on the following weighted metrics:
  - Active Users: 45.95 (Weight: 0.30)
  - Transaction Volume: 41.99 (Weight: 0.40)
  - Transaction Count: nan (Weight: 0.20)
  - User Growth: 13.64 (Weight: 0.10)"
Verse,Exchanges (DEX),40.23071721104258,Slow Growth,"Project 'Verse' in the 'Exchanges (DEX)' sector has an overall User Growth Score of 40.23, categorized as 'Slow Growth'.
The score is based on the following weighted metrics:
  - Active Users: 25.91 (Weight: 0.30)
  - Transaction Volume: 49.40 (Weight: 0.40)
  - Transaction Count: nan (Weight: 0.20)
  - User Growth: 46.53 (Weight: 0.10)"
Level Finance,Derivative exchanges,53.56381149638539,Steady Growth,"Project 'Level Finance' in the 'Derivative exchanges' sector has an overall User Growth Score of 53.56, categorized as 'Steady Growth'.
The score is based on the following weighted metrics:
  - Active Users: 51.12 (Weight: 0.30)
  - Transaction Volume: 51.17 (Weight: 0.40)
  - Transaction Count: nan (Weight: 0.20)
  - User Growth: 70.45 (Weight: 0.10)"
Unichain,Blockchains (L2),77.58420441347272,Strong Growth,"Project 'Unichain' in the 'Blockchains (L2)' sector has an overall User Growth Score of 77.58, categorized as 'Strong Growth'.
The score is based on the following weighted metrics:
  - Active Users: 78.57 (Weight: 0.30)
  - Transaction Volume: nan (Weight: 0.25)
  - Bridge Volume: nan (Weight: 0.20)
  - Transaction Count: 75.61 (Weight: 0.15)
  - User Growth: nan (Weight: 0.10)"
friend.tech,Social,48.4567901234568,Steady Growth,"Project 'friend.tech' in the 'Social' sector has an overall User Growth Score of 48.46, categorized as 'Steady Growth'.
The score is based on the following weighted metrics:
  - Active Users: 55.00 (Weight: 0.60)
  - Transaction Volume: 21.11 (Weight: 0.10)
  - Transaction Count: nan (Weight: 0.10)
  - User Growth: 42.50 (Weight: 0.20)"
Kusama,Blockchains (L1),20.56198142135642,Stagnant/Declining,"Project 'Kusama' in the 'Blockchains (L1)' sector has an overall User Growth Score of 20.56, categorized as 'Stagnant/Declining'.
The score is based on the following weighted metrics:
  - Active Users: 7.41 (Weight: 0.30)
  - Transaction Volume: 32.73 (Weight: 0.30)
  - Transaction Count: 9.52 (Weight: 0.25)
  - User Growth: 40.94 (Weight: 0.15)"
Tezos,Blockchains (L1),38.78787878787879,Slow Growth,"Project 'Tezos' in the 'Blockchains (L1)' sector has an overall User Growth Score of 38.79, categorized as 'Slow Growth'.
The score is based on the following weighted metrics:
  - Active Users: nan (Weight: 0.30)
  - Transaction Volume: 38.79 (Weight: 0.30)
  - Transaction Count: nan (Weight: 0.25)
  - User Growth: nan (Weight: 0.15)"
1inch,Exchanges (DEX),87.7843015808811,Exceptional Growth,"Project '1inch' in the 'Exchanges (DEX)' sector has an overall User Growth Score of 87.78, categorized as 'Exceptional Growth'.
The score is based on the following weighted metrics:
  - Active Users: 93.18 (Weight: 0.30)
  - Transaction Volume: 83.91 (Weight: 0.40)
  - Transaction Count: nan (Weight: 0.20)
  - User Growth: 87.10 (Weight: 0.10)"
Axelar Network,Interoperability,99.99999999999999,Exceptional Growth,"Project 'Axelar Network' in the 'Interoperability' sector has an overall User Growth Score of 100.00, categorized as 'Exceptional Growth'.
The score is based on the following weighted metrics:
  - Active Users: 100.00 (Weight: 0.35)
  - Transaction Volume: nan (Weight: 0.30)
  - Transaction Count: 100.00 (Weight: 0.20)
  - User Growth: nan (Weight: 0.15)"
Reflexer,Stablecoin issuers,48.30357142857142,Steady Growth,"Project 'Reflexer' in the 'Stablecoin issuers' sector has an overall User Growth Score of 48.30, categorized as 'Steady Growth'.
The score is based on the following weighted metrics:
  - Active Users: nan (Weight: 0.20)
  - Transaction Volume: 50.31 (Weight: 0.40)
  - Transaction Count: nan (Weight: 0.20)
  - User Growth: 44.29 (Weight: 0.20)"
Mean Finance,Exchanges (DEX),,,"Project 'Mean Finance' in the 'Exchanges (DEX)' sector has an overall User Growth Score of nan, categorized as 'None'.
The score is based on the following weighted metrics:
  - Active Users: nan (Weight: 0.30)
  - Transaction Volume: nan (Weight: 0.40)
  - Transaction Count: nan (Weight: 0.20)
  - User Growth: nan (Weight: 0.10)"
Sudoswap,NFT marketplaces,35.833333333333336,Slow Growth,"Project 'Sudoswap' in the 'NFT marketplaces' sector has an overall User Growth Score of 35.83, categorized as 'Slow Growth'.
The score is based on the following weighted metrics:
  - Active Users: 47.50 (Weight: 0.40)
  - Transaction Volume: 32.22 (Weight: 0.30)
  - Transaction Count: nan (Weight: 0.20)
  - User Growth: 0.00 (Weight: 0.10)"
Kleros,Infrastructure,29.23975090814738,Slow Growth,"Project 'Kleros' in the 'Infrastructure' sector has an overall User Growth Score of 29.24, categorized as 'Slow Growth'.
The score is based on the following weighted metrics:
  - Active Users: nan (Weight: 0.30)
  - Transaction Volume: 29.15 (Weight: 0.30)
  - Transaction Count: nan (Weight: 0.30)
  - User Growth: 29.51 (Weight: 0.10)"
AirSwap,Exchanges (DEX),59.36675219941349,Steady Growth,"Project 'AirSwap' in the 'Exchanges (DEX)' sector has an overall User Growth Score of 59.37, categorized as 'Steady Growth'.
The score is based on the following weighted metrics:
  - Active Users: 51.59 (Weight: 0.30)
  - Transaction Volume: 67.50 (Weight: 0.40)
  - Transaction Count: nan (Weight: 0.20)
  - User Growth: 50.16 (Weight: 0.10)"
Shoebill Finance,Lending,56.973684210526315,Steady Growth,"Project 'Shoebill Finance' in the 'Lending' sector has an overall User Growth Score of 56.97, categorized as 'Steady Growth'.
The score is based on the following weighted metrics:
  - Active Users: 56.97 (Weight: 0.40)
  - Transaction Volume: nan (Weight: 0.30)
  - Transaction Count: nan (Weight: 0.20)
  - User Growth: nan (Weight: 0.10)"
Aperture,Exchanges (DEX),30.454545454545457,Slow Growth,"Project 'Aperture' in the 'Exchanges (DEX)' sector has an overall User Growth Score of 30.45, categorized as 'Slow Growth'.
The score is based on the following weighted metrics:
  - Active Users: 30.45 (Weight: 0.30)
  - Transaction Volume: nan (Weight: 0.40)
  - Transaction Count: nan (Weight: 0.20)
  - User Growth: nan (Weight: 0.10)"
Mina Protocol,Blockchains (L1),28.089225589225588,Slow Growth,"Project 'Mina Protocol' in the 'Blockchains (L1)' sector has an overall User Growth Score of 28.09, categorized as 'Slow Growth'.
The score is based on the following weighted metrics:
  - Active Users: 14.81 (Weight: 0.30)
  - Transaction Volume: 41.36 (Weight: 0.30)
  - Transaction Count: nan (Weight: 0.25)
  - User Growth: nan (Weight: 0.15)"
Zyberswap,Exchanges (DEX),30.674507870698083,Slow Growth,"Project 'Zyberswap' in the 'Exchanges (DEX)' sector has an overall User Growth Score of 30.67, categorized as 'Slow Growth'.
The score is based on the following weighted metrics:
  - Active Users: 41.36 (Weight: 0.30)
  - Transaction Volume: 18.39 (Weight: 0.40)
  - Transaction Count: nan (Weight: 0.20)
  - User Growth: 47.74 (Weight: 0.10)"
Mummy Finance,Derivative exchanges,48.53448275862069,Steady Growth,"Project 'Mummy Finance' in the 'Derivative exchanges' sector has an overall User Growth Score of 48.53, categorized as 'Steady Growth'.
The score is based on the following weighted metrics:
  - Active Users: 48.53 (Weight: 0.30)
  - Transaction Volume: nan (Weight: 0.40)
  - Transaction Count: nan (Weight: 0.20)
  - User Growth: nan (Weight: 0.10)"
Wombat Exchange,Exchanges (DEX),37.895894428152495,Slow Growth,"Project 'Wombat Exchange' in the 'Exchanges (DEX)' sector has an overall User Growth Score of 37.90, categorized as 'Slow Growth'.
The score is based on the following weighted metrics:
  - Active Users: 23.64 (Weight: 0.30)
  - Transaction Volume: 42.50 (Weight: 0.40)
  - Transaction Count: nan (Weight: 0.20)
  - User Growth: 62.26 (Weight: 0.10)"
Aleph Zero EVM,Blockchains (L2),59.28015077115355,Steady Growth,"Project 'Aleph Zero EVM' in the 'Blockchains (L2)' sector has an overall User Growth Score of 59.28, categorized as 'Steady Growth'.
The score is based on the following weighted metrics:
  - Active Users: 63.93 (Weight: 0.30)
  - Transaction Volume: 50.67 (Weight: 0.25)
  - Bridge Volume: nan (Weight: 0.20)
  - Transaction Count: 59.57 (Weight: 0.15)
  - User Growth: 66.41 (Weight: 0.10)"
Conflux Core Space,Blockchains (L1),36.4983164983165,Slow Growth,"Project 'Conflux Core Space' in the 'Blockchains (L1)' sector has an overall User Growth Score of 36.50, categorized as 'Slow Growth'.
The score is based on the following weighted metrics:
  - Active Users: 24.81 (Weight: 0.30)
  - Transaction Volume: 48.18 (Weight: 0.30)
  - Transaction Count: nan (Weight: 0.25)
  - User Growth: nan (Weight: 0.15)"
Everclear,Bridges,40.05681818181817,Slow Growth,"Project 'Everclear' in the 'Bridges' sector has an overall User Growth Score of 40.06, categorized as 'Slow Growth'.
The score is based on the following weighted metrics:
  - Active Users: 37.27 (Weight: 0.20)
  - Bridge Volume: nan (Weight: 0.50)
  - Transaction Count: nan (Weight: 0.20)
  - User Growth: 45.62 (Weight: 0.10)"
Zora,NFT marketplaces,80.0,Exceptional Growth,"Project 'Zora' in the 'NFT marketplaces' sector has an overall User Growth Score of 80.00, categorized as 'Exceptional Growth'.
The score is based on the following weighted metrics:
  - Active Users: 80.00 (Weight: 0.40)
  - Transaction Volume: nan (Weight: 0.30)
  - Transaction Count: nan (Weight: 0.20)
  - User Growth: nan (Weight: 0.10)"
Cap,Derivative exchanges,33.142303355511494,Slow Growth,"Project 'Cap' in the 'Derivative exchanges' sector has an overall User Growth Score of 33.14, categorized as 'Slow Growth'.
The score is based on the following weighted metrics:
  - Active Users: 45.95 (Weight: 0.30)
  - Transaction Volume: 20.20 (Weight: 0.40)
  - Transaction Count: nan (Weight: 0.20)
  - User Growth: 46.48 (Weight: 0.10)"
SolidLizard,Exchanges (DEX),20.327636768126204,Stagnant/Declining,"Project 'SolidLizard' in the 'Exchanges (DEX)' sector has an overall User Growth Score of 20.33, categorized as 'Stagnant/Declining'.
The score is based on the following weighted metrics:
  - Active Users: 28.18 (Weight: 0.30)
  - Transaction Volume: 13.79 (Weight: 0.40)
  - Transaction Count: nan (Weight: 0.20)
  - User Growth: 22.90 (Weight: 0.10)"
Thales,Derivative exchanges,57.49369242210991,Steady Growth,"Project 'Thales' in the 'Derivative exchanges' sector has an overall User Growth Score of 57.49, categorized as 'Steady Growth'.
The score is based on the following weighted metrics:
  - Active Users: 53.71 (Weight: 0.30)
  - Transaction Volume: 58.83 (Weight: 0.40)
  - Transaction Count: nan (Weight: 0.20)
  - User Growth: 63.52 (Weight: 0.10)"
Viction,Blockchains (L1),43.755411255411246,Slow Growth,"Project 'Viction' in the 'Blockchains (L1)' sector has an overall User Growth Score of 43.76, categorized as 'Slow Growth'.
The score is based on the following weighted metrics:
  - Active Users: 61.94 (Weight: 0.30)
  - Transaction Volume: 23.64 (Weight: 0.30)
  - Transaction Count: 46.07 (Weight: 0.25)
  - User Growth: nan (Weight: 0.15)"
Sound.xyz,NFT marketplaces,20.0,Stagnant/Declining,"Project 'Sound.xyz' in the 'NFT marketplaces' sector has an overall User Growth Score of 20.00, categorized as 'Stagnant/Declining'.
The score is based on the following weighted metrics:
  - Active Users: 20.00 (Weight: 0.40)
  - Transaction Volume: nan (Weight: 0.30)
  - Transaction Count: nan (Weight: 0.20)
  - User Growth: nan (Weight: 0.10)"
Cryptex,Asset management,59.46396933040078,Steady Growth,"Project 'Cryptex' in the 'Asset management' sector has an overall User Growth Score of 59.46, categorized as 'Steady Growth'.
The score is based on the following weighted metrics:
  - Active Users: 45.62 (Weight: 0.30)
  - Transaction Volume: 75.76 (Weight: 0.40)
  - Transaction Count: nan (Weight: 0.20)
  - User Growth: 35.81 (Weight: 0.10)"
Polynomial Protocol,Derivative exchanges,45.94827586206897,Steady Growth,"Project 'Polynomial Protocol' in the 'Derivative exchanges' sector has an overall User Growth Score of 45.95, categorized as 'Steady Growth'.
The score is based on the following weighted metrics:
  - Active Users: 45.95 (Weight: 0.30)
  - Transaction Volume: nan (Weight: 0.40)
  - Transaction Count: nan (Weight: 0.20)
  - User Growth: nan (Weight: 0.10)"
XAI,Blockchains (L3),85.00000000000001,Exceptional Growth,"Project 'XAI' in the 'Blockchains (L3)' sector has an overall User Growth Score of 85.00, categorized as 'Exceptional Growth'.
The score is based on the following weighted metrics:
  - Active Users: nan (Weight: 0.35)
  - Transaction Volume: 100.00 (Weight: 0.30)
  - Transaction Count: nan (Weight: 0.20)
  - User Growth: 55.00 (Weight: 0.15)"
DFX Finance,Exchanges (DEX),13.774985674318266,Stagnant/Declining,"Project 'DFX Finance' in the 'Exchanges (DEX)' sector has an overall User Growth Score of 13.77, categorized as 'Stagnant/Declining'.
The score is based on the following weighted metrics:
  - Active Users: 18.18 (Weight: 0.30)
  - Transaction Volume: 11.49 (Weight: 0.40)
  - Transaction Count: nan (Weight: 0.20)
  - User Growth: 9.68 (Weight: 0.10)"
Volmex,Derivative exchanges,45.94827586206897,Steady Growth,"Project 'Volmex' in the 'Derivative exchanges' sector has an overall User Growth Score of 45.95, categorized as 'Steady Growth'.
The score is based on the following weighted metrics:
  - Active Users: 45.95 (Weight: 0.30)
  - Transaction Volume: nan (Weight: 0.40)
  - Transaction Count: nan (Weight: 0.20)
  - User Growth: nan (Weight: 0.10)"
Deri Protocol,Derivative exchanges,45.48431402341501,Steady Growth,"Project 'Deri Protocol' in the 'Derivative exchanges' sector has an overall User Growth Score of 45.48, categorized as 'Steady Growth'.
The score is based on the following weighted metrics:
  - Active Users: 45.95 (Weight: 0.30)
  - Transaction Volume: 54.23 (Weight: 0.40)
  - Transaction Count: nan (Weight: 0.20)
  - User Growth: 9.09 (Weight: 0.10)"
Karura,Blockchains (L1),6.0606060606060606,Stagnant/Declining,"Project 'Karura' in the 'Blockchains (L1)' sector has an overall User Growth Score of 6.06, categorized as 'Stagnant/Declining'.
The score is based on the following weighted metrics:
  - Active Users: nan (Weight: 0.30)
  - Transaction Volume: 6.06 (Weight: 0.30)
  - Transaction Count: nan (Weight: 0.25)
  - User Growth: nan (Weight: 0.15)"
Pika Protocol,Derivative exchanges,30.003098810056944,Slow Growth,"Project 'Pika Protocol' in the 'Derivative exchanges' sector has an overall User Growth Score of 30.00, categorized as 'Slow Growth'.
The score is based on the following weighted metrics:
  - Active Users: 45.95 (Weight: 0.30)
  - Transaction Volume: 20.20 (Weight: 0.40)
  - Transaction Count: nan (Weight: 0.20)
  - User Growth: 21.36 (Weight: 0.10)"
dYdX,Derivative exchanges,84.93506493506493,Exceptional Growth,"Project 'dYdX' in the 'Derivative exchanges' sector has an overall User Growth Score of 84.94, categorized as 'Exceptional Growth'.
The score is based on the following weighted metrics:
  - Active Users: nan (Weight: 0.30)
  - Transaction Volume: 85.71 (Weight: 0.40)
  - Transaction Count: nan (Weight: 0.20)
  - User Growth: 81.82 (Weight: 0.10)"
Premia,Derivative exchanges,43.760056138442856,Slow Growth,"Project 'Premia' in the 'Derivative exchanges' sector has an overall User Growth Score of 43.76, categorized as 'Slow Growth'.
The score is based on the following weighted metrics:
  - Active Users: 45.95 (Weight: 0.30)
  - Transaction Volume: 46.58 (Weight: 0.40)
  - Transaction Count: nan (Weight: 0.20)
  - User Growth: 25.91 (Weight: 0.10)"
Lighter,Exchanges (DEX),18.181818181818183,Stagnant/Declining,"Project 'Lighter' in the 'Exchanges (DEX)' sector has an overall User Growth Score of 18.18, categorized as 'Stagnant/Declining'.
The score is based on the following weighted metrics:
  - Active Users: 18.18 (Weight: 0.30)
  - Transaction Volume: nan (Weight: 0.40)
  - Transaction Count: nan (Weight: 0.20)
  - User Growth: nan (Weight: 0.10)"
Osmosis,Exchanges (DEX),47.34885803851322,Steady Growth,"Project 'Osmosis' in the 'Exchanges (DEX)' sector has an overall User Growth Score of 47.35, categorized as 'Steady Growth'.
The score is based on the following weighted metrics:
  - Active Users: 18.18 (Weight: 0.30)
  - Transaction Volume: 69.22 (Weight: 0.40)
  - Transaction Count: nan (Weight: 0.20)
  - User Growth: nan (Weight: 0.10)"
Aragon,Infrastructure,11.789050337311883,Stagnant/Declining,"Project 'Aragon' in the 'Infrastructure' sector has an overall User Growth Score of 11.79, categorized as 'Stagnant/Declining'.
The score is based on the following weighted metrics:
  - Active Users: nan (Weight: 0.30)
  - Transaction Volume: 4.26 (Weight: 0.30)
  - Transaction Count: nan (Weight: 0.30)
  - User Growth: 34.39 (Weight: 0.10)"
Optimism Gateway,Bridges,75.9647495361781,Strong Growth,"Project 'Optimism Gateway' in the 'Bridges' sector has an overall User Growth Score of 75.96, categorized as 'Strong Growth'.
The score is based on the following weighted metrics:
  - Active Users: 51.59 (Weight: 0.20)
  - Bridge Volume: 85.71 (Weight: 0.50)
  - Transaction Count: nan (Weight: 0.20)
  - User Growth: nan (Weight: 0.10)"
Pocket Network,Infrastructure,39.787234042553195,Slow Growth,"Project 'Pocket Network' in the 'Infrastructure' sector has an overall User Growth Score of 39.79, categorized as 'Slow Growth'.
The score is based on the following weighted metrics:
  - Active Users: nan (Weight: 0.30)
  - Transaction Volume: 39.79 (Weight: 0.30)
  - Transaction Count: nan (Weight: 0.30)
  - User Growth: nan (Weight: 0.10)"
Swarm,Infrastructure,41.41417698371513,Slow Growth,"Project 'Swarm' in the 'Infrastructure' sector has an overall User Growth Score of 41.41, categorized as 'Slow Growth'.
The score is based on the following weighted metrics:
  - Active Users: 21.11 (Weight: 0.30)
  - Transaction Volume: 44.63 (Weight: 0.30)
  - Transaction Count: nan (Weight: 0.30)
  - User Growth: 92.68 (Weight: 0.10)"
XOXNO,NFT marketplaces,20.0,Stagnant/Declining,"Project 'XOXNO' in the 'NFT marketplaces' sector has an overall User Growth Score of 20.00, categorized as 'Stagnant/Declining'.
The score is based on the following weighted metrics:
  - Active Users: 20.00 (Weight: 0.40)
  - Transaction Volume: nan (Weight: 0.30)
  - Transaction Count: nan (Weight: 0.20)
  - User Growth: nan (Weight: 0.10)"
IDEX,Exchanges (DEX),70.77011494252874,Strong Growth,"Project 'IDEX' in the 'Exchanges (DEX)' sector has an overall User Growth Score of 70.77, categorized as 'Strong Growth'.
The score is based on the following weighted metrics:
  - Active Users: nan (Weight: 0.30)
  - Transaction Volume: 74.71 (Weight: 0.40)
  - Transaction Count: nan (Weight: 0.20)
  - User Growth: 55.00 (Weight: 0.10)"
TrueFi,Lending,43.94554093567252,Slow Growth,"Project 'TrueFi' in the 'Lending' sector has an overall User Growth Score of 43.95, categorized as 'Slow Growth'.
The score is based on the following weighted metrics:
  - Active Users: 10.53 (Weight: 0.40)
  - Transaction Volume: 81.58 (Weight: 0.30)
  - Transaction Count: nan (Weight: 0.20)
  - User Growth: 64.72 (Weight: 0.10)"
Toucan Protocol,Infrastructure,32.22222222222222,Slow Growth,"Project 'Toucan Protocol' in the 'Infrastructure' sector has an overall User Growth Score of 32.22, categorized as 'Slow Growth'.
The score is based on the following weighted metrics:
  - Active Users: 32.22 (Weight: 0.30)
  - Transaction Volume: nan (Weight: 0.30)
  - Transaction Count: nan (Weight: 0.30)
  - User Growth: nan (Weight: 0.10)"
Opyn,Derivative exchanges,48.63734326018809,Steady Growth,"Project 'Opyn' in the 'Derivative exchanges' sector has an overall User Growth Score of 48.64, categorized as 'Steady Growth'.
The score is based on the following weighted metrics:
  - Active Users: 45.95 (Weight: 0.30)
  - Transaction Volume: nan (Weight: 0.40)
  - Transaction Count: nan (Weight: 0.20)
  - User Growth: 56.70 (Weight: 0.10)"
Alongside,Asset management,,,"Project 'Alongside' in the 'Asset management' sector has an overall User Growth Score of nan, categorized as 'None'.
The score is based on the following weighted metrics:
  - Active Users: nan (Weight: 0.30)
  - Transaction Volume: nan (Weight: 0.40)
  - Transaction Count: nan (Weight: 0.20)
  - User Growth: nan (Weight: 0.10)"
Ren,Bridges,45.454545454545446,Steady Growth,"Project 'Ren' in the 'Bridges' sector has an overall User Growth Score of 45.45, categorized as 'Steady Growth'.
The score is based on the following weighted metrics:
  - Active Users: 18.18 (Weight: 0.20)
  - Bridge Volume: nan (Weight: 0.50)
  - Transaction Count: nan (Weight: 0.20)
  - User Growth: 100.00 (Weight: 0.10)"
Notional Finance,Lending,17.975146198830412,Stagnant/Declining,"Project 'Notional Finance' in the 'Lending' sector has an overall User Growth Score of 17.98, categorized as 'Stagnant/Declining'.
The score is based on the following weighted metrics:
  - Active Users: 10.53 (Weight: 0.40)
  - Transaction Volume: 23.16 (Weight: 0.30)
  - Transaction Count: nan (Weight: 0.20)
  - User Growth: 32.22 (Weight: 0.10)"
CoW Protocol,Exchanges (DEX),69.21655901338188,Strong Growth,"Project 'CoW Protocol' in the 'Exchanges (DEX)' sector has an overall User Growth Score of 69.22, categorized as 'Strong Growth'.
The score is based on the following weighted metrics:
  - Active Users: 56.70 (Weight: 0.30)
  - Transaction Volume: 87.36 (Weight: 0.40)
  - Transaction Count: nan (Weight: 0.20)
  - User Growth: 34.19 (Weight: 0.10)"
PoolTogether,Asset management,49.80014357282502,Steady Growth,"Project 'PoolTogether' in the 'Asset management' sector has an overall User Growth Score of 49.80, categorized as 'Steady Growth'.
The score is based on the following weighted metrics:
  - Active Users: 64.38 (Weight: 0.30)
  - Transaction Volume: 34.24 (Weight: 0.40)
  - Transaction Count: nan (Weight: 0.20)
  - User Growth: 68.31 (Weight: 0.10)"
Across,Bridges,42.44724025974026,Slow Growth,"Project 'Across' in the 'Bridges' sector has an overall User Growth Score of 42.45, categorized as 'Slow Growth'.
The score is based on the following weighted metrics:
  - Active Users: 18.18 (Weight: 0.20)
  - Bridge Volume: 49.64 (Weight: 0.50)
  - Transaction Count: nan (Weight: 0.20)
  - User Growth: 55.00 (Weight: 0.10)"
LooksRare,NFT marketplaces,57.81250000000001,Steady Growth,"Project 'LooksRare' in the 'NFT marketplaces' sector has an overall User Growth Score of 57.81, categorized as 'Steady Growth'.
The score is based on the following weighted metrics:
  - Active Users: 40.00 (Weight: 0.40)
  - Transaction Volume: 67.50 (Weight: 0.30)
  - Transaction Count: nan (Weight: 0.20)
  - User Growth: 100.00 (Weight: 0.10)"
Metavault.Trade,Derivative exchanges,45.439671166272156,Steady Growth,"Project 'Metavault.Trade' in the 'Derivative exchanges' sector has an overall User Growth Score of 45.44, categorized as 'Steady Growth'.
The score is based on the following weighted metrics:
  - Active Users: 45.95 (Weight: 0.30)
  - Transaction Volume: 43.52 (Weight: 0.40)
  - Transaction Count: nan (Weight: 0.20)
  - User Growth: 51.59 (Weight: 0.10)"
zkSync Era Bridge,Bridges,59.07235621521336,Steady Growth,"Project 'zkSync Era Bridge' in the 'Bridges' sector has an overall User Growth Score of 59.07, categorized as 'Steady Growth'.
The score is based on the following weighted metrics:
  - Active Users: 28.18 (Weight: 0.20)
  - Bridge Volume: 71.43 (Weight: 0.50)
  - Transaction Count: nan (Weight: 0.20)
  - User Growth: nan (Weight: 0.10)"
Lens Protocol,Social,0.0,Stagnant/Declining,"Project 'Lens Protocol' in the 'Social' sector has an overall User Growth Score of 0.00, categorized as 'Stagnant/Declining'.
The score is based on the following weighted metrics:
  - Active Users: 0.00 (Weight: 0.60)
  - Transaction Volume: nan (Weight: 0.10)
  - Transaction Count: nan (Weight: 0.10)
  - User Growth: nan (Weight: 0.20)"
Hashflow,Exchanges (DEX),55.768288418107666,Steady Growth,"Project 'Hashflow' in the 'Exchanges (DEX)' sector has an overall User Growth Score of 55.77, categorized as 'Steady Growth'.
The score is based on the following weighted metrics:
  - Active Users: 18.18 (Weight: 0.30)
  - Transaction Volume: 85.06 (Weight: 0.40)
  - Transaction Count: nan (Weight: 0.20)
  - User Growth: 51.37 (Weight: 0.10)"
Voltz,Derivative exchanges,45.94827586206897,Steady Growth,"Project 'Voltz' in the 'Derivative exchanges' sector has an overall User Growth Score of 45.95, categorized as 'Steady Growth'.
The score is based on the following weighted metrics:
  - Active Users: 45.95 (Weight: 0.30)
  - Transaction Volume: nan (Weight: 0.40)
  - Transaction Count: nan (Weight: 0.20)
  - User Growth: nan (Weight: 0.10)"
KAP Games,Gaming,33.88888888888888,Slow Growth,"Project 'KAP Games' in the 'Gaming' sector has an overall User Growth Score of 33.89, categorized as 'Slow Growth'.
The score is based on the following weighted metrics:
  - Active Users: nan (Weight: 0.50)
  - Transaction Volume: 50.83 (Weight: 0.20)
  - Transaction Count: nan (Weight: 0.20)
  - User Growth: 0.00 (Weight: 0.10)"
0x,Exchanges (DEX),64.69035460275727,Steady Growth,"Project '0x' in the 'Exchanges (DEX)' sector has an overall User Growth Score of 64.69, categorized as 'Steady Growth'.
The score is based on the following weighted metrics:
  - Active Users: 18.18 (Weight: 0.30)
  - Transaction Volume: 91.95 (Weight: 0.40)
  - Transaction Count: nan (Weight: 0.20)
  - User Growth: 95.16 (Weight: 0.10)"
Dopex,Derivative exchanges,41.589369682042104,Slow Growth,"Project 'Dopex' in the 'Derivative exchanges' sector has an overall User Growth Score of 41.59, categorized as 'Slow Growth'.
The score is based on the following weighted metrics:
  - Active Users: 45.95 (Weight: 0.30)
  - Transaction Volume: 24.29 (Weight: 0.40)
  - Transaction Count: nan (Weight: 0.20)
  - User Growth: 97.73 (Weight: 0.10)"
BetSwirl,Prediction markets,31.718750000000004,Slow Growth,"Project 'BetSwirl' in the 'Prediction markets' sector has an overall User Growth Score of 31.72, categorized as 'Slow Growth'.
The score is based on the following weighted metrics:
  - Active Users: 42.50 (Weight: 0.35)
  - Transaction Volume: 35.00 (Weight: 0.30)
  - Transaction Count: nan (Weight: 0.20)
  - User Growth: 0.00 (Weight: 0.15)"
Arbitrum Bridge,Bridges,97.40259740259742,Exceptional Growth,"Project 'Arbitrum Bridge' in the 'Bridges' sector has an overall User Growth Score of 97.40, categorized as 'Exceptional Growth'.
The score is based on the following weighted metrics:
  - Active Users: 90.91 (Weight: 0.20)
  - Bridge Volume: 100.00 (Weight: 0.50)
  - Transaction Count: nan (Weight: 0.20)
  - User Growth: nan (Weight: 0.10)"
Buffer Finance,Derivative exchanges,35.486053355511494,Slow Growth,"Project 'Buffer Finance' in the 'Derivative exchanges' sector has an overall User Growth Score of 35.49, categorized as 'Slow Growth'.
The score is based on the following weighted metrics:
  - Active Users: 45.95 (Weight: 0.30)
  - Transaction Volume: 20.20 (Weight: 0.40)
  - Transaction Count: nan (Weight: 0.20)
  - User Growth: 65.23 (Weight: 0.10)"
xExchange,Exchanges (DEX),41.63793103448276,Slow Growth,"Project 'xExchange' in the 'Exchanges (DEX)' sector has an overall User Growth Score of 41.64, categorized as 'Slow Growth'.
The score is based on the following weighted metrics:
  - Active Users: nan (Weight: 0.30)
  - Transaction Volume: 41.64 (Weight: 0.40)
  - Transaction Count: nan (Weight: 0.20)
  - User Growth: nan (Weight: 0.10)"
Polymarket,Prediction markets,100.0,Exceptional Growth,"Project 'Polymarket' in the 'Prediction markets' sector has an overall User Growth Score of 100.00, categorized as 'Exceptional Growth'.
The score is based on the following weighted metrics:
  - Active Users: 100.00 (Weight: 0.35)
  - Transaction Volume: nan (Weight: 0.30)
  - Transaction Count: nan (Weight: 0.20)
  - User Growth: nan (Weight: 0.15)"
Bounce Finance,Infrastructure,53.94864951689031,Steady Growth,"Project 'Bounce Finance' in the 'Infrastructure' sector has an overall User Growth Score of 53.95, categorized as 'Steady Growth'.
The score is based on the following weighted metrics:
  - Active Users: 21.11 (Weight: 0.30)
  - Transaction Volume: 95.74 (Weight: 0.30)
  - Transaction Count: nan (Weight: 0.30)
  - User Growth: 27.07 (Weight: 0.10)"
SX,Prediction markets,42.1875,Slow Growth,"Project 'SX' in the 'Prediction markets' sector has an overall User Growth Score of 42.19, categorized as 'Slow Growth'.
The score is based on the following weighted metrics:
  - Active Users: 67.50 (Weight: 0.35)
  - Transaction Volume: 0.00 (Weight: 0.30)
  - Transaction Count: nan (Weight: 0.20)
  - User Growth: 67.50 (Weight: 0.15)"
Axie Infinity,Gaming,94.11764705882351,Exceptional Growth,"Project 'Axie Infinity' in the 'Gaming' sector has an overall User Growth Score of 94.12, categorized as 'Exceptional Growth'.
The score is based on the following weighted metrics:
  - Active Users: nan (Weight: 0.50)
  - Transaction Volume: 100.00 (Weight: 0.20)
  - Transaction Count: nan (Weight: 0.20)
  - User Growth: 82.35 (Weight: 0.10)"
Vesta Finance,Stablecoin issuers,43.660714285714285,Slow Growth,"Project 'Vesta Finance' in the 'Stablecoin issuers' sector has an overall User Growth Score of 43.66, categorized as 'Slow Growth'.
The score is based on the following weighted metrics:
  - Active Users: 49.64 (Weight: 0.20)
  - Transaction Volume: 12.50 (Weight: 0.40)
  - Transaction Count: nan (Weight: 0.20)
  - User Growth: 100.00 (Weight: 0.20)"
Rhino.fi,Exchanges (DEX),6.8965517241379315,Stagnant/Declining,"Project 'Rhino.fi' in the 'Exchanges (DEX)' sector has an overall User Growth Score of 6.90, categorized as 'Stagnant/Declining'.
The score is based on the following weighted metrics:
  - Active Users: nan (Weight: 0.30)
  - Transaction Volume: 6.90 (Weight: 0.40)
  - Transaction Count: nan (Weight: 0.20)
  - User Growth: nan (Weight: 0.10)"
zkLend,Lending,41.621588693957115,Slow Growth,"Project 'zkLend' in the 'Lending' sector has an overall User Growth Score of 41.62, categorized as 'Slow Growth'.
The score is based on the following weighted metrics:
  - Active Users: nan (Weight: 0.40)
  - Transaction Volume: 53.03 (Weight: 0.30)
  - Transaction Count: nan (Weight: 0.20)
  - User Growth: 7.41 (Weight: 0.10)"
PayPal,Stablecoin issuers,,,"Project 'PayPal' in the 'Stablecoin issuers' sector has an overall User Growth Score of nan, categorized as 'None'.
The score is based on the following weighted metrics:
  - Active Users: nan (Weight: 0.20)
  - Transaction Volume: nan (Weight: 0.40)
  - Transaction Count: nan (Weight: 0.20)
  - User Growth: nan (Weight: 0.20)"
ApeX Protocol,Derivative exchanges,77.65862708719851,Strong Growth,"Project 'ApeX Protocol' in the 'Derivative exchanges' sector has an overall User Growth Score of 77.66, categorized as 'Strong Growth'.
The score is based on the following weighted metrics:
  - Active Users: nan (Weight: 0.30)
  - Transaction Volume: 87.76 (Weight: 0.40)
  - Transaction Count: nan (Weight: 0.20)
  - User Growth: 37.27 (Weight: 0.10)"
LI.FI,Infrastructure,,,"Project 'LI.FI' in the 'Infrastructure' sector has an overall User Growth Score of nan, categorized as 'None'.
The score is based on the following weighted metrics:
  - Active Users: nan (Weight: 0.30)
  - Transaction Volume: nan (Weight: 0.30)
  - Transaction Count: nan (Weight: 0.30)
  - User Growth: nan (Weight: 0.10)"
peaq,Blockchains (L1),29.149477973007382,Slow Growth,"Project 'peaq' in the 'Blockchains (L1)' sector has an overall User Growth Score of 29.15, categorized as 'Slow Growth'.
The score is based on the following weighted metrics:
  - Active Users: 21.11 (Weight: 0.30)
  - Transaction Volume: 37.27 (Weight: 0.30)
  - Transaction Count: 29.05 (Weight: 0.25)
  - User Growth: nan (Weight: 0.15)"
Mereo,Social,,,"Project 'Mereo' in the 'Social' sector has an overall User Growth Score of nan, categorized as 'None'.
The score is based on the following weighted metrics:
  - Active Users: nan (Weight: 0.60)
  - Transaction Volume: nan (Weight: 0.10)
  - Transaction Count: nan (Weight: 0.10)
  - User Growth: nan (Weight: 0.20)"
DeGate,Exchanges (DEX),32.55320726733408,Slow Growth,"Project 'DeGate' in the 'Exchanges (DEX)' sector has an overall User Growth Score of 32.55, categorized as 'Slow Growth'.
The score is based on the following weighted metrics:
  - Active Users: nan (Weight: 0.30)
  - Transaction Volume: 39.89 (Weight: 0.40)
  - Transaction Count: nan (Weight: 0.20)
  - User Growth: 3.23 (Weight: 0.10)"
Ocean Protocol,Infrastructure,39.72269071094966,Slow Growth,"Project 'Ocean Protocol' in the 'Infrastructure' sector has an overall User Growth Score of 39.72, categorized as 'Slow Growth'.
The score is based on the following weighted metrics:
  - Active Users: nan (Weight: 0.30)
  - Transaction Volume: 31.28 (Weight: 0.30)
  - Transaction Count: nan (Weight: 0.30)
  - User Growth: 65.06 (Weight: 0.10)"
WELL3,Social,56.388888888888886,Steady Growth,"Project 'WELL3' in the 'Social' sector has an overall User Growth Score of 56.39, categorized as 'Steady Growth'.
The score is based on the following weighted metrics:
  - Active Users: nan (Weight: 0.60)
  - Transaction Volume: 59.17 (Weight: 0.10)
  - Transaction Count: nan (Weight: 0.10)
  - User Growth: 55.00 (Weight: 0.20)"
VibrantX,Asset management,,,"Project 'VibrantX' in the 'Asset management' sector has an overall User Growth Score of nan, categorized as 'None'.
The score is based on the following weighted metrics:
  - Active Users: nan (Weight: 0.30)
  - Transaction Volume: nan (Weight: 0.40)
  - Transaction Count: nan (Weight: 0.20)
  - User Growth: nan (Weight: 0.10)"
xNINJA,Social,0.0,Stagnant/Declining,"Project 'xNINJA' in the 'Social' sector has an overall User Growth Score of 0.00, categorized as 'Stagnant/Declining'.
The score is based on the following weighted metrics:
  - Active Users: nan (Weight: 0.60)
  - Transaction Volume: 0.00 (Weight: 0.10)
  - Transaction Count: nan (Weight: 0.10)
  - User Growth: nan (Weight: 0.20)"
Berachain,Blockchains (L1),53.580627705627705,Steady Growth,"Project 'Berachain' in the 'Blockchains (L1)' sector has an overall User Growth Score of 53.58, categorized as 'Steady Growth'.
The score is based on the following weighted metrics:
  - Active Users: 48.06 (Weight: 0.30)
  - Transaction Volume: 77.27 (Weight: 0.30)
  - Transaction Count: 63.93 (Weight: 0.25)
  - User Growth: 0.00 (Weight: 0.15)"
Zeitgeist,Blockchains (L2),17.00908412145346,Stagnant/Declining,"Project 'Zeitgeist' in the 'Blockchains (L2)' sector has an overall User Growth Score of 17.01, categorized as 'Stagnant/Declining'.
The score is based on the following weighted metrics:
  - Active Users: 19.05 (Weight: 0.30)
  - Transaction Volume: 0.00 (Weight: 0.25)
  - Bridge Volume: nan (Weight: 0.20)
  - Transaction Count: 41.28 (Weight: 0.15)
  - User Growth: nan (Weight: 0.10)"
M^0,Stablecoin issuers,,,"Project 'M^0' in the 'Stablecoin issuers' sector has an overall User Growth Score of nan, categorized as 'None'.
The score is based on the following weighted metrics:
  - Active Users: nan (Weight: 0.20)
  - Transaction Volume: nan (Weight: 0.40)
  - Transaction Count: nan (Weight: 0.20)
  - User Growth: nan (Weight: 0.20)"
XCAD Network,Social,40.277777777777764,Slow Growth,"Project 'XCAD Network' in the 'Social' sector has an overall User Growth Score of 40.28, categorized as 'Slow Growth'.
The score is based on the following weighted metrics:
  - Active Users: nan (Weight: 0.60)
  - Transaction Volume: 67.50 (Weight: 0.10)
  - Transaction Count: nan (Weight: 0.10)
  - User Growth: 26.67 (Weight: 0.20)"
STON.fi,Exchanges (DEX),32.98850574712644,Slow Growth,"Project 'STON.fi' in the 'Exchanges (DEX)' sector has an overall User Growth Score of 32.99, categorized as 'Slow Growth'.
The score is based on the following weighted metrics:
  - Active Users: nan (Weight: 0.30)
  - Transaction Volume: 32.99 (Weight: 0.40)
  - Transaction Count: nan (Weight: 0.20)
  - User Growth: nan (Weight: 0.10)"
TrueMarkets,Prediction markets,,,"Project 'TrueMarkets' in the 'Prediction markets' sector has an overall User Growth Score of nan, categorized as 'None'.
The score is based on the following weighted metrics:
  - Active Users: nan (Weight: 0.35)
  - Transaction Volume: nan (Weight: 0.30)
  - Transaction Count: nan (Weight: 0.20)
  - User Growth: nan (Weight: 0.15)"
Typus Finance,Asset management,,,"Project 'Typus Finance' in the 'Asset management' sector has an overall User Growth Score of nan, categorized as 'None'.
The score is based on the following weighted metrics:
  - Active Users: nan (Weight: 0.30)
  - Transaction Volume: nan (Weight: 0.40)
  - Transaction Count: nan (Weight: 0.20)
  - User Growth: nan (Weight: 0.10)"
Hedera,Blockchains (L1),78.78787878787878,Strong Growth,"Project 'Hedera' in the 'Blockchains (L1)' sector has an overall User Growth Score of 78.79, categorized as 'Strong Growth'.
The score is based on the following weighted metrics:
  - Active Users: nan (Weight: 0.30)
  - Transaction Volume: 78.79 (Weight: 0.30)
  - Transaction Count: nan (Weight: 0.25)
  - User Growth: nan (Weight: 0.15)"
Taiko,Blockchains (L2),58.54037267080746,Steady Growth,"Project 'Taiko' in the 'Blockchains (L2)' sector has an overall User Growth Score of 58.54, categorized as 'Steady Growth'.
The score is based on the following weighted metrics:
  - Active Users: nan (Weight: 0.30)
  - Transaction Volume: 75.00 (Weight: 0.25)
  - Bridge Volume: nan (Weight: 0.20)
  - Transaction Count: nan (Weight: 0.15)
  - User Growth: 17.39 (Weight: 0.10)"
AlienX,Blockchains (L2),,,"Project 'AlienX' in the 'Blockchains (L2)' sector has an overall User Growth Score of nan, categorized as 'None'.
The score is based on the following weighted metrics:
  - Active Users: nan (Weight: 0.30)
  - Transaction Volume: nan (Weight: 0.25)
  - Bridge Volume: nan (Weight: 0.20)
  - Transaction Count: nan (Weight: 0.15)
  - User Growth: nan (Weight: 0.10)"
Movement,Blockchains (L1),89.39393939393939,Exceptional Growth,"Project 'Movement' in the 'Blockchains (L1)' sector has an overall User Growth Score of 89.39, categorized as 'Exceptional Growth'.
The score is based on the following weighted metrics:
  - Active Users: nan (Weight: 0.30)
  - Transaction Volume: 89.39 (Weight: 0.30)
  - Transaction Count: nan (Weight: 0.25)
  - User Growth: nan (Weight: 0.15)"
Ankr,Liquid staking,60.091911764705884,Steady Growth,"Project 'Ankr' in the 'Liquid staking' sector has an overall User Growth Score of 60.09, categorized as 'Steady Growth'.
The score is based on the following weighted metrics:
  - Active Users: 30.00 (Weight: 0.30)
  - Transaction Volume: 94.12 (Weight: 0.20)
  - User Growth: 67.50 (Weight: 0.30)
  - Transaction Count: nan (Weight: 0.20)"
ZKX,Derivative exchanges,20.890538033395178,Stagnant/Declining,"Project 'ZKX' in the 'Derivative exchanges' sector has an overall User Growth Score of 20.89, categorized as 'Stagnant/Declining'.
The score is based on the following weighted metrics:
  - Active Users: nan (Weight: 0.30)
  - Transaction Volume: 20.20 (Weight: 0.40)
  - Transaction Count: nan (Weight: 0.20)
  - User Growth: 23.64 (Weight: 0.10)"
RabbitHole,Gaming,,,"Project 'RabbitHole' in the 'Gaming' sector has an overall User Growth Score of nan, categorized as 'None'.
The score is based on the following weighted metrics:
  - Active Users: nan (Weight: 0.50)
  - Transaction Volume: nan (Weight: 0.20)
  - Transaction Count: nan (Weight: 0.20)
  - User Growth: nan (Weight: 0.10)"
KiloEx,Derivative exchanges,,,"Project 'KiloEx' in the 'Derivative exchanges' sector has an overall User Growth Score of nan, categorized as 'None'.
The score is based on the following weighted metrics:
  - Active Users: nan (Weight: 0.30)
  - Transaction Volume: nan (Weight: 0.40)
  - Transaction Count: nan (Weight: 0.20)
  - User Growth: nan (Weight: 0.10)"
WOO,Exchanges (DEX),77.25509825732296,Strong Growth,"Project 'WOO' in the 'Exchanges (DEX)' sector has an overall User Growth Score of 77.26, categorized as 'Strong Growth'.
The score is based on the following weighted metrics:
  - Active Users: nan (Weight: 0.30)
  - Transaction Volume: 81.61 (Weight: 0.40)
  - Transaction Count: nan (Weight: 0.20)
  - User Growth: 59.84 (Weight: 0.10)"
SideShift,Infrastructure,15.204981837052411,Stagnant/Declining,"Project 'SideShift' in the 'Infrastructure' sector has an overall User Growth Score of 15.20, categorized as 'Stagnant/Declining'.
The score is based on the following weighted metrics:
  - Active Users: nan (Weight: 0.30)
  - Transaction Volume: 17.02 (Weight: 0.30)
  - Transaction Count: nan (Weight: 0.30)
  - User Growth: 9.76 (Weight: 0.10)"
Kadena,Blockchains (L1),31.21212121212121,Slow Growth,"Project 'Kadena' in the 'Blockchains (L1)' sector has an overall User Growth Score of 31.21, categorized as 'Slow Growth'.
The score is based on the following weighted metrics:
  - Active Users: nan (Weight: 0.30)
  - Transaction Volume: 31.21 (Weight: 0.30)
  - Transaction Count: nan (Weight: 0.25)
  - User Growth: nan (Weight: 0.15)"
Metis,Blockchains (L2),66.53846153846155,Strong Growth,"Project 'Metis' in the 'Blockchains (L2)' sector has an overall User Growth Score of 66.54, categorized as 'Strong Growth'.
The score is based on the following weighted metrics:
  - Active Users: nan (Weight: 0.30)
  - Transaction Volume: 66.54 (Weight: 0.25)
  - Bridge Volume: nan (Weight: 0.20)
  - Transaction Count: nan (Weight: 0.15)
  - User Growth: nan (Weight: 0.10)"
PRDT,Prediction markets,,,"Project 'PRDT' in the 'Prediction markets' sector has an overall User Growth Score of nan, categorized as 'None'.
The score is based on the following weighted metrics:
  - Active Users: nan (Weight: 0.35)
  - Transaction Volume: nan (Weight: 0.30)
  - Transaction Count: nan (Weight: 0.20)
  - User Growth: nan (Weight: 0.15)"
Hypr,Blockchains (L2),,,"Project 'Hypr' in the 'Blockchains (L2)' sector has an overall User Growth Score of nan, categorized as 'None'.
The score is based on the following weighted metrics:
  - Active Users: nan (Weight: 0.30)
  - Transaction Volume: nan (Weight: 0.25)
  - Bridge Volume: nan (Weight: 0.20)
  - Transaction Count: nan (Weight: 0.15)
  - User Growth: nan (Weight: 0.10)"
Star Atlas,Gaming,67.5,Strong Growth,"Project 'Star Atlas' in the 'Gaming' sector has an overall User Growth Score of 67.50, categorized as 'Strong Growth'.
The score is based on the following weighted metrics:
  - Active Users: nan (Weight: 0.50)
  - Transaction Volume: 67.50 (Weight: 0.20)
  - Transaction Count: nan (Weight: 0.20)
  - User Growth: nan (Weight: 0.10)"
B3,Blockchains (L3),70.0,Strong Growth,"Project 'B3' in the 'Blockchains (L3)' sector has an overall User Growth Score of 70.00, categorized as 'Strong Growth'.
The score is based on the following weighted metrics:
  - Active Users: nan (Weight: 0.35)
  - Transaction Volume: 55.00 (Weight: 0.30)
  - Transaction Count: nan (Weight: 0.20)
  - User Growth: 100.00 (Weight: 0.15)"
Dymension,Blockchains (L1),65.22727272727272,Strong Growth,"Project 'Dymension' in the 'Blockchains (L1)' sector has an overall User Growth Score of 65.23, categorized as 'Strong Growth'.
The score is based on the following weighted metrics:
  - Active Users: nan (Weight: 0.30)
  - Transaction Volume: 65.23 (Weight: 0.30)
  - Transaction Count: nan (Weight: 0.25)
  - User Growth: nan (Weight: 0.15)"
Litentry,Blockchains (L2),22.55829354235372,Stagnant/Declining,"Project 'Litentry' in the 'Blockchains (L2)' sector has an overall User Growth Score of 22.56, categorized as 'Stagnant/Declining'.
The score is based on the following weighted metrics:
  - Active Users: 14.29 (Weight: 0.30)
  - Transaction Volume: 15.38 (Weight: 0.25)
  - Bridge Volume: nan (Weight: 0.20)
  - Transaction Count: 44.94 (Weight: 0.15)
  - User Growth: 31.74 (Weight: 0.10)"
Superform,Asset management,,,"Project 'Superform' in the 'Asset management' sector has an overall User Growth Score of nan, categorized as 'None'.
The score is based on the following weighted metrics:
  - Active Users: nan (Weight: 0.30)
  - Transaction Volume: nan (Weight: 0.40)
  - Transaction Count: nan (Weight: 0.20)
  - User Growth: nan (Weight: 0.10)"
Neptune Finance,Lending,,,"Project 'Neptune Finance' in the 'Lending' sector has an overall User Growth Score of nan, categorized as 'None'.
The score is based on the following weighted metrics:
  - Active Users: nan (Weight: 0.40)
  - Transaction Volume: nan (Weight: 0.30)
  - Transaction Count: nan (Weight: 0.20)
  - User Growth: nan (Weight: 0.10)"
Photon,Derivative exchanges,,,"Project 'Photon' in the 'Derivative exchanges' sector has an overall User Growth Score of nan, categorized as 'None'.
The score is based on the following weighted metrics:
  - Active Users: nan (Weight: 0.30)
  - Transaction Volume: nan (Weight: 0.40)
  - Transaction Count: nan (Weight: 0.20)
  - User Growth: nan (Weight: 0.10)"
Cat Town,Gaming,45.010893246187365,Steady Growth,"Project 'Cat Town' in the 'Gaming' sector has an overall User Growth Score of 45.01, categorized as 'Steady Growth'.
The score is based on the following weighted metrics:
  - Active Users: nan (Weight: 0.50)
  - Transaction Volume: 32.22 (Weight: 0.20)
  - Transaction Count: nan (Weight: 0.20)
  - User Growth: 70.59 (Weight: 0.10)"
AVNU,Exchanges (DEX),,,"Project 'AVNU' in the 'Exchanges (DEX)' sector has an overall User Growth Score of nan, categorized as 'None'.
The score is based on the following weighted metrics:
  - Active Users: nan (Weight: 0.30)
  - Transaction Volume: nan (Weight: 0.40)
  - Transaction Count: nan (Weight: 0.20)
  - User Growth: nan (Weight: 0.10)"
Venice,Infrastructure,60.16379086663207,Steady Growth,"Project 'Venice' in the 'Infrastructure' sector has an overall User Growth Score of 60.16, categorized as 'Steady Growth'.
The score is based on the following weighted metrics:
  - Active Users: nan (Weight: 0.30)
  - Transaction Volume: 54.20 (Weight: 0.30)
  - Transaction Count: nan (Weight: 0.30)
  - User Growth: 78.05 (Weight: 0.10)"
Pyth Network,Oracles,,,"Project 'Pyth Network' in the 'Oracles' sector has an overall User Growth Score of nan, categorized as 'None'.
The score is based on the following weighted metrics:
  - Active Users: nan (Weight: 0.35)
  - Transaction Volume: nan (Weight: 0.30)
  - Transaction Count: nan (Weight: 0.20)
  - User Growth: nan (Weight: 0.15)"
Succinct,Infrastructure,,,"Project 'Succinct' in the 'Infrastructure' sector has an overall User Growth Score of nan, categorized as 'None'.
The score is based on the following weighted metrics:
  - Active Users: nan (Weight: 0.30)
  - Transaction Volume: nan (Weight: 0.30)
  - Transaction Count: nan (Weight: 0.30)
  - User Growth: nan (Weight: 0.10)"
InterCrone Swap,Exchanges (DEX),,,"Project 'InterCrone Swap' in the 'Exchanges (DEX)' sector has an overall User Growth Score of nan, categorized as 'None'.
The score is based on the following weighted metrics:
  - Active Users: nan (Weight: 0.30)
  - Transaction Volume: nan (Weight: 0.40)
  - Transaction Count: nan (Weight: 0.20)
  - User Growth: nan (Weight: 0.10)"
Lagoon,Asset management,,,"Project 'Lagoon' in the 'Asset management' sector has an overall User Growth Score of nan, categorized as 'None'.
The score is based on the following weighted metrics:
  - Active Users: nan (Weight: 0.30)
  - Transaction Volume: nan (Weight: 0.40)
  - Transaction Count: nan (Weight: 0.20)
  - User Growth: nan (Weight: 0.10)"
Scallop,Lending,55.0,Steady Growth,"Project 'Scallop' in the 'Lending' sector has an overall User Growth Score of 55.00, categorized as 'Steady Growth'.
The score is based on the following weighted metrics:
  - Active Users: nan (Weight: 0.40)
  - Transaction Volume: 55.00 (Weight: 0.30)
  - Transaction Count: nan (Weight: 0.20)
  - User Growth: nan (Weight: 0.10)"
ABEL Finance,Lending,45.13157894736842,Steady Growth,"Project 'ABEL Finance' in the 'Lending' sector has an overall User Growth Score of 45.13, categorized as 'Steady Growth'.
The score is based on the following weighted metrics:
  - Active Users: nan (Weight: 0.40)
  - Transaction Volume: 45.13 (Weight: 0.30)
  - Transaction Count: nan (Weight: 0.20)
  - User Growth: nan (Weight: 0.10)"
Econia,Exchanges (DEX),,,"Project 'Econia' in the 'Exchanges (DEX)' sector has an overall User Growth Score of nan, categorized as 'None'.
The score is based on the following weighted metrics:
  - Active Users: nan (Weight: 0.30)
  - Transaction Volume: nan (Weight: 0.40)
  - Transaction Count: nan (Weight: 0.20)
  - User Growth: nan (Weight: 0.10)"
Ethervista,Exchanges (DEX),58.962736373748605,Steady Growth,"Project 'Ethervista' in the 'Exchanges (DEX)' sector has an overall User Growth Score of 58.96, categorized as 'Steady Growth'.
The score is based on the following weighted metrics:
  - Active Users: nan (Weight: 0.30)
  - Transaction Volume: 61.47 (Weight: 0.40)
  - Transaction Count: nan (Weight: 0.20)
  - User Growth: 48.95 (Weight: 0.10)"
Overtake,Gaming,,,"Project 'Overtake' in the 'Gaming' sector has an overall User Growth Score of nan, categorized as 'None'.
The score is based on the following weighted metrics:
  - Active Users: nan (Weight: 0.50)
  - Transaction Volume: nan (Weight: 0.20)
  - Transaction Count: nan (Weight: 0.20)
  - User Growth: nan (Weight: 0.10)"
inkySwap,Exchanges (DEX),,,"Project 'inkySwap' in the 'Exchanges (DEX)' sector has an overall User Growth Score of nan, categorized as 'None'.
The score is based on the following weighted metrics:
  - Active Users: nan (Weight: 0.30)
  - Transaction Volume: nan (Weight: 0.40)
  - Transaction Count: nan (Weight: 0.20)
  - User Growth: nan (Weight: 0.10)"
Solayer,Liquid staking,100.0,Exceptional Growth,"Project 'Solayer' in the 'Liquid staking' sector has an overall User Growth Score of 100.00, categorized as 'Exceptional Growth'.
The score is based on the following weighted metrics:
  - Active Users: nan (Weight: 0.30)
  - Transaction Volume: 100.00 (Weight: 0.20)
  - User Growth: nan (Weight: 0.30)
  - Transaction Count: nan (Weight: 0.20)"
Astar,Blockchains (L2),48.94308943089431,Steady Growth,"Project 'Astar' in the 'Blockchains (L2)' sector has an overall User Growth Score of 48.94, categorized as 'Steady Growth'.
The score is based on the following weighted metrics:
  - Active Users: 55.00 (Weight: 0.30)
  - Transaction Volume: nan (Weight: 0.25)
  - Bridge Volume: nan (Weight: 0.20)
  - Transaction Count: 36.83 (Weight: 0.15)
  - User Growth: nan (Weight: 0.10)"
Render Network,Infrastructure,91.69693824597819,Exceptional Growth,"Project 'Render Network' in the 'Infrastructure' sector has an overall User Growth Score of 91.70, categorized as 'Exceptional Growth'.
The score is based on the following weighted metrics:
  - Active Users: nan (Weight: 0.30)
  - Transaction Volume: 97.87 (Weight: 0.30)
  - Transaction Count: nan (Weight: 0.30)
  - User Growth: 73.17 (Weight: 0.10)"
Hedgey Finance,Infrastructure,,,"Project 'Hedgey Finance' in the 'Infrastructure' sector has an overall User Growth Score of nan, categorized as 'None'.
The score is based on the following weighted metrics:
  - Active Users: nan (Weight: 0.30)
  - Transaction Volume: nan (Weight: 0.30)
  - Transaction Count: nan (Weight: 0.30)
  - User Growth: nan (Weight: 0.10)"
zkMe,Infrastructure,,,"Project 'zkMe' in the 'Infrastructure' sector has an overall User Growth Score of nan, categorized as 'None'.
The score is based on the following weighted metrics:
  - Active Users: nan (Weight: 0.30)
  - Transaction Volume: nan (Weight: 0.30)
  - Transaction Count: nan (Weight: 0.30)
  - User Growth: nan (Weight: 0.10)"
Banana Gun,Infrastructure,69.36267514270888,Strong Growth,"Project 'Banana Gun' in the 'Infrastructure' sector has an overall User Growth Score of 69.36, categorized as 'Strong Growth'.
The score is based on the following weighted metrics:
  - Active Users: nan (Weight: 0.30)
  - Transaction Volume: 78.72 (Weight: 0.30)
  - Transaction Count: nan (Weight: 0.30)
  - User Growth: 41.28 (Weight: 0.10)"
Ethereum Attestation Service,Infrastructure,,,"Project 'Ethereum Attestation Service' in the 'Infrastructure' sector has an overall User Growth Score of nan, categorized as 'None'.
The score is based on the following weighted metrics:
  - Active Users: nan (Weight: 0.30)
  - Transaction Volume: nan (Weight: 0.30)
  - Transaction Count: nan (Weight: 0.30)
  - User Growth: nan (Weight: 0.10)"
Derivio,Derivative exchanges,,,"Project 'Derivio' in the 'Derivative exchanges' sector has an overall User Growth Score of nan, categorized as 'None'.
The score is based on the following weighted metrics:
  - Active Users: nan (Weight: 0.30)
  - Transaction Volume: nan (Weight: 0.40)
  - Transaction Count: nan (Weight: 0.20)
  - User Growth: nan (Weight: 0.10)"
Sophon,Blockchains (L2),,,"Project 'Sophon' in the 'Blockchains (L2)' sector has an overall User Growth Score of nan, categorized as 'None'.
The score is based on the following weighted metrics:
  - Active Users: nan (Weight: 0.30)
  - Transaction Volume: nan (Weight: 0.25)
  - Bridge Volume: nan (Weight: 0.20)
  - Transaction Count: nan (Weight: 0.15)
  - User Growth: nan (Weight: 0.10)"
Layerswap,Bridges,,,"Project 'Layerswap' in the 'Bridges' sector has an overall User Growth Score of nan, categorized as 'None'.
The score is based on the following weighted metrics:
  - Active Users: nan (Weight: 0.20)
  - Bridge Volume: nan (Weight: 0.50)
  - Transaction Count: nan (Weight: 0.20)
  - User Growth: nan (Weight: 0.10)"
FlowX Finance,Exchanges (DEX),26.091954022988507,Slow Growth,"Project 'FlowX Finance' in the 'Exchanges (DEX)' sector has an overall User Growth Score of 26.09, categorized as 'Slow Growth'.
The score is based on the following weighted metrics:
  - Active Users: nan (Weight: 0.30)
  - Transaction Volume: 26.09 (Weight: 0.40)
  - Transaction Count: nan (Weight: 0.20)
  - User Growth: nan (Weight: 0.10)"
Coinally,Infrastructure,,,"Project 'Coinally' in the 'Infrastructure' sector has an overall User Growth Score of nan, categorized as 'None'.
The score is based on the following weighted metrics:
  - Active Users: nan (Weight: 0.30)
  - Transaction Volume: nan (Weight: 0.30)
  - Transaction Count: nan (Weight: 0.30)
  - User Growth: nan (Weight: 0.10)"
LUKSO,Blockchains (L1),9.090909090909092,Stagnant/Declining,"Project 'LUKSO' in the 'Blockchains (L1)' sector has an overall User Growth Score of 9.09, categorized as 'Stagnant/Declining'.
The score is based on the following weighted metrics:
  - Active Users: nan (Weight: 0.30)
  - Transaction Volume: 9.09 (Weight: 0.30)
  - Transaction Count: nan (Weight: 0.25)
  - User Growth: nan (Weight: 0.15)"
Echelon Prime Foundation,Infrastructure,61.07161390762844,Steady Growth,"Project 'Echelon Prime Foundation' in the 'Infrastructure' sector has an overall User Growth Score of 61.07, categorized as 'Steady Growth'.
The score is based on the following weighted metrics:
  - Active Users: nan (Weight: 0.30)
  - Transaction Volume: 62.18 (Weight: 0.30)
  - Transaction Count: nan (Weight: 0.30)
  - User Growth: 57.74 (Weight: 0.10)"
Energy Web X,Blockchains (L2),48.943599954052914,Steady Growth,"Project 'Energy Web X' in the 'Blockchains (L2)' sector has an overall User Growth Score of 48.94, categorized as 'Steady Growth'.
The score is based on the following weighted metrics:
  - Active Users: 47.86 (Weight: 0.30)
  - Transaction Volume: 40.58 (Weight: 0.25)
  - Bridge Volume: nan (Weight: 0.20)
  - Transaction Count: 65.06 (Weight: 0.15)
  - User Growth: nan (Weight: 0.10)"
Infrared Finance,Liquid staking,,,"Project 'Infrared Finance' in the 'Liquid staking' sector has an overall User Growth Score of nan, categorized as 'None'.
The score is based on the following weighted metrics:
  - Active Users: nan (Weight: 0.30)
  - Transaction Volume: nan (Weight: 0.20)
  - User Growth: nan (Weight: 0.30)
  - Transaction Count: nan (Weight: 0.20)"
StarryNift,Gaming,81.2636165577342,Exceptional Growth,"Project 'StarryNift' in the 'Gaming' sector has an overall User Growth Score of 81.26, categorized as 'Exceptional Growth'.
The score is based on the following weighted metrics:
  - Active Users: nan (Weight: 0.50)
  - Transaction Volume: 77.78 (Weight: 0.20)
  - Transaction Count: nan (Weight: 0.20)
  - User Growth: 88.24 (Weight: 0.10)"
Pixels,Gaming,64.77124183006535,Steady Growth,"Project 'Pixels' in the 'Gaming' sector has an overall User Growth Score of 64.77, categorized as 'Steady Growth'.
The score is based on the following weighted metrics:
  - Active Users: nan (Weight: 0.50)
  - Transaction Volume: 83.33 (Weight: 0.20)
  - Transaction Count: nan (Weight: 0.20)
  - User Growth: 27.65 (Weight: 0.10)"
Global Dollar Network,Stablecoin issuers,,,"Project 'Global Dollar Network' in the 'Stablecoin issuers' sector has an overall User Growth Score of nan, categorized as 'None'.
The score is based on the following weighted metrics:
  - Active Users: nan (Weight: 0.20)
  - Transaction Volume: nan (Weight: 0.40)
  - Transaction Count: nan (Weight: 0.20)
  - User Growth: nan (Weight: 0.20)"
Metropolis,Exchanges (DEX),62.721542454579165,Steady Growth,"Project 'Metropolis' in the 'Exchanges (DEX)' sector has an overall User Growth Score of 62.72, categorized as 'Steady Growth'.
The score is based on the following weighted metrics:
  - Active Users: nan (Weight: 0.30)
  - Transaction Volume: 73.56 (Weight: 0.40)
  - Transaction Count: nan (Weight: 0.20)
  - User Growth: 19.35 (Weight: 0.10)"
Burrow,Lending,,,"Project 'Burrow' in the 'Lending' sector has an overall User Growth Score of nan, categorized as 'None'.
The score is based on the following weighted metrics:
  - Active Users: nan (Weight: 0.40)
  - Transaction Volume: nan (Weight: 0.30)
  - Transaction Count: nan (Weight: 0.20)
  - User Growth: nan (Weight: 0.10)"
Hinkal Protocol,Bridges,,,"Project 'Hinkal Protocol' in the 'Bridges' sector has an overall User Growth Score of nan, categorized as 'None'.
The score is based on the following weighted metrics:
  - Active Users: nan (Weight: 0.20)
  - Bridge Volume: nan (Weight: 0.50)
  - Transaction Count: nan (Weight: 0.20)
  - User Growth: nan (Weight: 0.10)"
unshETH,Asset management,5.225806451612904,Stagnant/Declining,"Project 'unshETH' in the 'Asset management' sector has an overall User Growth Score of 5.23, categorized as 'Stagnant/Declining'.
The score is based on the following weighted metrics:
  - Active Users: nan (Weight: 0.30)
  - Transaction Volume: 0.00 (Weight: 0.40)
  - Transaction Count: nan (Weight: 0.20)
  - User Growth: 26.13 (Weight: 0.10)"
Sellix,Infrastructure,,,"Project 'Sellix' in the 'Infrastructure' sector has an overall User Growth Score of nan, categorized as 'None'.
The score is based on the following weighted metrics:
  - Active Users: nan (Weight: 0.30)
  - Transaction Volume: nan (Weight: 0.30)
  - Transaction Count: nan (Weight: 0.30)
  - User Growth: nan (Weight: 0.10)"
Time.fun,Social,,,"Project 'Time.fun' in the 'Social' sector has an overall User Growth Score of nan, categorized as 'None'.
The score is based on the following weighted metrics:
  - Active Users: nan (Weight: 0.60)
  - Transaction Volume: nan (Weight: 0.10)
  - Transaction Count: nan (Weight: 0.10)
  - User Growth: nan (Weight: 0.20)"
Raydium,Exchanges (DEX),94.25287356321839,Exceptional Growth,"Project 'Raydium' in the 'Exchanges (DEX)' sector has an overall User Growth Score of 94.25, categorized as 'Exceptional Growth'.
The score is based on the following weighted metrics:
  - Active Users: nan (Weight: 0.30)
  - Transaction Volume: 94.25 (Weight: 0.40)
  - Transaction Count: nan (Weight: 0.20)
  - User Growth: nan (Weight: 0.10)"
Orderly Network,Derivative exchanges,80.76066790352505,Exceptional Growth,"Project 'Orderly Network' in the 'Derivative exchanges' sector has an overall User Growth Score of 80.76, categorized as 'Exceptional Growth'.
The score is based on the following weighted metrics:
  - Active Users: nan (Weight: 0.30)
  - Transaction Volume: 81.63 (Weight: 0.40)
  - Transaction Count: nan (Weight: 0.20)
  - User Growth: 77.27 (Weight: 0.10)"
Efi Hub,Gaming,,,"Project 'Efi Hub' in the 'Gaming' sector has an overall User Growth Score of nan, categorized as 'None'.
The score is based on the following weighted metrics:
  - Active Users: nan (Weight: 0.50)
  - Transaction Volume: nan (Weight: 0.20)
  - Transaction Count: nan (Weight: 0.20)
  - User Growth: nan (Weight: 0.10)"
Metal,Blockchains (L2),54.435618729096994,Steady Growth,"Project 'Metal' in the 'Blockchains (L2)' sector has an overall User Growth Score of 54.44, categorized as 'Steady Growth'.
The score is based on the following weighted metrics:
  - Active Users: nan (Weight: 0.30)
  - Transaction Volume: 53.56 (Weight: 0.25)
  - Bridge Volume: nan (Weight: 0.20)
  - Transaction Count: nan (Weight: 0.15)
  - User Growth: 56.63 (Weight: 0.10)"
ICHI,Asset management,25.12609970674487,Slow Growth,"Project 'ICHI' in the 'Asset management' sector has an overall User Growth Score of 25.13, categorized as 'Slow Growth'.
The score is based on the following weighted metrics:
  - Active Users: nan (Weight: 0.30)
  - Transaction Volume: 28.18 (Weight: 0.40)
  - Transaction Count: nan (Weight: 0.20)
  - User Growth: 12.90 (Weight: 0.10)"
HunnyFinance,Asset management,27.239002932551323,Slow Growth,"Project 'HunnyFinance' in the 'Asset management' sector has an overall User Growth Score of 27.24, categorized as 'Slow Growth'.
The score is based on the following weighted metrics:
  - Active Users: nan (Weight: 0.30)
  - Transaction Volume: 18.18 (Weight: 0.40)
  - Transaction Count: nan (Weight: 0.20)
  - User Growth: 63.47 (Weight: 0.10)"
Robonomics Network,Blockchains (L2),45.459268991877686,Steady Growth,"Project 'Robonomics Network' in the 'Blockchains (L2)' sector has an overall User Growth Score of 45.46, categorized as 'Steady Growth'.
The score is based on the following weighted metrics:
  - Active Users: nan (Weight: 0.30)
  - Transaction Volume: 44.90 (Weight: 0.25)
  - Bridge Volume: nan (Weight: 0.20)
  - Transaction Count: nan (Weight: 0.15)
  - User Growth: 46.85 (Weight: 0.10)"
WhiteSwap,Exchanges (DEX),,,"Project 'WhiteSwap' in the 'Exchanges (DEX)' sector has an overall User Growth Score of nan, categorized as 'None'.
The score is based on the following weighted metrics:
  - Active Users: nan (Weight: 0.30)
  - Transaction Volume: nan (Weight: 0.40)
  - Transaction Count: nan (Weight: 0.20)
  - User Growth: nan (Weight: 0.10)"
Avalon Finance,Lending,72.38304093567251,Strong Growth,"Project 'Avalon Finance' in the 'Lending' sector has an overall User Growth Score of 72.38, categorized as 'Strong Growth'.
The score is based on the following weighted metrics:
  - Active Users: nan (Weight: 0.40)
  - Transaction Volume: 89.47 (Weight: 0.30)
  - Transaction Count: nan (Weight: 0.20)
  - User Growth: 21.11 (Weight: 0.10)"
Orca,Exchanges (DEX),93.10344827586206,Exceptional Growth,"Project 'Orca' in the 'Exchanges (DEX)' sector has an overall User Growth Score of 93.10, categorized as 'Exceptional Growth'.
The score is based on the following weighted metrics:
  - Active Users: nan (Weight: 0.30)
  - Transaction Volume: 93.10 (Weight: 0.40)
  - Transaction Count: nan (Weight: 0.20)
  - User Growth: nan (Weight: 0.10)"
iZUMi Finance,Exchanges (DEX),50.94994438264739,Steady Growth,"Project 'iZUMi Finance' in the 'Exchanges (DEX)' sector has an overall User Growth Score of 50.95, categorized as 'Steady Growth'.
The score is based on the following weighted metrics:
  - Active Users: nan (Weight: 0.30)
  - Transaction Volume: 57.16 (Weight: 0.40)
  - Transaction Count: nan (Weight: 0.20)
  - User Growth: 26.13 (Weight: 0.10)"
Nibiru,Blockchains (L1),18.181818181818183,Stagnant/Declining,"Project 'Nibiru' in the 'Blockchains (L1)' sector has an overall User Growth Score of 18.18, categorized as 'Stagnant/Declining'.
The score is based on the following weighted metrics:
  - Active Users: nan (Weight: 0.30)
  - Transaction Volume: 18.18 (Weight: 0.30)
  - Transaction Count: nan (Weight: 0.25)
  - User Growth: nan (Weight: 0.15)"
ReactorFusion,Lending,23.391812865497077,Stagnant/Declining,"Project 'ReactorFusion' in the 'Lending' sector has an overall User Growth Score of 23.39, categorized as 'Stagnant/Declining'.
The score is based on the following weighted metrics:
  - Active Users: nan (Weight: 0.40)
  - Transaction Volume: 5.26 (Weight: 0.30)
  - Transaction Count: nan (Weight: 0.20)
  - User Growth: 77.78 (Weight: 0.10)"
Mint Club,Infrastructure,,,"Project 'Mint Club' in the 'Infrastructure' sector has an overall User Growth Score of nan, categorized as 'None'.
The score is based on the following weighted metrics:
  - Active Users: nan (Weight: 0.30)
  - Transaction Volume: nan (Weight: 0.30)
  - Transaction Count: nan (Weight: 0.30)
  - User Growth: nan (Weight: 0.10)"
Kodiak Finance,Exchanges (DEX),,,"Project 'Kodiak Finance' in the 'Exchanges (DEX)' sector has an overall User Growth Score of nan, categorized as 'None'.
The score is based on the following weighted metrics:
  - Active Users: nan (Weight: 0.30)
  - Transaction Volume: nan (Weight: 0.40)
  - Transaction Count: nan (Weight: 0.20)
  - User Growth: nan (Weight: 0.10)"
Beam,Blockchains (L1),58.181818181818194,Steady Growth,"Project 'Beam' in the 'Blockchains (L1)' sector has an overall User Growth Score of 58.18, categorized as 'Steady Growth'.
The score is based on the following weighted metrics:
  - Active Users: nan (Weight: 0.30)
  - Transaction Volume: 69.77 (Weight: 0.30)
  - Transaction Count: nan (Weight: 0.25)
  - User Growth: 35.00 (Weight: 0.15)"
Mountain Protocol,Stablecoin issuers,,,"Project 'Mountain Protocol' in the 'Stablecoin issuers' sector has an overall User Growth Score of nan, categorized as 'None'.
The score is based on the following weighted metrics:
  - Active Users: nan (Weight: 0.20)
  - Transaction Volume: nan (Weight: 0.40)
  - Transaction Count: nan (Weight: 0.20)
  - User Growth: nan (Weight: 0.20)"
PlayEmber,Gaming,,,"Project 'PlayEmber' in the 'Gaming' sector has an overall User Growth Score of nan, categorized as 'None'.
The score is based on the following weighted metrics:
  - Active Users: nan (Weight: 0.50)
  - Transaction Volume: nan (Weight: 0.20)
  - Transaction Count: nan (Weight: 0.20)
  - User Growth: nan (Weight: 0.10)"
Mansa Finance,Lending,,,"Project 'Mansa Finance' in the 'Lending' sector has an overall User Growth Score of nan, categorized as 'None'.
The score is based on the following weighted metrics:
  - Active Users: nan (Weight: 0.40)
  - Transaction Volume: nan (Weight: 0.30)
  - Transaction Count: nan (Weight: 0.20)
  - User Growth: nan (Weight: 0.10)"
Amnis Finance,Liquid staking,,,"Project 'Amnis Finance' in the 'Liquid staking' sector has an overall User Growth Score of nan, categorized as 'None'.
The score is based on the following weighted metrics:
  - Active Users: nan (Weight: 0.30)
  - Transaction Volume: nan (Weight: 0.20)
  - User Growth: nan (Weight: 0.30)
  - Transaction Count: nan (Weight: 0.20)"
Eclipse,Blockchains (L2),,,"Project 'Eclipse' in the 'Blockchains (L2)' sector has an overall User Growth Score of nan, categorized as 'None'.
The score is based on the following weighted metrics:
  - Active Users: nan (Weight: 0.30)
  - Transaction Volume: nan (Weight: 0.25)
  - Bridge Volume: nan (Weight: 0.20)
  - Transaction Count: nan (Weight: 0.15)
  - User Growth: nan (Weight: 0.10)"
Mole,Asset management,,,"Project 'Mole' in the 'Asset management' sector has an overall User Growth Score of nan, categorized as 'None'.
The score is based on the following weighted metrics:
  - Active Users: nan (Weight: 0.30)
  - Transaction Volume: nan (Weight: 0.40)
  - Transaction Count: nan (Weight: 0.20)
  - User Growth: nan (Weight: 0.10)"
Hyperbridge,Blockchains (L2),19.98354626403407,Stagnant/Declining,"Project 'Hyperbridge' in the 'Blockchains (L2)' sector has an overall User Growth Score of 19.98, categorized as 'Stagnant/Declining'.
The score is based on the following weighted metrics:
  - Active Users: 4.76 (Weight: 0.30)
  - Transaction Volume: nan (Weight: 0.25)
  - Bridge Volume: nan (Weight: 0.20)
  - Transaction Count: 50.43 (Weight: 0.15)
  - User Growth: nan (Weight: 0.10)"
Ondo Finance,Asset management,100.0,Exceptional Growth,"Project 'Ondo Finance' in the 'Asset management' sector has an overall User Growth Score of 100.00, categorized as 'Exceptional Growth'.
The score is based on the following weighted metrics:
  - Active Users: nan (Weight: 0.30)
  - Transaction Volume: 100.00 (Weight: 0.40)
  - Transaction Count: nan (Weight: 0.20)
  - User Growth: 100.00 (Weight: 0.10)"
Levana,Derivative exchanges,75.51020408163265,Strong Growth,"Project 'Levana' in the 'Derivative exchanges' sector has an overall User Growth Score of 75.51, categorized as 'Strong Growth'.
The score is based on the following weighted metrics:
  - Active Users: nan (Weight: 0.30)
  - Transaction Volume: 75.51 (Weight: 0.40)
  - Transaction Count: nan (Weight: 0.20)
  - User Growth: nan (Weight: 0.10)"
Shuffle,Prediction markets,80.83333333333334,Exceptional Growth,"Project 'Shuffle' in the 'Prediction markets' sector has an overall User Growth Score of 80.83, categorized as 'Exceptional Growth'.
The score is based on the following weighted metrics:
  - Active Users: nan (Weight: 0.35)
  - Transaction Volume: 100.00 (Weight: 0.30)
  - Transaction Count: nan (Weight: 0.20)
  - User Growth: 42.50 (Weight: 0.15)"
Shadow,Exchanges (DEX),72.51279199110122,Strong Growth,"Project 'Shadow' in the 'Exchanges (DEX)' sector has an overall User Growth Score of 72.51, categorized as 'Strong Growth'.
The score is based on the following weighted metrics:
  - Active Users: nan (Weight: 0.30)
  - Transaction Volume: 79.31 (Weight: 0.40)
  - Transaction Count: nan (Weight: 0.20)
  - User Growth: 45.32 (Weight: 0.10)"
Arbitrum Nova,Blockchains (L2),,,"Project 'Arbitrum Nova' in the 'Blockchains (L2)' sector has an overall User Growth Score of nan, categorized as 'None'.
The score is based on the following weighted metrics:
  - Active Users: nan (Weight: 0.30)
  - Transaction Volume: nan (Weight: 0.25)
  - Bridge Volume: nan (Weight: 0.20)
  - Transaction Count: nan (Weight: 0.15)
  - User Growth: nan (Weight: 0.10)"
Agora,Stablecoin issuers,,,"Project 'Agora' in the 'Stablecoin issuers' sector has an overall User Growth Score of nan, categorized as 'None'.
The score is based on the following weighted metrics:
  - Active Users: nan (Weight: 0.20)
  - Transaction Volume: nan (Weight: 0.40)
  - Transaction Count: nan (Weight: 0.20)
  - User Growth: nan (Weight: 0.20)"
Zyfi,Infrastructure,,,"Project 'Zyfi' in the 'Infrastructure' sector has an overall User Growth Score of nan, categorized as 'None'.
The score is based on the following weighted metrics:
  - Active Users: nan (Weight: 0.30)
  - Transaction Volume: nan (Weight: 0.30)
  - Transaction Count: nan (Weight: 0.30)
  - User Growth: nan (Weight: 0.10)"
Trojan,Infrastructure,,,"Project 'Trojan' in the 'Infrastructure' sector has an overall User Growth Score of nan, categorized as 'None'.
The score is based on the following weighted metrics:
  - Active Users: nan (Weight: 0.30)
  - Transaction Volume: nan (Weight: 0.30)
  - Transaction Count: nan (Weight: 0.30)
  - User Growth: nan (Weight: 0.10)"
Spark Protocol,Lending,45.13157894736841,Steady Growth,"Project 'Spark Protocol' in the 'Lending' sector has an overall User Growth Score of 45.13, categorized as 'Steady Growth'.
The score is based on the following weighted metrics:
  - Active Users: 45.13 (Weight: 0.40)
  - Transaction Volume: nan (Weight: 0.30)
  - Transaction Count: nan (Weight: 0.20)
  - User Growth: nan (Weight: 0.10)"
Scroll,Blockchains (L2),65.94895087490904,Strong Growth,"Project 'Scroll' in the 'Blockchains (L2)' sector has an overall User Growth Score of 65.95, categorized as 'Strong Growth'.
The score is based on the following weighted metrics:
  - Active Users: 71.43 (Weight: 0.30)
  - Transaction Volume: 73.08 (Weight: 0.25)
  - Bridge Volume: nan (Weight: 0.20)
  - Transaction Count: 43.11 (Weight: 0.15)
  - User Growth: nan (Weight: 0.10)"
Gemini,Stablecoin issuers,,,"Project 'Gemini' in the 'Stablecoin issuers' sector has an overall User Growth Score of nan, categorized as 'None'.
The score is based on the following weighted metrics:
  - Active Users: nan (Weight: 0.20)
  - Transaction Volume: nan (Weight: 0.40)
  - Transaction Count: nan (Weight: 0.20)
  - User Growth: nan (Weight: 0.20)"
Alkimi Exchange,Infrastructure,37.23566424494032,Slow Growth,"Project 'Alkimi Exchange' in the 'Infrastructure' sector has an overall User Growth Score of 37.24, categorized as 'Slow Growth'.
The score is based on the following weighted metrics:
  - Active Users: nan (Weight: 0.30)
  - Transaction Volume: 41.44 (Weight: 0.30)
  - Transaction Count: nan (Weight: 0.30)
  - User Growth: 24.63 (Weight: 0.10)"
BitDAO,Asset management,51.94721407624634,Steady Growth,"Project 'BitDAO' in the 'Asset management' sector has an overall User Growth Score of 51.95, categorized as 'Steady Growth'.
The score is based on the following weighted metrics:
  - Active Users: nan (Weight: 0.30)
  - Transaction Volume: 44.77 (Weight: 0.40)
  - Transaction Count: nan (Weight: 0.20)
  - User Growth: 80.65 (Weight: 0.10)"
Moonbeam,Blockchains (L2),63.06155952061874,Steady Growth,"Project 'Moonbeam' in the 'Blockchains (L2)' sector has an overall User Growth Score of 63.06, categorized as 'Steady Growth'.
The score is based on the following weighted metrics:
  - Active Users: 62.14 (Weight: 0.30)
  - Transaction Volume: 60.77 (Weight: 0.25)
  - Bridge Volume: nan (Weight: 0.20)
  - Transaction Count: 68.72 (Weight: 0.15)
  - User Growth: nan (Weight: 0.10)"
Coin98,Exchanges (CEX),,,"Project 'Coin98' in the 'Exchanges (CEX)' sector has an overall User Growth Score of nan, categorized as 'None'.
The score is based on the following weighted metrics:
  - Active Users: nan (Weight: 0.35)
  - Transaction Volume: nan (Weight: 0.30)
  - Transaction Count: nan (Weight: 0.20)
  - User Growth: nan (Weight: 0.15)"
Wild Forest,Gaming,,,"Project 'Wild Forest' in the 'Gaming' sector has an overall User Growth Score of nan, categorized as 'None'.
The score is based on the following weighted metrics:
  - Active Users: nan (Weight: 0.50)
  - Transaction Volume: nan (Weight: 0.20)
  - Transaction Count: nan (Weight: 0.20)
  - User Growth: nan (Weight: 0.10)"
XPLA,Blockchains (L1),28.699494949494948,Slow Growth,"Project 'XPLA' in the 'Blockchains (L1)' sector has an overall User Growth Score of 28.70, categorized as 'Slow Growth'.
The score is based on the following weighted metrics:
  - Active Users: 45.28 (Weight: 0.30)
  - Transaction Volume: 12.12 (Weight: 0.30)
  - Transaction Count: nan (Weight: 0.25)
  - User Growth: nan (Weight: 0.15)"
Fableborne,Gaming,,,"Project 'Fableborne' in the 'Gaming' sector has an overall User Growth Score of nan, categorized as 'None'.
The score is based on the following weighted metrics:
  - Active Users: nan (Weight: 0.50)
  - Transaction Volume: nan (Weight: 0.20)
  - Transaction Count: nan (Weight: 0.20)
  - User Growth: nan (Weight: 0.10)"
Kana,Exchanges (DEX),,,"Project 'Kana' in the 'Exchanges (DEX)' sector has an overall User Growth Score of nan, categorized as 'None'.
The score is based on the following weighted metrics:
  - Active Users: nan (Weight: 0.30)
  - Transaction Volume: nan (Weight: 0.40)
  - Transaction Count: nan (Weight: 0.20)
  - User Growth: nan (Weight: 0.10)"
PACT,Lending,23.045808966861596,Stagnant/Declining,"Project 'PACT' in the 'Lending' sector has an overall User Growth Score of 23.05, categorized as 'Stagnant/Declining'.
The score is based on the following weighted metrics:
  - Active Users: nan (Weight: 0.40)
  - Transaction Volume: 25.79 (Weight: 0.30)
  - Transaction Count: nan (Weight: 0.20)
  - User Growth: 14.81 (Weight: 0.10)"
Silo Finance,Lending,45.29605263157895,Steady Growth,"Project 'Silo Finance' in the 'Lending' sector has an overall User Growth Score of 45.30, categorized as 'Steady Growth'.
The score is based on the following weighted metrics:
  - Active Users: 49.08 (Weight: 0.40)
  - Transaction Volume: 41.18 (Weight: 0.30)
  - Transaction Count: nan (Weight: 0.20)
  - User Growth: 42.50 (Weight: 0.10)"
Frax Stablecoin,Stablecoin issuers,,,"Project 'Frax Stablecoin' in the 'Stablecoin issuers' sector has an overall User Growth Score of nan, categorized as 'None'.
The score is based on the following weighted metrics:
  - Active Users: nan (Weight: 0.20)
  - Transaction Volume: nan (Weight: 0.40)
  - Transaction Count: nan (Weight: 0.20)
  - User Growth: nan (Weight: 0.20)"
Polkadex,Blockchains (L2),22.35264735264735,Stagnant/Declining,"Project 'Polkadex' in the 'Blockchains (L2)' sector has an overall User Growth Score of 22.35, categorized as 'Stagnant/Declining'.
The score is based on the following weighted metrics:
  - Active Users: 4.76 (Weight: 0.30)
  - Transaction Volume: 43.46 (Weight: 0.25)
  - Bridge Volume: nan (Weight: 0.20)
  - Transaction Count: nan (Weight: 0.15)
  - User Growth: nan (Weight: 0.10)"
Blitz,Blockchains (L1),,,"Project 'Blitz' in the 'Blockchains (L1)' sector has an overall User Growth Score of nan, categorized as 'None'.
The score is based on the following weighted metrics:
  - Active Users: nan (Weight: 0.30)
  - Transaction Volume: nan (Weight: 0.30)
  - Transaction Count: nan (Weight: 0.25)
  - User Growth: nan (Weight: 0.15)"
Rubic,Infrastructure,31.52698495070057,Slow Growth,"Project 'Rubic' in the 'Infrastructure' sector has an overall User Growth Score of 31.53, categorized as 'Slow Growth'.
The score is based on the following weighted metrics:
  - Active Users: nan (Weight: 0.30)
  - Transaction Volume: 35.53 (Weight: 0.30)
  - Transaction Count: nan (Weight: 0.30)
  - User Growth: 19.51 (Weight: 0.10)"
UniDex,Derivative exchanges,28.181818181818183,Slow Growth,"Project 'UniDex' in the 'Derivative exchanges' sector has an overall User Growth Score of 28.18, categorized as 'Slow Growth'.
The score is based on the following weighted metrics:
  - Active Users: nan (Weight: 0.30)
  - Transaction Volume: nan (Weight: 0.40)
  - Transaction Count: nan (Weight: 0.20)
  - User Growth: 28.18 (Weight: 0.10)"
Ninja Blaze,Gaming,,,"Project 'Ninja Blaze' in the 'Gaming' sector has an overall User Growth Score of nan, categorized as 'None'.
The score is based on the following weighted metrics:
  - Active Users: nan (Weight: 0.50)
  - Transaction Volume: nan (Weight: 0.20)
  - Transaction Count: nan (Weight: 0.20)
  - User Growth: nan (Weight: 0.10)"
Mito Finance,Asset management,,,"Project 'Mito Finance' in the 'Asset management' sector has an overall User Growth Score of nan, categorized as 'None'.
The score is based on the following weighted metrics:
  - Active Users: nan (Weight: 0.30)
  - Transaction Volume: nan (Weight: 0.40)
  - Transaction Count: nan (Weight: 0.20)
  - User Growth: nan (Weight: 0.10)"
WigoSwap,Infrastructure,48.59756097560975,Steady Growth,"Project 'WigoSwap' in the 'Infrastructure' sector has an overall User Growth Score of 48.60, categorized as 'Steady Growth'.
The score is based on the following weighted metrics:
  - Active Users: nan (Weight: 0.30)
  - Transaction Volume: nan (Weight: 0.30)
  - Transaction Count: nan (Weight: 0.30)
  - User Growth: 48.60 (Weight: 0.10)"
REVOX (ex ReadON),Social,,,"Project 'REVOX (ex ReadON)' in the 'Social' sector has an overall User Growth Score of nan, categorized as 'None'.
The score is based on the following weighted metrics:
  - Active Users: nan (Weight: 0.60)
  - Transaction Volume: nan (Weight: 0.10)
  - Transaction Count: nan (Weight: 0.10)
  - User Growth: nan (Weight: 0.20)"
Rebalance,Asset management,,,"Project 'Rebalance' in the 'Asset management' sector has an overall User Growth Score of nan, categorized as 'None'.
The score is based on the following weighted metrics:
  - Active Users: nan (Weight: 0.30)
  - Transaction Volume: nan (Weight: 0.40)
  - Transaction Count: nan (Weight: 0.20)
  - User Growth: nan (Weight: 0.10)"
Glo Dollar,Stablecoin issuers,,,"Project 'Glo Dollar' in the 'Stablecoin issuers' sector has an overall User Growth Score of nan, categorized as 'None'.
The score is based on the following weighted metrics:
  - Active Users: nan (Weight: 0.20)
  - Transaction Volume: nan (Weight: 0.40)
  - Transaction Count: nan (Weight: 0.20)
  - User Growth: nan (Weight: 0.20)"
Evmos,Blockchains (L1),26.666666666666664,Slow Growth,"Project 'Evmos' in the 'Blockchains (L1)' sector has an overall User Growth Score of 26.67, categorized as 'Slow Growth'.
The score is based on the following weighted metrics:
  - Active Users: nan (Weight: 0.30)
  - Transaction Volume: 26.67 (Weight: 0.30)
  - Transaction Count: nan (Weight: 0.25)
  - User Growth: nan (Weight: 0.15)"
Baki Exchange,Exchanges (DEX),,,"Project 'Baki Exchange' in the 'Exchanges (DEX)' sector has an overall User Growth Score of nan, categorized as 'None'.
The score is based on the following weighted metrics:
  - Active Users: nan (Weight: 0.30)
  - Transaction Volume: nan (Weight: 0.40)
  - Transaction Count: nan (Weight: 0.20)
  - User Growth: nan (Weight: 0.10)"
Argent,Infrastructure,,,"Project 'Argent' in the 'Infrastructure' sector has an overall User Growth Score of nan, categorized as 'None'.
The score is based on the following weighted metrics:
  - Active Users: nan (Weight: 0.30)
  - Transaction Volume: nan (Weight: 0.30)
  - Transaction Count: nan (Weight: 0.30)
  - User Growth: nan (Weight: 0.10)"
Fuul Protocol,Infrastructure,,,"Project 'Fuul Protocol' in the 'Infrastructure' sector has an overall User Growth Score of nan, categorized as 'None'.
The score is based on the following weighted metrics:
  - Active Users: nan (Weight: 0.30)
  - Transaction Volume: nan (Weight: 0.30)
  - Transaction Count: nan (Weight: 0.30)
  - User Growth: nan (Weight: 0.10)"
XGamble,Prediction markets,,,"Project 'XGamble' in the 'Prediction markets' sector has an overall User Growth Score of nan, categorized as 'None'.
The score is based on the following weighted metrics:
  - Active Users: nan (Weight: 0.35)
  - Transaction Volume: nan (Weight: 0.30)
  - Transaction Count: nan (Weight: 0.20)
  - User Growth: nan (Weight: 0.15)"
Talent Protocol,Social,59.16666666666666,Steady Growth,"Project 'Talent Protocol' in the 'Social' sector has an overall User Growth Score of 59.17, categorized as 'Steady Growth'.
The score is based on the following weighted metrics:
  - Active Users: nan (Weight: 0.60)
  - Transaction Volume: 42.50 (Weight: 0.10)
  - Transaction Count: nan (Weight: 0.10)
  - User Growth: 67.50 (Weight: 0.20)"
Nillion,Blockchains (L1),81.81818181818183,Exceptional Growth,"Project 'Nillion' in the 'Blockchains (L1)' sector has an overall User Growth Score of 81.82, categorized as 'Exceptional Growth'.
The score is based on the following weighted metrics:
  - Active Users: nan (Weight: 0.30)
  - Transaction Volume: 81.82 (Weight: 0.30)
  - Transaction Count: nan (Weight: 0.25)
  - User Growth: nan (Weight: 0.15)"
Decentral Games,Gaming,32.4400871459695,Slow Growth,"Project 'Decentral Games' in the 'Gaming' sector has an overall User Growth Score of 32.44, categorized as 'Slow Growth'.
The score is based on the following weighted metrics:
  - Active Users: nan (Weight: 0.50)
  - Transaction Volume: 37.78 (Weight: 0.20)
  - Transaction Count: nan (Weight: 0.20)
  - User Growth: 21.76 (Weight: 0.10)"
Extra Finance,Lending,48.03728070175438,Steady Growth,"Project 'Extra Finance' in the 'Lending' sector has an overall User Growth Score of 48.04, categorized as 'Steady Growth'.
The score is based on the following weighted metrics:
  - Active Users: nan (Weight: 0.40)
  - Transaction Volume: 47.11 (Weight: 0.30)
  - Transaction Count: nan (Weight: 0.20)
  - User Growth: 50.83 (Weight: 0.10)"
Ubeswap,Exchanges (DEX),36.26251390433816,Slow Growth,"Project 'Ubeswap' in the 'Exchanges (DEX)' sector has an overall User Growth Score of 36.26, categorized as 'Slow Growth'.
The score is based on the following weighted metrics:
  - Active Users: nan (Weight: 0.30)
  - Transaction Volume: 37.59 (Weight: 0.40)
  - Transaction Count: nan (Weight: 0.20)
  - User Growth: 30.97 (Weight: 0.10)"
vfat.io,Asset management,,,"Project 'vfat.io' in the 'Asset management' sector has an overall User Growth Score of nan, categorized as 'None'.
The score is based on the following weighted metrics:
  - Active Users: nan (Weight: 0.30)
  - Transaction Volume: nan (Weight: 0.40)
  - Transaction Count: nan (Weight: 0.20)
  - User Growth: nan (Weight: 0.10)"
Hyperliquid,Derivative exchanges,100.0,Exceptional Growth,"Project 'Hyperliquid' in the 'Derivative exchanges' sector has an overall User Growth Score of 100.00, categorized as 'Exceptional Growth'.
The score is based on the following weighted metrics:
  - Active Users: nan (Weight: 0.30)
  - Transaction Volume: 100.00 (Weight: 0.40)
  - Transaction Count: nan (Weight: 0.20)
  - User Growth: nan (Weight: 0.10)"
SPACE ID,Infrastructure,71.54482355993773,Strong Growth,"Project 'SPACE ID' in the 'Infrastructure' sector has an overall User Growth Score of 71.54, categorized as 'Strong Growth'.
The score is based on the following weighted metrics:
  - Active Users: nan (Weight: 0.30)
  - Transaction Volume: 68.56 (Weight: 0.30)
  - Transaction Count: nan (Weight: 0.30)
  - User Growth: 80.49 (Weight: 0.10)"
Coinbase Wrapped Staked Ether,Liquid staking,,,"Project 'Coinbase Wrapped Staked Ether' in the 'Liquid staking' sector has an overall User Growth Score of nan, categorized as 'None'.
The score is based on the following weighted metrics:
  - Active Users: nan (Weight: 0.30)
  - Transaction Volume: nan (Weight: 0.20)
  - User Growth: nan (Weight: 0.30)
  - Transaction Count: nan (Weight: 0.20)"
SingSing,Social,,,"Project 'SingSing' in the 'Social' sector has an overall User Growth Score of nan, categorized as 'None'.
The score is based on the following weighted metrics:
  - Active Users: nan (Weight: 0.60)
  - Transaction Volume: nan (Weight: 0.10)
  - Transaction Count: nan (Weight: 0.10)
  - User Growth: nan (Weight: 0.20)"
Clave,Infrastructure,,,"Project 'Clave' in the 'Infrastructure' sector has an overall User Growth Score of nan, categorized as 'None'.
The score is based on the following weighted metrics:
  - Active Users: nan (Weight: 0.30)
  - Transaction Volume: nan (Weight: 0.30)
  - Transaction Count: nan (Weight: 0.30)
  - User Growth: nan (Weight: 0.10)"
Ref Finance,Exchanges (DEX),43.362068965517246,Slow Growth,"Project 'Ref Finance' in the 'Exchanges (DEX)' sector has an overall User Growth Score of 43.36, categorized as 'Slow Growth'.
The score is based on the following weighted metrics:
  - Active Users: nan (Weight: 0.30)
  - Transaction Volume: 43.36 (Weight: 0.40)
  - Transaction Count: nan (Weight: 0.20)
  - User Growth: nan (Weight: 0.10)"
Lisk,Blockchains (L2),57.4295269947444,Steady Growth,"Project 'Lisk' in the 'Blockchains (L2)' sector has an overall User Growth Score of 57.43, categorized as 'Steady Growth'.
The score is based on the following weighted metrics:
  - Active Users: nan (Weight: 0.30)
  - Transaction Volume: 76.92 (Weight: 0.25)
  - Bridge Volume: nan (Weight: 0.20)
  - Transaction Count: nan (Weight: 0.15)
  - User Growth: 8.70 (Weight: 0.10)"
Symbiosis,Exchanges (DEX),56.37819799777531,Steady Growth,"Project 'Symbiosis' in the 'Exchanges (DEX)' sector has an overall User Growth Score of 56.38, categorized as 'Steady Growth'.
The score is based on the following weighted metrics:
  - Active Users: nan (Weight: 0.30)
  - Transaction Volume: 62.33 (Weight: 0.40)
  - Transaction Count: nan (Weight: 0.20)
  - User Growth: 32.58 (Weight: 0.10)"
Astar zkEVM,Blockchains (L2),,,"Project 'Astar zkEVM' in the 'Blockchains (L2)' sector has an overall User Growth Score of nan, categorized as 'None'.
The score is based on the following weighted metrics:
  - Active Users: nan (Weight: 0.30)
  - Transaction Volume: nan (Weight: 0.25)
  - Bridge Volume: nan (Weight: 0.20)
  - Transaction Count: nan (Weight: 0.15)
  - User Growth: nan (Weight: 0.10)"
Shrapnel,Gaming,57.04248366013072,Steady Growth,"Project 'Shrapnel' in the 'Gaming' sector has an overall User Growth Score of 57.04, categorized as 'Steady Growth'.
The score is based on the following weighted metrics:
  - Active Users: nan (Weight: 0.50)
  - Transaction Volume: 59.17 (Weight: 0.20)
  - Transaction Count: nan (Weight: 0.20)
  - User Growth: 52.79 (Weight: 0.10)"
Spin,Derivative exchanges,,,"Project 'Spin' in the 'Derivative exchanges' sector has an overall User Growth Score of nan, categorized as 'None'.
The score is based on the following weighted metrics:
  - Active Users: nan (Weight: 0.30)
  - Transaction Volume: nan (Weight: 0.40)
  - Transaction Count: nan (Weight: 0.20)
  - User Growth: nan (Weight: 0.10)"
QuestN,Infrastructure,,,"Project 'QuestN' in the 'Infrastructure' sector has an overall User Growth Score of nan, categorized as 'None'.
The score is based on the following weighted metrics:
  - Active Users: nan (Weight: 0.30)
  - Transaction Volume: nan (Weight: 0.30)
  - Transaction Count: nan (Weight: 0.30)
  - User Growth: nan (Weight: 0.10)"
Hydration,Blockchains (L2),47.478246927288744,Steady Growth,"Project 'Hydration' in the 'Blockchains (L2)' sector has an overall User Growth Score of 47.48, categorized as 'Steady Growth'.
The score is based on the following weighted metrics:
  - Active Users: 58.57 (Weight: 0.30)
  - Transaction Volume: 42.02 (Weight: 0.25)
  - Bridge Volume: nan (Weight: 0.20)
  - Transaction Count: 34.39 (Weight: 0.15)
  - User Growth: nan (Weight: 0.10)"
HYCHAIN,Blockchains (L2),36.92307692307692,Slow Growth,"Project 'HYCHAIN' in the 'Blockchains (L2)' sector has an overall User Growth Score of 36.92, categorized as 'Slow Growth'.
The score is based on the following weighted metrics:
  - Active Users: nan (Weight: 0.30)
  - Transaction Volume: 36.92 (Weight: 0.25)
  - Bridge Volume: nan (Weight: 0.20)
  - Transaction Count: nan (Weight: 0.15)
  - User Growth: nan (Weight: 0.10)"
Lifinity,Exchanges (DEX),36.43678160919541,Slow Growth,"Project 'Lifinity' in the 'Exchanges (DEX)' sector has an overall User Growth Score of 36.44, categorized as 'Slow Growth'.
The score is based on the following weighted metrics:
  - Active Users: nan (Weight: 0.30)
  - Transaction Volume: 36.44 (Weight: 0.40)
  - Transaction Count: nan (Weight: 0.20)
  - User Growth: nan (Weight: 0.10)"
Chingari,Social,50.83333333333333,Steady Growth,"Project 'Chingari' in the 'Social' sector has an overall User Growth Score of 50.83, categorized as 'Steady Growth'.
The score is based on the following weighted metrics:
  - Active Users: nan (Weight: 0.60)
  - Transaction Volume: 50.83 (Weight: 0.10)
  - Transaction Count: nan (Weight: 0.10)
  - User Growth: nan (Weight: 0.20)"
Bittensor,Blockchains (L1),55.0,Steady Growth,"Project 'Bittensor' in the 'Blockchains (L1)' sector has an overall User Growth Score of 55.00, categorized as 'Steady Growth'.
The score is based on the following weighted metrics:
  - Active Users: nan (Weight: 0.30)
  - Transaction Volume: 55.00 (Weight: 0.30)
  - Transaction Count: nan (Weight: 0.25)
  - User Growth: nan (Weight: 0.15)"
Merlin Chain,Blockchains (L2),69.42307692307692,Strong Growth,"Project 'Merlin Chain' in the 'Blockchains (L2)' sector has an overall User Growth Score of 69.42, categorized as 'Strong Growth'.
The score is based on the following weighted metrics:
  - Active Users: nan (Weight: 0.30)
  - Transaction Volume: 69.42 (Weight: 0.25)
  - Bridge Volume: nan (Weight: 0.20)
  - Transaction Count: nan (Weight: 0.15)
  - User Growth: nan (Weight: 0.10)"
Membrane Finance,Stablecoin issuers,,,"Project 'Membrane Finance' in the 'Stablecoin issuers' sector has an overall User Growth Score of nan, categorized as 'None'.
The score is based on the following weighted metrics:
  - Active Users: nan (Weight: 0.20)
  - Transaction Volume: nan (Weight: 0.40)
  - Transaction Count: nan (Weight: 0.20)
  - User Growth: nan (Weight: 0.20)"
Stride,Liquid staking,33.529411764705884,Slow Growth,"Project 'Stride' in the 'Liquid staking' sector has an overall User Growth Score of 33.53, categorized as 'Slow Growth'.
The score is based on the following weighted metrics:
  - Active Users: nan (Weight: 0.30)
  - Transaction Volume: 33.53 (Weight: 0.20)
  - User Growth: nan (Weight: 0.30)
  - Transaction Count: nan (Weight: 0.20)"
Arrow Markets,Derivative exchanges,29.333951762523192,Slow Growth,"Project 'Arrow Markets' in the 'Derivative exchanges' sector has an overall User Growth Score of 29.33, categorized as 'Slow Growth'.
The score is based on the following weighted metrics:
  - Active Users: nan (Weight: 0.30)
  - Transaction Volume: 26.33 (Weight: 0.40)
  - Transaction Count: nan (Weight: 0.20)
  - User Growth: 41.36 (Weight: 0.10)"
DojoSwap,Exchanges (DEX),20.344827586206897,Stagnant/Declining,"Project 'DojoSwap' in the 'Exchanges (DEX)' sector has an overall User Growth Score of 20.34, categorized as 'Stagnant/Declining'.
The score is based on the following weighted metrics:
  - Active Users: nan (Weight: 0.30)
  - Transaction Volume: 20.34 (Weight: 0.40)
  - Transaction Count: nan (Weight: 0.20)
  - User Growth: nan (Weight: 0.10)"
zkDX,Derivative exchanges,26.82235621521336,Slow Growth,"Project 'zkDX' in the 'Derivative exchanges' sector has an overall User Growth Score of 26.82, categorized as 'Slow Growth'.
The score is based on the following weighted metrics:
  - Active Users: nan (Weight: 0.30)
  - Transaction Volume: 20.20 (Weight: 0.40)
  - Transaction Count: nan (Weight: 0.20)
  - User Growth: 53.30 (Weight: 0.10)"
KlimaDAO,Infrastructure,36.073884276076804,Slow Growth,"Project 'KlimaDAO' in the 'Infrastructure' sector has an overall User Growth Score of 36.07, categorized as 'Slow Growth'.
The score is based on the following weighted metrics:
  - Active Users: nan (Weight: 0.30)
  - Transaction Volume: 27.02 (Weight: 0.30)
  - Transaction Count: nan (Weight: 0.30)
  - User Growth: 63.23 (Weight: 0.10)"
Turbos Finance,Exchanges (DEX),53.706896551724135,Steady Growth,"Project 'Turbos Finance' in the 'Exchanges (DEX)' sector has an overall User Growth Score of 53.71, categorized as 'Steady Growth'.
The score is based on the following weighted metrics:
  - Active Users: nan (Weight: 0.30)
  - Transaction Volume: 53.71 (Weight: 0.40)
  - Transaction Count: nan (Weight: 0.20)
  - User Growth: nan (Weight: 0.10)"
Brave,Infrastructure,74.00655163466527,Strong Growth,"Project 'Brave' in the 'Infrastructure' sector has an overall User Growth Score of 74.01, categorized as 'Strong Growth'.
The score is based on the following weighted metrics:
  - Active Users: nan (Weight: 0.30)
  - Transaction Volume: 66.97 (Weight: 0.30)
  - Transaction Count: nan (Weight: 0.30)
  - User Growth: 95.12 (Weight: 0.10)"
Invarch,Blockchains (L2),28.96631823461092,Slow Growth,"Project 'Invarch' in the 'Blockchains (L2)' sector has an overall User Growth Score of 28.97, categorized as 'Slow Growth'.
The score is based on the following weighted metrics:
  - Active Users: 38.57 (Weight: 0.30)
  - Transaction Volume: nan (Weight: 0.25)
  - Bridge Volume: nan (Weight: 0.20)
  - Transaction Count: 9.76 (Weight: 0.15)
  - User Growth: nan (Weight: 0.10)"
Sofamon,Social,,,"Project 'Sofamon' in the 'Social' sector has an overall User Growth Score of nan, categorized as 'None'.
The score is based on the following weighted metrics:
  - Active Users: nan (Weight: 0.60)
  - Transaction Volume: nan (Weight: 0.10)
  - Transaction Count: nan (Weight: 0.10)
  - User Growth: nan (Weight: 0.20)"
Level,Stablecoin issuers,,,"Project 'Level' in the 'Stablecoin issuers' sector has an overall User Growth Score of nan, categorized as 'None'.
The score is based on the following weighted metrics:
  - Active Users: nan (Weight: 0.20)
  - Transaction Volume: nan (Weight: 0.40)
  - Transaction Count: nan (Weight: 0.20)
  - User Growth: nan (Weight: 0.20)"
Renzo,Liquid staking,73.07843137254903,Strong Growth,"Project 'Renzo' in the 'Liquid staking' sector has an overall User Growth Score of 73.08, categorized as 'Strong Growth'.
The score is based on the following weighted metrics:
  - Active Users: nan (Weight: 0.30)
  - Transaction Volume: 66.03 (Weight: 0.20)
  - User Growth: 77.78 (Weight: 0.30)
  - Transaction Count: nan (Weight: 0.20)"
Azuro,Prediction markets,65.46875,Strong Growth,"Project 'Azuro' in the 'Prediction markets' sector has an overall User Growth Score of 65.47, categorized as 'Strong Growth'.
The score is based on the following weighted metrics:
  - Active Users: 42.50 (Weight: 0.35)
  - Transaction Volume: 75.00 (Weight: 0.30)
  - Transaction Count: nan (Weight: 0.20)
  - User Growth: 100.00 (Weight: 0.15)"
SKALE,Blockchains (L1),34.015151515151516,Slow Growth,"Project 'SKALE' in the 'Blockchains (L1)' sector has an overall User Growth Score of 34.02, categorized as 'Slow Growth'.
The score is based on the following weighted metrics:
  - Active Users: nan (Weight: 0.30)
  - Transaction Volume: 44.77 (Weight: 0.30)
  - Transaction Count: nan (Weight: 0.25)
  - User Growth: 12.50 (Weight: 0.15)"
briq,Infrastructure,,,"Project 'briq' in the 'Infrastructure' sector has an overall User Growth Score of nan, categorized as 'None'.
The score is based on the following weighted metrics:
  - Active Users: nan (Weight: 0.30)
  - Transaction Volume: nan (Weight: 0.30)
  - Transaction Count: nan (Weight: 0.30)
  - User Growth: nan (Weight: 0.10)"
DeSo,Blockchains (L1),25.151515151515152,Slow Growth,"Project 'DeSo' in the 'Blockchains (L1)' sector has an overall User Growth Score of 25.15, categorized as 'Slow Growth'.
The score is based on the following weighted metrics:
  - Active Users: nan (Weight: 0.30)
  - Transaction Volume: 25.15 (Weight: 0.30)
  - Transaction Count: nan (Weight: 0.25)
  - User Growth: nan (Weight: 0.15)"
Hook,Blockchains (L3),,,"Project 'Hook' in the 'Blockchains (L3)' sector has an overall User Growth Score of nan, categorized as 'None'.
The score is based on the following weighted metrics:
  - Active Users: nan (Weight: 0.35)
  - Transaction Volume: nan (Weight: 0.30)
  - Transaction Count: nan (Weight: 0.20)
  - User Growth: nan (Weight: 0.15)"
SuperSwap,Exchanges (DEX),,,"Project 'SuperSwap' in the 'Exchanges (DEX)' sector has an overall User Growth Score of nan, categorized as 'None'.
The score is based on the following weighted metrics:
  - Active Users: nan (Weight: 0.30)
  - Transaction Volume: nan (Weight: 0.40)
  - Transaction Count: nan (Weight: 0.20)
  - User Growth: nan (Weight: 0.10)"
defi.money,Stablecoin issuers,,,"Project 'defi.money' in the 'Stablecoin issuers' sector has an overall User Growth Score of nan, categorized as 'None'.
The score is based on the following weighted metrics:
  - Active Users: nan (Weight: 0.20)
  - Transaction Volume: nan (Weight: 0.40)
  - Transaction Count: nan (Weight: 0.20)
  - User Growth: nan (Weight: 0.20)"
Fren Pet,Gaming,50.1797385620915,Steady Growth,"Project 'Fren Pet' in the 'Gaming' sector has an overall User Growth Score of 50.18, categorized as 'Steady Growth'.
The score is based on the following weighted metrics:
  - Active Users: nan (Weight: 0.50)
  - Transaction Volume: 46.67 (Weight: 0.20)
  - Transaction Count: nan (Weight: 0.20)
  - User Growth: 57.21 (Weight: 0.10)"
NinjaVault,Asset management,,,"Project 'NinjaVault' in the 'Asset management' sector has an overall User Growth Score of nan, categorized as 'None'.
The score is based on the following weighted metrics:
  - Active Users: nan (Weight: 0.30)
  - Transaction Volume: nan (Weight: 0.40)
  - Transaction Count: nan (Weight: 0.20)
  - User Growth: nan (Weight: 0.10)"
Eigenpie,Liquid staking,,,"Project 'Eigenpie' in the 'Liquid staking' sector has an overall User Growth Score of nan, categorized as 'None'.
The score is based on the following weighted metrics:
  - Active Users: nan (Weight: 0.30)
  - Transaction Volume: nan (Weight: 0.20)
  - User Growth: nan (Weight: 0.30)
  - Transaction Count: nan (Weight: 0.20)"
Mantle,Blockchains (L2),89.472049689441,Exceptional Growth,"Project 'Mantle' in the 'Blockchains (L2)' sector has an overall User Growth Score of 89.47, categorized as 'Exceptional Growth'.
The score is based on the following weighted metrics:
  - Active Users: nan (Weight: 0.30)
  - Transaction Volume: 100.00 (Weight: 0.25)
  - Bridge Volume: nan (Weight: 0.20)
  - Transaction Count: nan (Weight: 0.15)
  - User Growth: 63.15 (Weight: 0.10)"
Valeria Games,Gaming,,,"Project 'Valeria Games' in the 'Gaming' sector has an overall User Growth Score of nan, categorized as 'None'.
The score is based on the following weighted metrics:
  - Active Users: nan (Weight: 0.50)
  - Transaction Volume: nan (Weight: 0.20)
  - Transaction Count: nan (Weight: 0.20)
  - User Growth: nan (Weight: 0.10)"
Swell,Liquid staking,38.36397058823529,Slow Growth,"Project 'Swell' in the 'Liquid staking' sector has an overall User Growth Score of 38.36, categorized as 'Slow Growth'.
The score is based on the following weighted metrics:
  - Active Users: 13.33 (Weight: 0.30)
  - Transaction Volume: 57.21 (Weight: 0.20)
  - User Growth: 50.83 (Weight: 0.30)
  - Transaction Count: nan (Weight: 0.20)"
ERA Name Service,Infrastructure,16.722560975609756,Stagnant/Declining,"Project 'ERA Name Service' in the 'Infrastructure' sector has an overall User Growth Score of 16.72, categorized as 'Stagnant/Declining'.
The score is based on the following weighted metrics:
  - Active Users: nan (Weight: 0.30)
  - Transaction Volume: 0.00 (Weight: 0.30)
  - Transaction Count: nan (Weight: 0.30)
  - User Growth: 66.89 (Weight: 0.10)"
Marinade,Liquid staking,65.11764705882352,Strong Growth,"Project 'Marinade' in the 'Liquid staking' sector has an overall User Growth Score of 65.12, categorized as 'Strong Growth'.
The score is based on the following weighted metrics:
  - Active Users: 73.33 (Weight: 0.30)
  - Transaction Volume: 52.79 (Weight: 0.20)
  - User Growth: nan (Weight: 0.30)
  - Transaction Count: nan (Weight: 0.20)"
Alien Base,Exchanges (DEX),53.53281423804228,Steady Growth,"Project 'Alien Base' in the 'Exchanges (DEX)' sector has an overall User Growth Score of 53.53, categorized as 'Steady Growth'.
The score is based on the following weighted metrics:
  - Active Users: nan (Weight: 0.30)
  - Transaction Volume: 45.95 (Weight: 0.40)
  - Transaction Count: nan (Weight: 0.20)
  - User Growth: 83.87 (Weight: 0.10)"
Element,NFT marketplaces,,,"Project 'Element' in the 'NFT marketplaces' sector has an overall User Growth Score of nan, categorized as 'None'.
The score is based on the following weighted metrics:
  - Active Users: nan (Weight: 0.40)
  - Transaction Volume: nan (Weight: 0.30)
  - Transaction Count: nan (Weight: 0.20)
  - User Growth: nan (Weight: 0.10)"
Kroma Network,Blockchains (L2),,,"Project 'Kroma Network' in the 'Blockchains (L2)' sector has an overall User Growth Score of nan, categorized as 'None'.
The score is based on the following weighted metrics:
  - Active Users: nan (Weight: 0.30)
  - Transaction Volume: nan (Weight: 0.25)
  - Bridge Volume: nan (Weight: 0.20)
  - Transaction Count: nan (Weight: 0.15)
  - User Growth: nan (Weight: 0.10)"
Suilend,Lending,,,"Project 'Suilend' in the 'Lending' sector has an overall User Growth Score of nan, categorized as 'None'.
The score is based on the following weighted metrics:
  - Active Users: nan (Weight: 0.40)
  - Transaction Volume: nan (Weight: 0.30)
  - Transaction Count: nan (Weight: 0.20)
  - User Growth: nan (Weight: 0.10)"
BaseSwap,Exchanges (DEX),40.728958101594365,Slow Growth,"Project 'BaseSwap' in the 'Exchanges (DEX)' sector has an overall User Growth Score of 40.73, categorized as 'Slow Growth'.
The score is based on the following weighted metrics:
  - Active Users: nan (Weight: 0.30)
  - Transaction Volume: 29.54 (Weight: 0.40)
  - Transaction Count: nan (Weight: 0.20)
  - User Growth: 85.48 (Weight: 0.10)"
SwapX,Exchanges (DEX),49.2035595105673,Steady Growth,"Project 'SwapX' in the 'Exchanges (DEX)' sector has an overall User Growth Score of 49.20, categorized as 'Steady Growth'.
The score is based on the following weighted metrics:
  - Active Users: nan (Weight: 0.30)
  - Transaction Volume: 54.57 (Weight: 0.40)
  - Transaction Count: nan (Weight: 0.20)
  - User Growth: 27.74 (Weight: 0.10)"
Ionic Protocol,Lending,38.94736842105263,Slow Growth,"Project 'Ionic Protocol' in the 'Lending' sector has an overall User Growth Score of 38.95, categorized as 'Slow Growth'.
The score is based on the following weighted metrics:
  - Active Users: nan (Weight: 0.40)
  - Transaction Volume: 38.95 (Weight: 0.30)
  - Transaction Count: nan (Weight: 0.20)
  - User Growth: nan (Weight: 0.10)"
Yield Guild Games,Gaming,79.79847494553377,Strong Growth,"Project 'Yield Guild Games' in the 'Gaming' sector has an overall User Growth Score of 79.80, categorized as 'Strong Growth'.
The score is based on the following weighted metrics:
  - Active Users: nan (Weight: 0.50)
  - Transaction Volume: 88.89 (Weight: 0.20)
  - Transaction Count: nan (Weight: 0.20)
  - User Growth: 61.62 (Weight: 0.10)"
Primex Finance,Exchanges (DEX),,,"Project 'Primex Finance' in the 'Exchanges (DEX)' sector has an overall User Growth Score of nan, categorized as 'None'.
The score is based on the following weighted metrics:
  - Active Users: nan (Weight: 0.30)
  - Transaction Volume: nan (Weight: 0.40)
  - Transaction Count: nan (Weight: 0.20)
  - User Growth: nan (Weight: 0.10)"
Baryon,Exchanges (DEX),,,"Project 'Baryon' in the 'Exchanges (DEX)' sector has an overall User Growth Score of nan, categorized as 'None'.
The score is based on the following weighted metrics:
  - Active Users: nan (Weight: 0.30)
  - Transaction Volume: nan (Weight: 0.40)
  - Transaction Count: nan (Weight: 0.20)
  - User Growth: nan (Weight: 0.10)"
Bucket Protocol,Lending,,,"Project 'Bucket Protocol' in the 'Lending' sector has an overall User Growth Score of nan, categorized as 'None'.
The score is based on the following weighted metrics:
  - Active Users: nan (Weight: 0.40)
  - Transaction Volume: nan (Weight: 0.30)
  - Transaction Count: nan (Weight: 0.20)
  - User Growth: nan (Weight: 0.10)"
OpenOcean,Exchanges (DEX),49.75973303670746,Steady Growth,"Project 'OpenOcean' in the 'Exchanges (DEX)' sector has an overall User Growth Score of 49.76, categorized as 'Steady Growth'.
The score is based on the following weighted metrics:
  - Active Users: nan (Weight: 0.30)
  - Transaction Volume: 52.84 (Weight: 0.40)
  - Transaction Count: nan (Weight: 0.20)
  - User Growth: 37.42 (Weight: 0.10)"
Aurora,Blockchains (L2),47.61825131390349,Steady Growth,"Project 'Aurora' in the 'Blockchains (L2)' sector has an overall User Growth Score of 47.62, categorized as 'Steady Growth'.
The score is based on the following weighted metrics:
  - Active Users: nan (Weight: 0.30)
  - Transaction Volume: 49.23 (Weight: 0.25)
  - Bridge Volume: nan (Weight: 0.20)
  - Transaction Count: nan (Weight: 0.15)
  - User Growth: 43.59 (Weight: 0.10)"
Meta Pool DAO,Liquid staking,11.76470588235294,Stagnant/Declining,"Project 'Meta Pool DAO' in the 'Liquid staking' sector has an overall User Growth Score of 11.76, categorized as 'Stagnant/Declining'.
The score is based on the following weighted metrics:
  - Active Users: nan (Weight: 0.30)
  - Transaction Volume: 11.76 (Weight: 0.20)
  - User Growth: nan (Weight: 0.30)
  - Transaction Count: nan (Weight: 0.20)"
Odos,Exchanges (DEX),,,"Project 'Odos' in the 'Exchanges (DEX)' sector has an overall User Growth Score of nan, categorized as 'None'.
The score is based on the following weighted metrics:
  - Active Users: nan (Weight: 0.30)
  - Transaction Volume: nan (Weight: 0.40)
  - Transaction Count: nan (Weight: 0.20)
  - User Growth: nan (Weight: 0.10)"
Kine Protocol,Derivative exchanges,44.65445269016698,Slow Growth,"Project 'Kine Protocol' in the 'Derivative exchanges' sector has an overall User Growth Score of 44.65, categorized as 'Slow Growth'.
The score is based on the following weighted metrics:
  - Active Users: nan (Weight: 0.30)
  - Transaction Volume: 45.05 (Weight: 0.40)
  - Transaction Count: nan (Weight: 0.20)
  - User Growth: 43.07 (Weight: 0.10)"
Hooked Protocol,Social,81.48148148148148,Exceptional Growth,"Project 'Hooked Protocol' in the 'Social' sector has an overall User Growth Score of 81.48, categorized as 'Exceptional Growth'.
The score is based on the following weighted metrics:
  - Active Users: nan (Weight: 0.60)
  - Transaction Volume: 77.78 (Weight: 0.10)
  - Transaction Count: nan (Weight: 0.10)
  - User Growth: 83.33 (Weight: 0.20)"
Openbook,Exchanges (DEX),,,"Project 'Openbook' in the 'Exchanges (DEX)' sector has an overall User Growth Score of nan, categorized as 'None'.
The score is based on the following weighted metrics:
  - Active Users: nan (Weight: 0.30)
  - Transaction Volume: nan (Weight: 0.40)
  - Transaction Count: nan (Weight: 0.20)
  - User Growth: nan (Weight: 0.10)"
ZKEX,Exchanges (DEX),,,"Project 'ZKEX' in the 'Exchanges (DEX)' sector has an overall User Growth Score of nan, categorized as 'None'.
The score is based on the following weighted metrics:
  - Active Users: nan (Weight: 0.30)
  - Transaction Volume: nan (Weight: 0.40)
  - Transaction Count: nan (Weight: 0.20)
  - User Growth: nan (Weight: 0.10)"
Magic Eden,NFT marketplaces,100.0,Exceptional Growth,"Project 'Magic Eden' in the 'NFT marketplaces' sector has an overall User Growth Score of 100.00, categorized as 'Exceptional Growth'.
The score is based on the following weighted metrics:
  - Active Users: nan (Weight: 0.40)
  - Transaction Volume: 100.00 (Weight: 0.30)
  - Transaction Count: nan (Weight: 0.20)
  - User Growth: nan (Weight: 0.10)"
Sei Network,Blockchains (L1),56.13636363636363,Steady Growth,"Project 'Sei Network' in the 'Blockchains (L1)' sector has an overall User Growth Score of 56.14, categorized as 'Steady Growth'.
The score is based on the following weighted metrics:
  - Active Users: nan (Weight: 0.30)
  - Transaction Volume: 56.14 (Weight: 0.30)
  - Transaction Count: nan (Weight: 0.25)
  - User Growth: nan (Weight: 0.15)"
Ether.fi,Liquid staking,68.38848039215686,Strong Growth,"Project 'Ether.fi' in the 'Liquid staking' sector has an overall User Growth Score of 68.39, categorized as 'Strong Growth'.
The score is based on the following weighted metrics:
  - Active Users: 42.50 (Weight: 0.30)
  - Transaction Volume: 76.47 (Weight: 0.20)
  - User Growth: 88.89 (Weight: 0.30)
  - Transaction Count: nan (Weight: 0.20)"
COTI,Blockchains (L2),86.53846153846155,Exceptional Growth,"Project 'COTI' in the 'Blockchains (L2)' sector has an overall User Growth Score of 86.54, categorized as 'Exceptional Growth'.
The score is based on the following weighted metrics:
  - Active Users: nan (Weight: 0.30)
  - Transaction Volume: 86.54 (Weight: 0.25)
  - Bridge Volume: nan (Weight: 0.20)
  - Transaction Count: nan (Weight: 0.15)
  - User Growth: nan (Weight: 0.10)"
Panora Exchange,Exchanges (DEX),,,"Project 'Panora Exchange' in the 'Exchanges (DEX)' sector has an overall User Growth Score of nan, categorized as 'None'.
The score is based on the following weighted metrics:
  - Active Users: nan (Weight: 0.30)
  - Transaction Volume: nan (Weight: 0.40)
  - Transaction Count: nan (Weight: 0.20)
  - User Growth: nan (Weight: 0.10)"
Carv,Infrastructure,59.012389724961075,Steady Growth,"Project 'Carv' in the 'Infrastructure' sector has an overall User Growth Score of 59.01, categorized as 'Steady Growth'.
The score is based on the following weighted metrics:
  - Active Users: nan (Weight: 0.30)
  - Transaction Volume: 49.41 (Weight: 0.30)
  - Transaction Count: nan (Weight: 0.30)
  - User Growth: 87.80 (Weight: 0.10)"
Numerai,Asset management,88.36754643206255,Exceptional Growth,"Project 'Numerai' in the 'Asset management' sector has an overall User Growth Score of 88.37, categorized as 'Exceptional Growth'.
The score is based on the following weighted metrics:
  - Active Users: nan (Weight: 0.30)
  - Transaction Volume: 87.88 (Weight: 0.40)
  - Transaction Count: nan (Weight: 0.20)
  - User Growth: 90.32 (Weight: 0.10)"
API3,Infrastructure,84.19142449403218,Exceptional Growth,"Project 'API3' in the 'Infrastructure' sector has an overall User Growth Score of 84.19, categorized as 'Exceptional Growth'.
The score is based on the following weighted metrics:
  - Active Users: nan (Weight: 0.30)
  - Transaction Volume: 93.62 (Weight: 0.30)
  - Transaction Count: nan (Weight: 0.30)
  - User Growth: 55.91 (Weight: 0.10)"
Reya,Blockchains (L2),,,"Project 'Reya' in the 'Blockchains (L2)' sector has an overall User Growth Score of nan, categorized as 'None'.
The score is based on the following weighted metrics:
  - Active Users: nan (Weight: 0.30)
  - Transaction Volume: nan (Weight: 0.25)
  - Bridge Volume: nan (Weight: 0.20)
  - Transaction Count: nan (Weight: 0.15)
  - User Growth: nan (Weight: 0.10)"
BadgerDAO,Asset management,90.14662756598241,Exceptional Growth,"Project 'BadgerDAO' in the 'Asset management' sector has an overall User Growth Score of 90.15, categorized as 'Exceptional Growth'.
The score is based on the following weighted metrics:
  - Active Users: nan (Weight: 0.30)
  - Transaction Volume: 90.91 (Weight: 0.40)
  - Transaction Count: nan (Weight: 0.20)
  - User Growth: 87.10 (Weight: 0.10)"
zkSwap Finance,Exchanges (DEX),48.15270935960592,Steady Growth,"Project 'zkSwap Finance' in the 'Exchanges (DEX)' sector has an overall User Growth Score of 48.15, categorized as 'Steady Growth'.
The score is based on the following weighted metrics:
  - Active Users: 35.00 (Weight: 0.30)
  - Transaction Volume: 58.02 (Weight: 0.40)
  - Transaction Count: nan (Weight: 0.20)
  - User Growth: nan (Weight: 0.10)"
Nodle,Blockchains (L2),29.314763643037764,Slow Growth,"Project 'Nodle' in the 'Blockchains (L2)' sector has an overall User Growth Score of 29.31, categorized as 'Slow Growth'.
The score is based on the following weighted metrics:
  - Active Users: 26.67 (Weight: 0.30)
  - Transaction Volume: 23.46 (Weight: 0.25)
  - Bridge Volume: nan (Weight: 0.20)
  - Transaction Count: 14.63 (Weight: 0.15)
  - User Growth: 73.91 (Weight: 0.10)"
Sanko,Blockchains (L3),,,"Project 'Sanko' in the 'Blockchains (L3)' sector has an overall User Growth Score of nan, categorized as 'None'.
The score is based on the following weighted metrics:
  - Active Users: nan (Weight: 0.35)
  - Transaction Volume: nan (Weight: 0.30)
  - Transaction Count: nan (Weight: 0.20)
  - User Growth: nan (Weight: 0.15)"
Opus,Stablecoin issuers,40.9375,Slow Growth,"Project 'Opus' in the 'Stablecoin issuers' sector has an overall User Growth Score of 40.94, categorized as 'Slow Growth'.
The score is based on the following weighted metrics:
  - Active Users: nan (Weight: 0.20)
  - Transaction Volume: 40.94 (Weight: 0.40)
  - Transaction Count: nan (Weight: 0.20)
  - User Growth: nan (Weight: 0.20)"
Stacks,Blockchains (L2),90.38461538461539,Exceptional Growth,"Project 'Stacks' in the 'Blockchains (L2)' sector has an overall User Growth Score of 90.38, categorized as 'Exceptional Growth'.
The score is based on the following weighted metrics:
  - Active Users: nan (Weight: 0.30)
  - Transaction Volume: 90.38 (Weight: 0.25)
  - Bridge Volume: nan (Weight: 0.20)
  - Transaction Count: nan (Weight: 0.15)
  - User Growth: nan (Weight: 0.10)"
Dinero,Liquid staking,8.705882352941178,Stagnant/Declining,"Project 'Dinero' in the 'Liquid staking' sector has an overall User Growth Score of 8.71, categorized as 'Stagnant/Declining'.
The score is based on the following weighted metrics:
  - Active Users: nan (Weight: 0.30)
  - Transaction Volume: 21.76 (Weight: 0.20)
  - User Growth: 0.00 (Weight: 0.30)
  - Transaction Count: nan (Weight: 0.20)"
Folks Finance,Lending,,,"Project 'Folks Finance' in the 'Lending' sector has an overall User Growth Score of nan, categorized as 'None'.
The score is based on the following weighted metrics:
  - Active Users: nan (Weight: 0.40)
  - Transaction Volume: nan (Weight: 0.30)
  - Transaction Count: nan (Weight: 0.20)
  - User Growth: nan (Weight: 0.10)"
Wormhole,Infrastructure,,,"Project 'Wormhole' in the 'Infrastructure' sector has an overall User Growth Score of nan, categorized as 'None'.
The score is based on the following weighted metrics:
  - Active Users: nan (Weight: 0.30)
  - Transaction Volume: nan (Weight: 0.30)
  - Transaction Count: nan (Weight: 0.30)
  - User Growth: nan (Weight: 0.10)"
Sanctum,Liquid staking,39.411764705882355,Slow Growth,"Project 'Sanctum' in the 'Liquid staking' sector has an overall User Growth Score of 39.41, categorized as 'Slow Growth'.
The score is based on the following weighted metrics:
  - Active Users: nan (Weight: 0.30)
  - Transaction Volume: 39.41 (Weight: 0.20)
  - User Growth: nan (Weight: 0.30)
  - Transaction Count: nan (Weight: 0.20)"
Squid,Infrastructure,,,"Project 'Squid' in the 'Infrastructure' sector has an overall User Growth Score of nan, categorized as 'None'.
The score is based on the following weighted metrics:
  - Active Users: nan (Weight: 0.30)
  - Transaction Volume: nan (Weight: 0.30)
  - Transaction Count: nan (Weight: 0.30)
  - User Growth: nan (Weight: 0.10)"
Merkly,Bridges,,,"Project 'Merkly' in the 'Bridges' sector has an overall User Growth Score of nan, categorized as 'None'.
The score is based on the following weighted metrics:
  - Active Users: nan (Weight: 0.20)
  - Bridge Volume: nan (Weight: 0.50)
  - Transaction Count: nan (Weight: 0.20)
  - User Growth: nan (Weight: 0.10)"
Mellow Protocol,Infrastructure,,,"Project 'Mellow Protocol' in the 'Infrastructure' sector has an overall User Growth Score of nan, categorized as 'None'.
The score is based on the following weighted metrics:
  - Active Users: nan (Weight: 0.30)
  - Transaction Volume: nan (Weight: 0.30)
  - Transaction Count: nan (Weight: 0.30)
  - User Growth: nan (Weight: 0.10)"
MyShell,Infrastructure,,,"Project 'MyShell' in the 'Infrastructure' sector has an overall User Growth Score of nan, categorized as 'None'.
The score is based on the following weighted metrics:
  - Active Users: nan (Weight: 0.30)
  - Transaction Volume: nan (Weight: 0.30)
  - Transaction Count: nan (Weight: 0.30)
  - User Growth: nan (Weight: 0.10)"
Karak,Blockchains (L2),,,"Project 'Karak' in the 'Blockchains (L2)' sector has an overall User Growth Score of nan, categorized as 'None'.
The score is based on the following weighted metrics:
  - Active Users: nan (Weight: 0.30)
  - Transaction Volume: nan (Weight: 0.25)
  - Bridge Volume: nan (Weight: 0.20)
  - Transaction Count: nan (Weight: 0.15)
  - User Growth: nan (Weight: 0.10)"
Lista DAO,Stablecoin issuers,,,"Project 'Lista DAO' in the 'Stablecoin issuers' sector has an overall User Growth Score of nan, categorized as 'None'.
The score is based on the following weighted metrics:
  - Active Users: nan (Weight: 0.20)
  - Transaction Volume: nan (Weight: 0.40)
  - Transaction Count: nan (Weight: 0.20)
  - User Growth: nan (Weight: 0.20)"
Ready Games Network,Gaming,,,"Project 'Ready Games Network' in the 'Gaming' sector has an overall User Growth Score of nan, categorized as 'None'.
The score is based on the following weighted metrics:
  - Active Users: nan (Weight: 0.50)
  - Transaction Volume: nan (Weight: 0.20)
  - Transaction Count: nan (Weight: 0.20)
  - User Growth: nan (Weight: 0.10)"
Term Structure,Blockchains (L2),,,"Project 'Term Structure' in the 'Blockchains (L2)' sector has an overall User Growth Score of nan, categorized as 'None'.
The score is based on the following weighted metrics:
  - Active Users: nan (Weight: 0.30)
  - Transaction Volume: nan (Weight: 0.25)
  - Bridge Volume: nan (Weight: 0.20)
  - Transaction Count: nan (Weight: 0.15)
  - User Growth: nan (Weight: 0.10)"
Harmony,Blockchains (L1),,,"Project 'Harmony' in the 'Blockchains (L1)' sector has an overall User Growth Score of nan, categorized as 'None'.
The score is based on the following weighted metrics:
  - Active Users: nan (Weight: 0.30)
  - Transaction Volume: nan (Weight: 0.30)
  - Transaction Count: nan (Weight: 0.25)
  - User Growth: nan (Weight: 0.15)"
Enzyme Finance,Asset management,78.63196480938419,Strong Growth,"Project 'Enzyme Finance' in the 'Asset management' sector has an overall User Growth Score of 78.63, categorized as 'Strong Growth'.
The score is based on the following weighted metrics:
  - Active Users: nan (Weight: 0.30)
  - Transaction Volume: 81.82 (Weight: 0.40)
  - Transaction Count: nan (Weight: 0.20)
  - User Growth: 65.89 (Weight: 0.10)"
MetaDAO,Infrastructure,24.893617021276597,Stagnant/Declining,"Project 'MetaDAO' in the 'Infrastructure' sector has an overall User Growth Score of 24.89, categorized as 'Stagnant/Declining'.
The score is based on the following weighted metrics:
  - Active Users: nan (Weight: 0.30)
  - Transaction Volume: 24.89 (Weight: 0.30)
  - Transaction Count: nan (Weight: 0.30)
  - User Growth: nan (Weight: 0.10)"
Koi Finance,Exchanges (DEX),22.71264367816092,Stagnant/Declining,"Project 'Koi Finance' in the 'Exchanges (DEX)' sector has an overall User Growth Score of 22.71, categorized as 'Stagnant/Declining'.
The score is based on the following weighted metrics:
  - Active Users: nan (Weight: 0.30)
  - Transaction Volume: 28.39 (Weight: 0.40)
  - Transaction Count: nan (Weight: 0.20)
  - User Growth: 0.00 (Weight: 0.10)"
Mimic,Infrastructure,,,"Project 'Mimic' in the 'Infrastructure' sector has an overall User Growth Score of nan, categorized as 'None'.
The score is based on the following weighted metrics:
  - Active Users: nan (Weight: 0.30)
  - Transaction Volume: nan (Weight: 0.30)
  - Transaction Count: nan (Weight: 0.30)
  - User Growth: nan (Weight: 0.10)"
Nostra,Lending,38.57212475633528,Slow Growth,"Project 'Nostra' in the 'Lending' sector has an overall User Growth Score of 38.57, categorized as 'Slow Growth'.
The score is based on the following weighted metrics:
  - Active Users: nan (Weight: 0.40)
  - Transaction Volume: 43.16 (Weight: 0.30)
  - Transaction Count: nan (Weight: 0.20)
  - User Growth: 24.81 (Weight: 0.10)"
Inverse Finance,Stablecoin issuers,,,"Project 'Inverse Finance' in the 'Stablecoin issuers' sector has an overall User Growth Score of nan, categorized as 'None'.
The score is based on the following weighted metrics:
  - Active Users: nan (Weight: 0.20)
  - Transaction Volume: nan (Weight: 0.40)
  - Transaction Count: nan (Weight: 0.20)
  - User Growth: nan (Weight: 0.20)"
Satori Finance,Derivative exchanges,,,"Project 'Satori Finance' in the 'Derivative exchanges' sector has an overall User Growth Score of nan, categorized as 'None'.
The score is based on the following weighted metrics:
  - Active Users: nan (Weight: 0.30)
  - Transaction Volume: nan (Weight: 0.40)
  - Transaction Count: nan (Weight: 0.20)
  - User Growth: nan (Weight: 0.10)"
re.al,Blockchains (L2),11.538461538461538,Stagnant/Declining,"Project 're.al' in the 'Blockchains (L2)' sector has an overall User Growth Score of 11.54, categorized as 'Stagnant/Declining'.
The score is based on the following weighted metrics:
  - Active Users: nan (Weight: 0.30)
  - Transaction Volume: 11.54 (Weight: 0.25)
  - Bridge Volume: nan (Weight: 0.20)
  - Transaction Count: nan (Weight: 0.15)
  - User Growth: nan (Weight: 0.10)"
Zircuit,Blockchains (L2),78.14077227120704,Strong Growth,"Project 'Zircuit' in the 'Blockchains (L2)' sector has an overall User Growth Score of 78.14, categorized as 'Strong Growth'.
The score is based on the following weighted metrics:
  - Active Users: nan (Weight: 0.30)
  - Transaction Volume: 82.69 (Weight: 0.25)
  - Bridge Volume: 100.00 (Weight: 0.20)
  - Transaction Count: nan (Weight: 0.15)
  - User Growth: 23.04 (Weight: 0.10)"
Subsocial,Blockchains (L2),14.867902132710494,Stagnant/Declining,"Project 'Subsocial' in the 'Blockchains (L2)' sector has an overall User Growth Score of 14.87, categorized as 'Stagnant/Declining'.
The score is based on the following weighted metrics:
  - Active Users: 29.05 (Weight: 0.30)
  - Transaction Volume: 3.85 (Weight: 0.25)
  - Bridge Volume: nan (Weight: 0.20)
  - Transaction Count: 4.88 (Weight: 0.15)
  - User Growth: nan (Weight: 0.10)"
Reservoir.xyz,Stablecoin issuers,,,"Project 'Reservoir.xyz' in the 'Stablecoin issuers' sector has an overall User Growth Score of nan, categorized as 'None'.
The score is based on the following weighted metrics:
  - Active Users: nan (Weight: 0.20)
  - Transaction Volume: nan (Weight: 0.40)
  - Transaction Count: nan (Weight: 0.20)
  - User Growth: nan (Weight: 0.20)"
B.Protocol,Infrastructure,,,"Project 'B.Protocol' in the 'Infrastructure' sector has an overall User Growth Score of nan, categorized as 'None'.
The score is based on the following weighted metrics:
  - Active Users: nan (Weight: 0.30)
  - Transaction Volume: nan (Weight: 0.30)
  - Transaction Count: nan (Weight: 0.30)
  - User Growth: nan (Weight: 0.10)"
SPOT Protocol (ex Ampleforth),Stablecoin issuers,31.428571428571423,Slow Growth,"Project 'SPOT Protocol (ex Ampleforth)' in the 'Stablecoin issuers' sector has an overall User Growth Score of 31.43, categorized as 'Slow Growth'.
The score is based on the following weighted metrics:
  - Active Users: nan (Weight: 0.20)
  - Transaction Volume: 35.00 (Weight: 0.40)
  - Transaction Count: nan (Weight: 0.20)
  - User Growth: 24.29 (Weight: 0.20)"
Aspect,NFT marketplaces,,,"Project 'Aspect' in the 'NFT marketplaces' sector has an overall User Growth Score of nan, categorized as 'None'.
The score is based on the following weighted metrics:
  - Active Users: nan (Weight: 0.40)
  - Transaction Volume: nan (Weight: 0.30)
  - Transaction Count: nan (Weight: 0.20)
  - User Growth: nan (Weight: 0.10)"
Illuvium,Gaming,88.45315904139433,Exceptional Growth,"Project 'Illuvium' in the 'Gaming' sector has an overall User Growth Score of 88.45, categorized as 'Exceptional Growth'.
The score is based on the following weighted metrics:
  - Active Users: nan (Weight: 0.50)
  - Transaction Volume: 94.44 (Weight: 0.20)
  - Transaction Count: nan (Weight: 0.20)
  - User Growth: 76.47 (Weight: 0.10)"
ERAGON,Gaming,,,"Project 'ERAGON' in the 'Gaming' sector has an overall User Growth Score of nan, categorized as 'None'.
The score is based on the following weighted metrics:
  - Active Users: nan (Weight: 0.50)
  - Transaction Volume: nan (Weight: 0.20)
  - Transaction Count: nan (Weight: 0.20)
  - User Growth: nan (Weight: 0.10)"
Tapos,Gaming,,,"Project 'Tapos' in the 'Gaming' sector has an overall User Growth Score of nan, categorized as 'None'.
The score is based on the following weighted metrics:
  - Active Users: nan (Weight: 0.50)
  - Transaction Volume: nan (Weight: 0.20)
  - Transaction Count: nan (Weight: 0.20)
  - User Growth: nan (Weight: 0.10)"
Veax,Exchanges (DEX),,,"Project 'Veax' in the 'Exchanges (DEX)' sector has an overall User Growth Score of nan, categorized as 'None'.
The score is based on the following weighted metrics:
  - Active Users: nan (Weight: 0.30)
  - Transaction Volume: nan (Weight: 0.40)
  - Transaction Count: nan (Weight: 0.20)
  - User Growth: nan (Weight: 0.10)"
Phala,Blockchains (L2),65.98589998851321,Strong Growth,"Project 'Phala' in the 'Blockchains (L2)' sector has an overall User Growth Score of 65.99, categorized as 'Strong Growth'.
The score is based on the following weighted metrics:
  - Active Users: 53.21 (Weight: 0.30)
  - Transaction Volume: 80.77 (Weight: 0.25)
  - Bridge Volume: nan (Weight: 0.20)
  - Transaction Count: 66.89 (Weight: 0.15)
  - User Growth: nan (Weight: 0.10)"
Celo Dollar,Stablecoin issuers,,,"Project 'Celo Dollar' in the 'Stablecoin issuers' sector has an overall User Growth Score of nan, categorized as 'None'.
The score is based on the following weighted metrics:
  - Active Users: nan (Weight: 0.20)
  - Transaction Volume: nan (Weight: 0.40)
  - Transaction Count: nan (Weight: 0.20)
  - User Growth: nan (Weight: 0.20)"
Homora,Lending,73.68421052631578,Strong Growth,"Project 'Homora' in the 'Lending' sector has an overall User Growth Score of 73.68, categorized as 'Strong Growth'.
The score is based on the following weighted metrics:
  - Active Users: nan (Weight: 0.40)
  - Transaction Volume: 73.68 (Weight: 0.30)
  - Transaction Count: nan (Weight: 0.20)
  - User Growth: nan (Weight: 0.10)"
BOB,Blockchains (L2),65.438443670151,Strong Growth,"Project 'BOB' in the 'Blockchains (L2)' sector has an overall User Growth Score of 65.44, categorized as 'Strong Growth'.
The score is based on the following weighted metrics:
  - Active Users: 69.29 (Weight: 0.30)
  - Transaction Volume: nan (Weight: 0.25)
  - Bridge Volume: nan (Weight: 0.20)
  - Transaction Count: 57.74 (Weight: 0.15)
  - User Growth: nan (Weight: 0.10)"
Slingshot,Exchanges (DEX),,,"Project 'Slingshot' in the 'Exchanges (DEX)' sector has an overall User Growth Score of nan, categorized as 'None'.
The score is based on the following weighted metrics:
  - Active Users: nan (Weight: 0.30)
  - Transaction Volume: nan (Weight: 0.40)
  - Transaction Count: nan (Weight: 0.20)
  - User Growth: nan (Weight: 0.10)"
Ajuna Network,Blockchains (L2),25.384615384615387,Slow Growth,"Project 'Ajuna Network' in the 'Blockchains (L2)' sector has an overall User Growth Score of 25.38, categorized as 'Slow Growth'.
The score is based on the following weighted metrics:
  - Active Users: nan (Weight: 0.30)
  - Transaction Volume: 25.38 (Weight: 0.25)
  - Bridge Volume: nan (Weight: 0.20)
  - Transaction Count: nan (Weight: 0.15)
  - User Growth: nan (Weight: 0.10)"
Mars Protocol,Blockchains (L1),3.0303030303030303,Stagnant/Declining,"Project 'Mars Protocol' in the 'Blockchains (L1)' sector has an overall User Growth Score of 3.03, categorized as 'Stagnant/Declining'.
The score is based on the following weighted metrics:
  - Active Users: nan (Weight: 0.30)
  - Transaction Volume: 3.03 (Weight: 0.30)
  - Transaction Count: nan (Weight: 0.25)
  - User Growth: nan (Weight: 0.15)"
usdx.money,Stablecoin issuers,,,"Project 'usdx.money' in the 'Stablecoin issuers' sector has an overall User Growth Score of nan, categorized as 'None'.
The score is based on the following weighted metrics:
  - Active Users: nan (Weight: 0.20)
  - Transaction Volume: nan (Weight: 0.40)
  - Transaction Count: nan (Weight: 0.20)
  - User Growth: nan (Weight: 0.20)"
Polimec,Blockchains (L2),31.74589347934295,Slow Growth,"Project 'Polimec' in the 'Blockchains (L2)' sector has an overall User Growth Score of 31.75, categorized as 'Slow Growth'.
The score is based on the following weighted metrics:
  - Active Users: 33.81 (Weight: 0.30)
  - Transaction Volume: 35.00 (Weight: 0.25)
  - Bridge Volume: nan (Weight: 0.20)
  - Transaction Count: 22.20 (Weight: 0.15)
  - User Growth: nan (Weight: 0.10)"
Black Panther,Asset management,25.151515151515156,Slow Growth,"Project 'Black Panther' in the 'Asset management' sector has an overall User Growth Score of 25.15, categorized as 'Slow Growth'.
The score is based on the following weighted metrics:
  - Active Users: nan (Weight: 0.30)
  - Transaction Volume: 25.15 (Weight: 0.40)
  - Transaction Count: nan (Weight: 0.20)
  - User Growth: nan (Weight: 0.10)"
Blackbird,Social,,,"Project 'Blackbird' in the 'Social' sector has an overall User Growth Score of nan, categorized as 'None'.
The score is based on the following weighted metrics:
  - Active Users: nan (Weight: 0.60)
  - Transaction Volume: nan (Weight: 0.10)
  - Transaction Count: nan (Weight: 0.10)
  - User Growth: nan (Weight: 0.20)"
X Layer,Blockchains (L2),,,"Project 'X Layer' in the 'Blockchains (L2)' sector has an overall User Growth Score of nan, categorized as 'None'.
The score is based on the following weighted metrics:
  - Active Users: nan (Weight: 0.30)
  - Transaction Volume: nan (Weight: 0.25)
  - Bridge Volume: nan (Weight: 0.20)
  - Transaction Count: nan (Weight: 0.15)
  - User Growth: nan (Weight: 0.10)"
Ring Protocol,Exchanges (DEX),9.775305895439377,Stagnant/Declining,"Project 'Ring Protocol' in the 'Exchanges (DEX)' sector has an overall User Growth Score of 9.78, categorized as 'Stagnant/Declining'.
The score is based on the following weighted metrics:
  - Active Users: nan (Weight: 0.30)
  - Transaction Volume: 6.90 (Weight: 0.40)
  - Transaction Count: nan (Weight: 0.20)
  - User Growth: 21.29 (Weight: 0.10)"
EYWA,Bridges,,,"Project 'EYWA' in the 'Bridges' sector has an overall User Growth Score of nan, categorized as 'None'.
The score is based on the following weighted metrics:
  - Active Users: nan (Weight: 0.20)
  - Bridge Volume: nan (Weight: 0.50)
  - Transaction Count: nan (Weight: 0.20)
  - User Growth: nan (Weight: 0.10)"
Meteor Wallet,Infrastructure,,,"Project 'Meteor Wallet' in the 'Infrastructure' sector has an overall User Growth Score of nan, categorized as 'None'.
The score is based on the following weighted metrics:
  - Active Users: nan (Weight: 0.30)
  - Transaction Volume: nan (Weight: 0.30)
  - Transaction Count: nan (Weight: 0.30)
  - User Growth: nan (Weight: 0.10)"
Wapal,NFT marketplaces,,,"Project 'Wapal' in the 'NFT marketplaces' sector has an overall User Growth Score of nan, categorized as 'None'.
The score is based on the following weighted metrics:
  - Active Users: nan (Weight: 0.40)
  - Transaction Volume: nan (Weight: 0.30)
  - Transaction Count: nan (Weight: 0.20)
  - User Growth: nan (Weight: 0.10)"
Meso Finance,Lending,,,"Project 'Meso Finance' in the 'Lending' sector has an overall User Growth Score of nan, categorized as 'None'.
The score is based on the following weighted metrics:
  - Active Users: nan (Weight: 0.40)
  - Transaction Volume: nan (Weight: 0.30)
  - Transaction Count: nan (Weight: 0.20)
  - User Growth: nan (Weight: 0.10)"
Monerium,Stablecoin issuers,,,"Project 'Monerium' in the 'Stablecoin issuers' sector has an overall User Growth Score of nan, categorized as 'None'.
The score is based on the following weighted metrics:
  - Active Users: nan (Weight: 0.20)
  - Transaction Volume: nan (Weight: 0.40)
  - Transaction Count: nan (Weight: 0.20)
  - User Growth: nan (Weight: 0.20)"
Lynex,Exchanges (DEX),51.12068965517242,Steady Growth,"Project 'Lynex' in the 'Exchanges (DEX)' sector has an overall User Growth Score of 51.12, categorized as 'Steady Growth'.
The score is based on the following weighted metrics:
  - Active Users: nan (Weight: 0.30)
  - Transaction Volume: 51.12 (Weight: 0.40)
  - Transaction Count: nan (Weight: 0.20)
  - User Growth: nan (Weight: 0.10)"
Alchemix Finance,Asset management,77.2238514173998,Strong Growth,"Project 'Alchemix Finance' in the 'Asset management' sector has an overall User Growth Score of 77.22, categorized as 'Strong Growth'.
The score is based on the following weighted metrics:
  - Active Users: nan (Weight: 0.30)
  - Transaction Volume: 78.79 (Weight: 0.40)
  - Transaction Count: nan (Weight: 0.20)
  - User Growth: 70.97 (Weight: 0.10)"
The Standard,Lending,36.315789473684205,Slow Growth,"Project 'The Standard' in the 'Lending' sector has an overall User Growth Score of 36.32, categorized as 'Slow Growth'.
The score is based on the following weighted metrics:
  - Active Users: nan (Weight: 0.40)
  - Transaction Volume: 36.32 (Weight: 0.30)
  - Transaction Count: nan (Weight: 0.20)
  - User Growth: nan (Weight: 0.10)"
Metaplex,NFT marketplaces,77.77777777777779,Strong Growth,"Project 'Metaplex' in the 'NFT marketplaces' sector has an overall User Growth Score of 77.78, categorized as 'Strong Growth'.
The score is based on the following weighted metrics:
  - Active Users: nan (Weight: 0.40)
  - Transaction Volume: 77.78 (Weight: 0.30)
  - Transaction Count: nan (Weight: 0.20)
  - User Growth: nan (Weight: 0.10)"
Sologenic,Exchanges (DEX),66.63793103448276,Strong Growth,"Project 'Sologenic' in the 'Exchanges (DEX)' sector has an overall User Growth Score of 66.64, categorized as 'Strong Growth'.
The score is based on the following weighted metrics:
  - Active Users: nan (Weight: 0.30)
  - Transaction Volume: 66.64 (Weight: 0.40)
  - Transaction Count: nan (Weight: 0.20)
  - User Growth: nan (Weight: 0.10)"
Coinshift,Stablecoin issuers,,,"Project 'Coinshift' in the 'Stablecoin issuers' sector has an overall User Growth Score of nan, categorized as 'None'.
The score is based on the following weighted metrics:
  - Active Users: nan (Weight: 0.20)
  - Transaction Volume: nan (Weight: 0.40)
  - Transaction Count: nan (Weight: 0.20)
  - User Growth: nan (Weight: 0.20)"
Rootstock,Blockchains (L2),,,"Project 'Rootstock' in the 'Blockchains (L2)' sector has an overall User Growth Score of nan, categorized as 'None'.
The score is based on the following weighted metrics:
  - Active Users: nan (Weight: 0.30)
  - Transaction Volume: nan (Weight: 0.25)
  - Bridge Volume: nan (Weight: 0.20)
  - Transaction Count: nan (Weight: 0.15)
  - User Growth: nan (Weight: 0.10)"
Zeta Markets,Derivative exchanges,66.4795918367347,Strong Growth,"Project 'Zeta Markets' in the 'Derivative exchanges' sector has an overall User Growth Score of 66.48, categorized as 'Strong Growth'.
The score is based on the following weighted metrics:
  - Active Users: nan (Weight: 0.30)
  - Transaction Volume: 66.48 (Weight: 0.40)
  - Transaction Count: nan (Weight: 0.20)
  - User Growth: nan (Weight: 0.10)"
Hydro Protocol,Liquid staking,27.647058823529413,Slow Growth,"Project 'Hydro Protocol' in the 'Liquid staking' sector has an overall User Growth Score of 27.65, categorized as 'Slow Growth'.
The score is based on the following weighted metrics:
  - Active Users: nan (Weight: 0.30)
  - Transaction Volume: 27.65 (Weight: 0.20)
  - User Growth: nan (Weight: 0.30)
  - Transaction Count: nan (Weight: 0.20)"
Blast Bridge,Bridges,55.90445269016698,Steady Growth,"Project 'Blast Bridge' in the 'Bridges' sector has an overall User Growth Score of 55.90, categorized as 'Steady Growth'.
The score is based on the following weighted metrics:
  - Active Users: 44.77 (Weight: 0.20)
  - Bridge Volume: 60.36 (Weight: 0.50)
  - Transaction Count: nan (Weight: 0.20)
  - User Growth: nan (Weight: 0.10)"
Allstake,Liquid staking,,,"Project 'Allstake' in the 'Liquid staking' sector has an overall User Growth Score of nan, categorized as 'None'.
The score is based on the following weighted metrics:
  - Active Users: nan (Weight: 0.30)
  - Transaction Volume: nan (Weight: 0.20)
  - User Growth: nan (Weight: 0.30)
  - Transaction Count: nan (Weight: 0.20)"
MANTRA,Blockchains (L1),49.280303030303024,Steady Growth,"Project 'MANTRA' in the 'Blockchains (L1)' sector has an overall User Growth Score of 49.28, categorized as 'Steady Growth'.
The score is based on the following weighted metrics:
  - Active Users: nan (Weight: 0.30)
  - Transaction Volume: 59.55 (Weight: 0.30)
  - Transaction Count: nan (Weight: 0.25)
  - User Growth: 28.75 (Weight: 0.15)"
Anzen,Stablecoin issuers,,,"Project 'Anzen' in the 'Stablecoin issuers' sector has an overall User Growth Score of nan, categorized as 'None'.
The score is based on the following weighted metrics:
  - Active Users: nan (Weight: 0.20)
  - Transaction Volume: nan (Weight: 0.40)
  - Transaction Count: nan (Weight: 0.20)
  - User Growth: nan (Weight: 0.20)"
MYX.Finance,Derivative exchanges,,,"Project 'MYX.Finance' in the 'Derivative exchanges' sector has an overall User Growth Score of nan, categorized as 'None'.
The score is based on the following weighted metrics:
  - Active Users: nan (Weight: 0.30)
  - Transaction Volume: nan (Weight: 0.40)
  - Transaction Count: nan (Weight: 0.20)
  - User Growth: nan (Weight: 0.10)"
Rhea Finance,Exchanges (DEX),,,"Project 'Rhea Finance' in the 'Exchanges (DEX)' sector has an overall User Growth Score of nan, categorized as 'None'.
The score is based on the following weighted metrics:
  - Active Users: nan (Weight: 0.30)
  - Transaction Volume: nan (Weight: 0.40)
  - Transaction Count: nan (Weight: 0.20)
  - User Growth: nan (Weight: 0.10)"
Baseline,Infrastructure,,,"Project 'Baseline' in the 'Infrastructure' sector has an overall User Growth Score of nan, categorized as 'None'.
The score is based on the following weighted metrics:
  - Active Users: nan (Weight: 0.30)
  - Transaction Volume: nan (Weight: 0.30)
  - Transaction Count: nan (Weight: 0.30)
  - User Growth: nan (Weight: 0.10)"
Pac Finance,Lending,,,"Project 'Pac Finance' in the 'Lending' sector has an overall User Growth Score of nan, categorized as 'None'.
The score is based on the following weighted metrics:
  - Active Users: nan (Weight: 0.40)
  - Transaction Volume: nan (Weight: 0.30)
  - Transaction Count: nan (Weight: 0.20)
  - User Growth: nan (Weight: 0.10)"
Planet IX,Gaming,61.66666666666666,Steady Growth,"Project 'Planet IX' in the 'Gaming' sector has an overall User Growth Score of 61.67, categorized as 'Steady Growth'.
The score is based on the following weighted metrics:
  - Active Users: nan (Weight: 0.50)
  - Transaction Volume: 42.50 (Weight: 0.20)
  - Transaction Count: nan (Weight: 0.20)
  - User Growth: 100.00 (Weight: 0.10)"
UXUY,Exchanges (DEX),,,"Project 'UXUY' in the 'Exchanges (DEX)' sector has an overall User Growth Score of nan, categorized as 'None'.
The score is based on the following weighted metrics:
  - Active Users: nan (Weight: 0.30)
  - Transaction Volume: nan (Weight: 0.40)
  - Transaction Count: nan (Weight: 0.20)
  - User Growth: nan (Weight: 0.10)"
Aave GHO,Stablecoin issuers,,,"Project 'Aave GHO' in the 'Stablecoin issuers' sector has an overall User Growth Score of nan, categorized as 'None'.
The score is based on the following weighted metrics:
  - Active Users: nan (Weight: 0.20)
  - Transaction Volume: nan (Weight: 0.40)
  - Transaction Count: nan (Weight: 0.20)
  - User Growth: nan (Weight: 0.20)"
KAI-CHING,Gaming,,,"Project 'KAI-CHING' in the 'Gaming' sector has an overall User Growth Score of nan, categorized as 'None'.
The score is based on the following weighted metrics:
  - Active Users: nan (Weight: 0.50)
  - Transaction Volume: nan (Weight: 0.20)
  - Transaction Count: nan (Weight: 0.20)
  - User Growth: nan (Weight: 0.10)"
Predict Fun,Prediction markets,,,"Project 'Predict Fun' in the 'Prediction markets' sector has an overall User Growth Score of nan, categorized as 'None'.
The score is based on the following weighted metrics:
  - Active Users: nan (Weight: 0.35)
  - Transaction Volume: nan (Weight: 0.30)
  - Transaction Count: nan (Weight: 0.20)
  - User Growth: nan (Weight: 0.15)"
TrueUSD,Stablecoin issuers,84.52380952380952,Exceptional Growth,"Project 'TrueUSD' in the 'Stablecoin issuers' sector has an overall User Growth Score of 84.52, categorized as 'Exceptional Growth'.
The score is based on the following weighted metrics:
  - Active Users: nan (Weight: 0.20)
  - Transaction Volume: 87.50 (Weight: 0.40)
  - Transaction Count: nan (Weight: 0.20)
  - User Growth: 78.57 (Weight: 0.20)"
Kamino,Lending,78.94736842105263,Strong Growth,"Project 'Kamino' in the 'Lending' sector has an overall User Growth Score of 78.95, categorized as 'Strong Growth'.
The score is based on the following weighted metrics:
  - Active Users: nan (Weight: 0.40)
  - Transaction Volume: 78.95 (Weight: 0.30)
  - Transaction Count: nan (Weight: 0.20)
  - User Growth: nan (Weight: 0.10)"
Fraxtal,Blockchains (L2),,,"Project 'Fraxtal' in the 'Blockchains (L2)' sector has an overall User Growth Score of nan, categorized as 'None'.
The score is based on the following weighted metrics:
  - Active Users: nan (Weight: 0.30)
  - Transaction Volume: nan (Weight: 0.25)
  - Bridge Volume: nan (Weight: 0.20)
  - Transaction Count: nan (Weight: 0.15)
  - User Growth: nan (Weight: 0.10)"
Impermax Finance,Asset management,17.6969696969697,Stagnant/Declining,"Project 'Impermax Finance' in the 'Asset management' sector has an overall User Growth Score of 17.70, categorized as 'Stagnant/Declining'.
The score is based on the following weighted metrics:
  - Active Users: nan (Weight: 0.30)
  - Transaction Volume: 22.12 (Weight: 0.40)
  - Transaction Count: nan (Weight: 0.20)
  - User Growth: 0.00 (Weight: 0.10)"
UXLINK,Social,99.99999999999999,Exceptional Growth,"Project 'UXLINK' in the 'Social' sector has an overall User Growth Score of 100.00, categorized as 'Exceptional Growth'.
The score is based on the following weighted metrics:
  - Active Users: nan (Weight: 0.60)
  - Transaction Volume: 100.00 (Weight: 0.10)
  - Transaction Count: nan (Weight: 0.10)
  - User Growth: 100.00 (Weight: 0.20)"
AptoSwap,Exchanges (DEX),,,"Project 'AptoSwap' in the 'Exchanges (DEX)' sector has an overall User Growth Score of nan, categorized as 'None'.
The score is based on the following weighted metrics:
  - Active Users: nan (Weight: 0.30)
  - Transaction Volume: nan (Weight: 0.40)
  - Transaction Count: nan (Weight: 0.20)
  - User Growth: nan (Weight: 0.10)"
Fluxbeam,Exchanges (DEX),,,"Project 'Fluxbeam' in the 'Exchanges (DEX)' sector has an overall User Growth Score of nan, categorized as 'None'.
The score is based on the following weighted metrics:
  - Active Users: nan (Weight: 0.30)
  - Transaction Volume: nan (Weight: 0.40)
  - Transaction Count: nan (Weight: 0.20)
  - User Growth: nan (Weight: 0.10)"
Micro3,Social,,,"Project 'Micro3' in the 'Social' sector has an overall User Growth Score of nan, categorized as 'None'.
The score is based on the following weighted metrics:
  - Active Users: nan (Weight: 0.60)
  - Transaction Volume: nan (Weight: 0.10)
  - Transaction Count: nan (Weight: 0.10)
  - User Growth: nan (Weight: 0.20)"
Degen,Blockchains (L3),0.0,Stagnant/Declining,"Project 'Degen' in the 'Blockchains (L3)' sector has an overall User Growth Score of 0.00, categorized as 'Stagnant/Declining'.
The score is based on the following weighted metrics:
  - Active Users: nan (Weight: 0.35)
  - Transaction Volume: 0.00 (Weight: 0.30)
  - Transaction Count: nan (Weight: 0.20)
  - User Growth: 0.00 (Weight: 0.15)"
Celestia,Blockchains (L1),53.86363636363636,Steady Growth,"Project 'Celestia' in the 'Blockchains (L1)' sector has an overall User Growth Score of 53.86, categorized as 'Steady Growth'.
The score is based on the following weighted metrics:
  - Active Users: nan (Weight: 0.30)
  - Transaction Volume: 53.86 (Weight: 0.30)
  - Transaction Count: nan (Weight: 0.25)
  - User Growth: nan (Weight: 0.15)"
Frequency,Blockchains (L2),32.36546651180798,Slow Growth,"Project 'Frequency' in the 'Blockchains (L2)' sector has an overall User Growth Score of 32.37, categorized as 'Slow Growth'.
The score is based on the following weighted metrics:
  - Active Users: 9.52 (Weight: 0.30)
  - Transaction Volume: nan (Weight: 0.25)
  - Bridge Volume: nan (Weight: 0.20)
  - Transaction Count: 78.05 (Weight: 0.15)
  - User Growth: nan (Weight: 0.10)"
Acala Network,Blockchains (L2),51.09837462189378,Steady Growth,"Project 'Acala Network' in the 'Blockchains (L2)' sector has an overall User Growth Score of 51.10, categorized as 'Steady Growth'.
The score is based on the following weighted metrics:
  - Active Users: 51.43 (Weight: 0.30)
  - Transaction Volume: 63.65 (Weight: 0.25)
  - Bridge Volume: nan (Weight: 0.20)
  - Transaction Count: 29.51 (Weight: 0.15)
  - User Growth: nan (Weight: 0.10)"
Nile Exchange,Exchanges (DEX),31.839080459770116,Slow Growth,"Project 'Nile Exchange' in the 'Exchanges (DEX)' sector has an overall User Growth Score of 31.84, categorized as 'Slow Growth'.
The score is based on the following weighted metrics:
  - Active Users: nan (Weight: 0.30)
  - Transaction Volume: 31.84 (Weight: 0.40)
  - Transaction Count: nan (Weight: 0.20)
  - User Growth: nan (Weight: 0.10)"
Switchboard,Infrastructure,,,"Project 'Switchboard' in the 'Infrastructure' sector has an overall User Growth Score of nan, categorized as 'None'.
The score is based on the following weighted metrics:
  - Active Users: nan (Weight: 0.30)
  - Transaction Volume: nan (Weight: 0.30)
  - Transaction Count: nan (Weight: 0.30)
  - User Growth: nan (Weight: 0.10)"
Idle Finance,Asset management,14.154936461388075,Stagnant/Declining,"Project 'Idle Finance' in the 'Asset management' sector has an overall User Growth Score of 14.15, categorized as 'Stagnant/Declining'.
The score is based on the following weighted metrics:
  - Active Users: nan (Weight: 0.30)
  - Transaction Volume: 6.06 (Weight: 0.40)
  - Transaction Count: nan (Weight: 0.20)
  - User Growth: 46.53 (Weight: 0.10)"
Aptin Finance,Lending,,,"Project 'Aptin Finance' in the 'Lending' sector has an overall User Growth Score of nan, categorized as 'None'.
The score is based on the following weighted metrics:
  - Active Users: nan (Weight: 0.40)
  - Transaction Volume: nan (Weight: 0.30)
  - Transaction Count: nan (Weight: 0.20)
  - User Growth: nan (Weight: 0.10)"
karpatkey,Infrastructure,,,"Project 'karpatkey' in the 'Infrastructure' sector has an overall User Growth Score of nan, categorized as 'None'.
The score is based on the following weighted metrics:
  - Active Users: nan (Weight: 0.30)
  - Transaction Volume: nan (Weight: 0.30)
  - Transaction Count: nan (Weight: 0.30)
  - User Growth: nan (Weight: 0.10)"
Alaya AI,Infrastructure,,,"Project 'Alaya AI' in the 'Infrastructure' sector has an overall User Growth Score of nan, categorized as 'None'.
The score is based on the following weighted metrics:
  - Active Users: nan (Weight: 0.30)
  - Transaction Volume: nan (Weight: 0.30)
  - Transaction Count: nan (Weight: 0.30)
  - User Growth: nan (Weight: 0.10)"
Arkham,Infrastructure,80.31882459782044,Exceptional Growth,"Project 'Arkham' in the 'Infrastructure' sector has an overall User Growth Score of 80.32, categorized as 'Exceptional Growth'.
The score is based on the following weighted metrics:
  - Active Users: nan (Weight: 0.30)
  - Transaction Volume: 87.23 (Weight: 0.30)
  - Transaction Count: nan (Weight: 0.30)
  - User Growth: 59.57 (Weight: 0.10)"
Botto,NFT marketplaces,42.5,Slow Growth,"Project 'Botto' in the 'NFT marketplaces' sector has an overall User Growth Score of 42.50, categorized as 'Slow Growth'.
The score is based on the following weighted metrics:
  - Active Users: nan (Weight: 0.40)
  - Transaction Volume: 42.50 (Weight: 0.30)
  - Transaction Count: nan (Weight: 0.20)
  - User Growth: 42.50 (Weight: 0.10)"
Out,Social,,,"Project 'Out' in the 'Social' sector has an overall User Growth Score of nan, categorized as 'None'.
The score is based on the following weighted metrics:
  - Active Users: nan (Weight: 0.60)
  - Transaction Volume: nan (Weight: 0.10)
  - Transaction Count: nan (Weight: 0.10)
  - User Growth: nan (Weight: 0.20)"
MELD,Blockchains (L1),0.0,Stagnant/Declining,"Project 'MELD' in the 'Blockchains (L1)' sector has an overall User Growth Score of 0.00, categorized as 'Stagnant/Declining'.
The score is based on the following weighted metrics:
  - Active Users: nan (Weight: 0.30)
  - Transaction Volume: 0.00 (Weight: 0.30)
  - Transaction Count: nan (Weight: 0.25)
  - User Growth: nan (Weight: 0.15)"
Juice Finance,Asset management,51.5366568914956,Steady Growth,"Project 'Juice Finance' in the 'Asset management' sector has an overall User Growth Score of 51.54, categorized as 'Steady Growth'.
The score is based on the following weighted metrics:
  - Active Users: nan (Weight: 0.30)
  - Transaction Volume: 40.23 (Weight: 0.40)
  - Transaction Count: nan (Weight: 0.20)
  - User Growth: 96.77 (Weight: 0.10)"
Hercules,Exchanges (DEX),23.79310344827586,Stagnant/Declining,"Project 'Hercules' in the 'Exchanges (DEX)' sector has an overall User Growth Score of 23.79, categorized as 'Stagnant/Declining'.
The score is based on the following weighted metrics:
  - Active Users: nan (Weight: 0.30)
  - Transaction Volume: 23.79 (Weight: 0.40)
  - Transaction Count: nan (Weight: 0.20)
  - User Growth: nan (Weight: 0.10)"
Garden Finance,Bridges,0.0,Stagnant/Declining,"Project 'Garden Finance' in the 'Bridges' sector has an overall User Growth Score of 0.00, categorized as 'Stagnant/Declining'.
The score is based on the following weighted metrics:
  - Active Users: nan (Weight: 0.20)
  - Bridge Volume: nan (Weight: 0.50)
  - Transaction Count: nan (Weight: 0.20)
  - User Growth: 0.00 (Weight: 0.10)"
Akash Network,Infrastructure,65.37234042553192,Strong Growth,"Project 'Akash Network' in the 'Infrastructure' sector has an overall User Growth Score of 65.37, categorized as 'Strong Growth'.
The score is based on the following weighted metrics:
  - Active Users: nan (Weight: 0.30)
  - Transaction Volume: 65.37 (Weight: 0.30)
  - Transaction Count: nan (Weight: 0.30)
  - User Growth: nan (Weight: 0.10)"
Universal,Infrastructure,,,"Project 'Universal' in the 'Infrastructure' sector has an overall User Growth Score of nan, categorized as 'None'.
The score is based on the following weighted metrics:
  - Active Users: nan (Weight: 0.30)
  - Transaction Volume: nan (Weight: 0.30)
  - Transaction Count: nan (Weight: 0.30)
  - User Growth: nan (Weight: 0.10)"
Spectra,Asset management,34.39882697947213,Slow Growth,"Project 'Spectra' in the 'Asset management' sector has an overall User Growth Score of 34.40, categorized as 'Slow Growth'.
The score is based on the following weighted metrics:
  - Active Users: nan (Weight: 0.30)
  - Transaction Volume: 37.27 (Weight: 0.40)
  - Transaction Count: nan (Weight: 0.20)
  - User Growth: 22.90 (Weight: 0.10)"
Barnbridge,Asset management,73.66568914956012,Strong Growth,"Project 'Barnbridge' in the 'Asset management' sector has an overall User Growth Score of 73.67, categorized as 'Strong Growth'.
The score is based on the following weighted metrics:
  - Active Users: nan (Weight: 0.30)
  - Transaction Volume: 72.73 (Weight: 0.40)
  - Transaction Count: nan (Weight: 0.20)
  - User Growth: 77.42 (Weight: 0.10)"
Meridian,Stablecoin issuers,23.928571428571427,Stagnant/Declining,"Project 'Meridian' in the 'Stablecoin issuers' sector has an overall User Growth Score of 23.93, categorized as 'Stagnant/Declining'.
The score is based on the following weighted metrics:
  - Active Users: nan (Weight: 0.20)
  - Transaction Volume: 28.75 (Weight: 0.40)
  - Transaction Count: nan (Weight: 0.20)
  - User Growth: 14.29 (Weight: 0.20)"
marginfi,Lending,,,"Project 'marginfi' in the 'Lending' sector has an overall User Growth Score of nan, categorized as 'None'.
The score is based on the following weighted metrics:
  - Active Users: nan (Weight: 0.40)
  - Transaction Volume: nan (Weight: 0.30)
  - Transaction Count: nan (Weight: 0.20)
  - User Growth: nan (Weight: 0.10)"
Kaito,Infrastructure,85.92371562013491,Exceptional Growth,"Project 'Kaito' in the 'Infrastructure' sector has an overall User Growth Score of 85.92, categorized as 'Exceptional Growth'.
The score is based on the following weighted metrics:
  - Active Users: nan (Weight: 0.30)
  - Transaction Volume: 89.36 (Weight: 0.30)
  - Transaction Count: nan (Weight: 0.30)
  - User Growth: 75.61 (Weight: 0.10)"
StaFi,Liquid staking,19.352941176470587,Stagnant/Declining,"Project 'StaFi' in the 'Liquid staking' sector has an overall User Growth Score of 19.35, categorized as 'Stagnant/Declining'.
The score is based on the following weighted metrics:
  - Active Users: 0.00 (Weight: 0.30)
  - Transaction Volume: 48.38 (Weight: 0.20)
  - User Growth: nan (Weight: 0.30)
  - Transaction Count: nan (Weight: 0.20)"
Pragma,Infrastructure,,,"Project 'Pragma' in the 'Infrastructure' sector has an overall User Growth Score of nan, categorized as 'None'.
The score is based on the following weighted metrics:
  - Active Users: nan (Weight: 0.30)
  - Transaction Volume: nan (Weight: 0.30)
  - Transaction Count: nan (Weight: 0.30)
  - User Growth: nan (Weight: 0.10)"
Socket,Infrastructure,,,"Project 'Socket' in the 'Infrastructure' sector has an overall User Growth Score of nan, categorized as 'None'.
The score is based on the following weighted metrics:
  - Active Users: nan (Weight: 0.30)
  - Transaction Volume: nan (Weight: 0.30)
  - Transaction Count: nan (Weight: 0.30)
  - User Growth: nan (Weight: 0.10)"
PumpBTC,Liquid staking,,,"Project 'PumpBTC' in the 'Liquid staking' sector has an overall User Growth Score of nan, categorized as 'None'.
The score is based on the following weighted metrics:
  - Active Users: nan (Weight: 0.30)
  - Transaction Volume: nan (Weight: 0.20)
  - User Growth: nan (Weight: 0.30)
  - Transaction Count: nan (Weight: 0.20)"
Phoenix Bonds,Asset management,,,"Project 'Phoenix Bonds' in the 'Asset management' sector has an overall User Growth Score of nan, categorized as 'None'.
The score is based on the following weighted metrics:
  - Active Users: nan (Weight: 0.30)
  - Transaction Volume: nan (Weight: 0.40)
  - Transaction Count: nan (Weight: 0.20)
  - User Growth: nan (Weight: 0.10)"
Linea,Blockchains (L2),,,"Project 'Linea' in the 'Blockchains (L2)' sector has an overall User Growth Score of nan, categorized as 'None'.
The score is based on the following weighted metrics:
  - Active Users: nan (Weight: 0.30)
  - Transaction Volume: nan (Weight: 0.25)
  - Bridge Volume: nan (Weight: 0.20)
  - Transaction Count: nan (Weight: 0.15)
  - User Growth: nan (Weight: 0.10)"
Archblock,Stablecoin issuers,,,"Project 'Archblock' in the 'Stablecoin issuers' sector has an overall User Growth Score of nan, categorized as 'None'.
The score is based on the following weighted metrics:
  - Active Users: nan (Weight: 0.20)
  - Transaction Volume: nan (Weight: 0.40)
  - Transaction Count: nan (Weight: 0.20)
  - User Growth: nan (Weight: 0.20)"
Privy,Infrastructure,,,"Project 'Privy' in the 'Infrastructure' sector has an overall User Growth Score of nan, categorized as 'None'.
The score is based on the following weighted metrics:
  - Active Users: nan (Weight: 0.30)
  - Transaction Volume: nan (Weight: 0.30)
  - Transaction Count: nan (Weight: 0.30)
  - User Growth: nan (Weight: 0.10)"
ParagonsDAO,Gaming,11.328976034858387,Stagnant/Declining,"Project 'ParagonsDAO' in the 'Gaming' sector has an overall User Growth Score of 11.33, categorized as 'Stagnant/Declining'.
The score is based on the following weighted metrics:
  - Active Users: nan (Weight: 0.50)
  - Transaction Volume: 11.11 (Weight: 0.20)
  - Transaction Count: nan (Weight: 0.20)
  - User Growth: 11.76 (Weight: 0.10)"
Mythos,Blockchains (L2),60.21319925718879,Steady Growth,"Project 'Mythos' in the 'Blockchains (L2)' sector has an overall User Growth Score of 60.21, categorized as 'Steady Growth'.
The score is based on the following weighted metrics:
  - Active Users: 60.36 (Weight: 0.30)
  - Transaction Volume: 59.33 (Weight: 0.25)
  - Bridge Volume: nan (Weight: 0.20)
  - Transaction Count: 61.40 (Weight: 0.15)
  - User Growth: nan (Weight: 0.10)"
ApePro,Exchanges (DEX),,,"Project 'ApePro' in the 'Exchanges (DEX)' sector has an overall User Growth Score of nan, categorized as 'None'.
The score is based on the following weighted metrics:
  - Active Users: nan (Weight: 0.30)
  - Transaction Volume: nan (Weight: 0.40)
  - Transaction Count: nan (Weight: 0.20)
  - User Growth: nan (Weight: 0.10)"
Gyroscope (Gyro Finance),Stablecoin issuers,,,"Project 'Gyroscope (Gyro Finance)' in the 'Stablecoin issuers' sector has an overall User Growth Score of nan, categorized as 'None'.
The score is based on the following weighted metrics:
  - Active Users: nan (Weight: 0.20)
  - Transaction Volume: nan (Weight: 0.40)
  - Transaction Count: nan (Weight: 0.20)
  - User Growth: nan (Weight: 0.20)"
Ambient,Exchanges (DEX),,,"Project 'Ambient' in the 'Exchanges (DEX)' sector has an overall User Growth Score of nan, categorized as 'None'.
The score is based on the following weighted metrics:
  - Active Users: nan (Weight: 0.30)
  - Transaction Volume: nan (Weight: 0.40)
  - Transaction Count: nan (Weight: 0.20)
  - User Growth: nan (Weight: 0.10)"
Lava Network,Blockchains (L1),20.606060606060606,Stagnant/Declining,"Project 'Lava Network' in the 'Blockchains (L1)' sector has an overall User Growth Score of 20.61, categorized as 'Stagnant/Declining'.
The score is based on the following weighted metrics:
  - Active Users: nan (Weight: 0.30)
  - Transaction Volume: 20.61 (Weight: 0.30)
  - Transaction Count: nan (Weight: 0.25)
  - User Growth: nan (Weight: 0.15)"
Dexalot,Exchanges (DEX),53.07007786429366,Steady Growth,"Project 'Dexalot' in the 'Exchanges (DEX)' sector has an overall User Growth Score of 53.07, categorized as 'Steady Growth'.
The score is based on the following weighted metrics:
  - Active Users: nan (Weight: 0.30)
  - Transaction Volume: 51.98 (Weight: 0.40)
  - Transaction Count: nan (Weight: 0.20)
  - User Growth: 57.42 (Weight: 0.10)"
The Lost Glitches,Gaming,,,"Project 'The Lost Glitches' in the 'Gaming' sector has an overall User Growth Score of nan, categorized as 'None'.
The score is based on the following weighted metrics:
  - Active Users: nan (Weight: 0.50)
  - Transaction Volume: nan (Weight: 0.20)
  - Transaction Count: nan (Weight: 0.20)
  - User Growth: nan (Weight: 0.10)"
Robots.Farm,Gaming,28.73093681917211,Slow Growth,"Project 'Robots.Farm' in the 'Gaming' sector has an overall User Growth Score of 28.73, categorized as 'Slow Growth'.
The score is based on the following weighted metrics:
  - Active Users: nan (Weight: 0.50)
  - Transaction Volume: 21.11 (Weight: 0.20)
  - Transaction Count: nan (Weight: 0.20)
  - User Growth: 43.97 (Weight: 0.10)"
Stabble,Exchanges (DEX),,,"Project 'Stabble' in the 'Exchanges (DEX)' sector has an overall User Growth Score of nan, categorized as 'None'.
The score is based on the following weighted metrics:
  - Active Users: nan (Weight: 0.30)
  - Transaction Volume: nan (Weight: 0.40)
  - Transaction Count: nan (Weight: 0.20)
  - User Growth: nan (Weight: 0.10)"
DeDust,Exchanges (DEX),,,"Project 'DeDust' in the 'Exchanges (DEX)' sector has an overall User Growth Score of nan, categorized as 'None'.
The score is based on the following weighted metrics:
  - Active Users: nan (Weight: 0.30)
  - Transaction Volume: nan (Weight: 0.40)
  - Transaction Count: nan (Weight: 0.20)
  - User Growth: nan (Weight: 0.10)"
Aethir,Infrastructure,69.83945251686559,Strong Growth,"Project 'Aethir' in the 'Infrastructure' sector has an overall User Growth Score of 69.84, categorized as 'Strong Growth'.
The score is based on the following weighted metrics:
  - Active Users: nan (Weight: 0.30)
  - Transaction Volume: 70.21 (Weight: 0.30)
  - Transaction Count: nan (Weight: 0.30)
  - User Growth: 68.72 (Weight: 0.10)"
pump.fun,Exchanges (DEX),,,"Project 'pump.fun' in the 'Exchanges (DEX)' sector has an overall User Growth Score of nan, categorized as 'None'.
The score is based on the following weighted metrics:
  - Active Users: nan (Weight: 0.30)
  - Transaction Volume: nan (Weight: 0.40)
  - Transaction Count: nan (Weight: 0.20)
  - User Growth: nan (Weight: 0.10)"
BlackRock (BUIDL),Asset management,,,"Project 'BlackRock (BUIDL)' in the 'Asset management' sector has an overall User Growth Score of nan, categorized as 'None'.
The score is based on the following weighted metrics:
  - Active Users: nan (Weight: 0.30)
  - Transaction Volume: nan (Weight: 0.40)
  - Transaction Count: nan (Weight: 0.20)
  - User Growth: nan (Weight: 0.10)"
StarkGate,Bridges,,,"Project 'StarkGate' in the 'Bridges' sector has an overall User Growth Score of nan, categorized as 'None'.
The score is based on the following weighted metrics:
  - Active Users: nan (Weight: 0.20)
  - Bridge Volume: nan (Weight: 0.50)
  - Transaction Count: nan (Weight: 0.20)
  - User Growth: nan (Weight: 0.10)"
Galxe,Infrastructure,,,"Project 'Galxe' in the 'Infrastructure' sector has an overall User Growth Score of nan, categorized as 'None'.
The score is based on the following weighted metrics:
  - Active Users: nan (Weight: 0.30)
  - Transaction Volume: nan (Weight: 0.30)
  - Transaction Count: nan (Weight: 0.30)
  - User Growth: nan (Weight: 0.10)"
Paradise Tycoon,Gaming,,,"Project 'Paradise Tycoon' in the 'Gaming' sector has an overall User Growth Score of nan, categorized as 'None'.
The score is based on the following weighted metrics:
  - Active Users: nan (Weight: 0.50)
  - Transaction Volume: nan (Weight: 0.20)
  - Transaction Count: nan (Weight: 0.20)
  - User Growth: nan (Weight: 0.10)"
Revert Finance,Infrastructure,,,"Project 'Revert Finance' in the 'Infrastructure' sector has an overall User Growth Score of nan, categorized as 'None'.
The score is based on the following weighted metrics:
  - Active Users: nan (Weight: 0.30)
  - Transaction Volume: nan (Weight: 0.30)
  - Transaction Count: nan (Weight: 0.30)
  - User Growth: nan (Weight: 0.10)"
Echelon Market,Lending,,,"Project 'Echelon Market' in the 'Lending' sector has an overall User Growth Score of nan, categorized as 'None'.
The score is based on the following weighted metrics:
  - Active Users: nan (Weight: 0.40)
  - Transaction Volume: nan (Weight: 0.30)
  - Transaction Count: nan (Weight: 0.20)
  - User Growth: nan (Weight: 0.10)"
ResearchHub,Infrastructure,36.23248572911261,Slow Growth,"Project 'ResearchHub' in the 'Infrastructure' sector has an overall User Growth Score of 36.23, categorized as 'Slow Growth'.
The score is based on the following weighted metrics:
  - Active Users: nan (Weight: 0.30)
  - Transaction Volume: 37.66 (Weight: 0.30)
  - Transaction Count: nan (Weight: 0.30)
  - User Growth: 31.95 (Weight: 0.10)"
Polygon zkEVM,Blockchains (L2),,,"Project 'Polygon zkEVM' in the 'Blockchains (L2)' sector has an overall User Growth Score of nan, categorized as 'None'.
The score is based on the following weighted metrics:
  - Active Users: nan (Weight: 0.30)
  - Transaction Volume: nan (Weight: 0.25)
  - Bridge Volume: nan (Weight: 0.20)
  - Transaction Count: nan (Weight: 0.15)
  - User Growth: nan (Weight: 0.10)"
IO.net,Infrastructure,76.59574468085107,Strong Growth,"Project 'IO.net' in the 'Infrastructure' sector has an overall User Growth Score of 76.60, categorized as 'Strong Growth'.
The score is based on the following weighted metrics:
  - Active Users: nan (Weight: 0.30)
  - Transaction Volume: 76.60 (Weight: 0.30)
  - Transaction Count: nan (Weight: 0.30)
  - User Growth: nan (Weight: 0.10)"
Impossible Finance,Infrastructure,20.638297872340424,Stagnant/Declining,"Project 'Impossible Finance' in the 'Infrastructure' sector has an overall User Growth Score of 20.64, categorized as 'Stagnant/Declining'.
The score is based on the following weighted metrics:
  - Active Users: nan (Weight: 0.30)
  - Transaction Volume: 20.64 (Weight: 0.30)
  - Transaction Count: nan (Weight: 0.30)
  - User Growth: nan (Weight: 0.10)"
Fibrous,Exchanges (DEX),,,"Project 'Fibrous' in the 'Exchanges (DEX)' sector has an overall User Growth Score of nan, categorized as 'None'.
The score is based on the following weighted metrics:
  - Active Users: nan (Weight: 0.30)
  - Transaction Volume: nan (Weight: 0.40)
  - Transaction Count: nan (Weight: 0.20)
  - User Growth: nan (Weight: 0.10)"
Term Finance,Lending,0.0,Stagnant/Declining,"Project 'Term Finance' in the 'Lending' sector has an overall User Growth Score of 0.00, categorized as 'Stagnant/Declining'.
The score is based on the following weighted metrics:
  - Active Users: nan (Weight: 0.40)
  - Transaction Volume: nan (Weight: 0.30)
  - Transaction Count: nan (Weight: 0.20)
  - User Growth: 0.00 (Weight: 0.10)"
SendingMe,Social,,,"Project 'SendingMe' in the 'Social' sector has an overall User Growth Score of nan, categorized as 'None'.
The score is based on the following weighted metrics:
  - Active Users: nan (Weight: 0.60)
  - Transaction Volume: nan (Weight: 0.10)
  - Transaction Count: nan (Weight: 0.10)
  - User Growth: nan (Weight: 0.20)"
Baby Shark Universe,Gaming,,,"Project 'Baby Shark Universe' in the 'Gaming' sector has an overall User Growth Score of nan, categorized as 'None'.
The score is based on the following weighted metrics:
  - Active Users: nan (Weight: 0.50)
  - Transaction Volume: nan (Weight: 0.20)
  - Transaction Count: nan (Weight: 0.20)
  - User Growth: nan (Weight: 0.10)"
Unique Network,Blockchains (L2),30.869452846804755,Slow Growth,"Project 'Unique Network' in the 'Blockchains (L2)' sector has an overall User Growth Score of 30.87, categorized as 'Slow Growth'.
The score is based on the following weighted metrics:
  - Active Users: 49.64 (Weight: 0.30)
  - Transaction Volume: 7.69 (Weight: 0.25)
  - Bridge Volume: nan (Weight: 0.20)
  - Transaction Count: 31.95 (Weight: 0.15)
  - User Growth: nan (Weight: 0.10)"
Reservoir,Infrastructure,,,"Project 'Reservoir' in the 'Infrastructure' sector has an overall User Growth Score of nan, categorized as 'None'.
The score is based on the following weighted metrics:
  - Active Users: nan (Weight: 0.30)
  - Transaction Volume: nan (Weight: 0.30)
  - Transaction Count: nan (Weight: 0.30)
  - User Growth: nan (Weight: 0.10)"
Synonym Finance,Lending,18.971734892787524,Stagnant/Declining,"Project 'Synonym Finance' in the 'Lending' sector has an overall User Growth Score of 18.97, categorized as 'Stagnant/Declining'.
The score is based on the following weighted metrics:
  - Active Users: nan (Weight: 0.40)
  - Transaction Volume: 15.79 (Weight: 0.30)
  - Transaction Count: nan (Weight: 0.20)
  - User Growth: 28.52 (Weight: 0.10)"
DIN (ex Web3Go),Infrastructure,,,"Project 'DIN (ex Web3Go)' in the 'Infrastructure' sector has an overall User Growth Score of nan, categorized as 'None'.
The score is based on the following weighted metrics:
  - Active Users: nan (Weight: 0.30)
  - Transaction Volume: nan (Weight: 0.30)
  - Transaction Count: nan (Weight: 0.30)
  - User Growth: nan (Weight: 0.10)"
Mento,Stablecoin issuers,,,"Project 'Mento' in the 'Stablecoin issuers' sector has an overall User Growth Score of nan, categorized as 'None'.
The score is based on the following weighted metrics:
  - Active Users: nan (Weight: 0.20)
  - Transaction Volume: nan (Weight: 0.40)
  - Transaction Count: nan (Weight: 0.20)
  - User Growth: nan (Weight: 0.20)"
Europe Fantasy League,Gaming,16.127450980392155,Stagnant/Declining,"Project 'Europe Fantasy League' in the 'Gaming' sector has an overall User Growth Score of 16.13, categorized as 'Stagnant/Declining'.
The score is based on the following weighted metrics:
  - Active Users: nan (Weight: 0.50)
  - Transaction Volume: 0.00 (Weight: 0.20)
  - Transaction Count: nan (Weight: 0.20)
  - User Growth: 48.38 (Weight: 0.10)"
Rain.fi,Lending,,,"Project 'Rain.fi' in the 'Lending' sector has an overall User Growth Score of nan, categorized as 'None'.
The score is based on the following weighted metrics:
  - Active Users: nan (Weight: 0.40)
  - Transaction Volume: nan (Weight: 0.30)
  - Transaction Count: nan (Weight: 0.20)
  - User Growth: nan (Weight: 0.10)"
Limitless,Prediction markets,,,"Project 'Limitless' in the 'Prediction markets' sector has an overall User Growth Score of nan, categorized as 'None'.
The score is based on the following weighted metrics:
  - Active Users: nan (Weight: 0.35)
  - Transaction Volume: nan (Weight: 0.30)
  - Transaction Count: nan (Weight: 0.20)
  - User Growth: nan (Weight: 0.15)"
Worldcoin,Blockchains (L2),89.51227887965693,Exceptional Growth,"Project 'Worldcoin' in the 'Blockchains (L2)' sector has an overall User Growth Score of 89.51, categorized as 'Exceptional Growth'.
The score is based on the following weighted metrics:
  - Active Users: 80.95 (Weight: 0.30)
  - Transaction Volume: 98.08 (Weight: 0.25)
  - Bridge Volume: nan (Weight: 0.20)
  - Transaction Count: 85.37 (Weight: 0.15)
  - User Growth: 100.00 (Weight: 0.10)"
Stake DAO,Asset management,47.4266862170088,Steady Growth,"Project 'Stake DAO' in the 'Asset management' sector has an overall User Growth Score of 47.43, categorized as 'Steady Growth'.
The score is based on the following weighted metrics:
  - Active Users: nan (Weight: 0.30)
  - Transaction Volume: 47.05 (Weight: 0.40)
  - Transaction Count: nan (Weight: 0.20)
  - User Growth: 48.95 (Weight: 0.10)"
HOT Protocol,Gaming,,,"Project 'HOT Protocol' in the 'Gaming' sector has an overall User Growth Score of nan, categorized as 'None'.
The score is based on the following weighted metrics:
  - Active Users: nan (Weight: 0.50)
  - Transaction Volume: nan (Weight: 0.20)
  - Transaction Count: nan (Weight: 0.20)
  - User Growth: nan (Weight: 0.10)"
Axiom,Infrastructure,,,"Project 'Axiom' in the 'Infrastructure' sector has an overall User Growth Score of nan, categorized as 'None'.
The score is based on the following weighted metrics:
  - Active Users: nan (Weight: 0.30)
  - Transaction Volume: nan (Weight: 0.30)
  - Transaction Count: nan (Weight: 0.30)
  - User Growth: nan (Weight: 0.10)"
Midas,Asset management,,,"Project 'Midas' in the 'Asset management' sector has an overall User Growth Score of nan, categorized as 'None'.
The score is based on the following weighted metrics:
  - Active Users: nan (Weight: 0.30)
  - Transaction Volume: nan (Weight: 0.40)
  - Transaction Count: nan (Weight: 0.20)
  - User Growth: nan (Weight: 0.10)"
Lybra Finance,Stablecoin issuers,63.60119047619047,Steady Growth,"Project 'Lybra Finance' in the 'Stablecoin issuers' sector has an overall User Growth Score of 63.60, categorized as 'Steady Growth'.
The score is based on the following weighted metrics:
  - Active Users: 71.43 (Weight: 0.20)
  - Transaction Volume: 59.69 (Weight: 0.40)
  - Transaction Count: nan (Weight: 0.20)
  - User Growth: nan (Weight: 0.20)"
Nouns DAO,Asset management,,,"Project 'Nouns DAO' in the 'Asset management' sector has an overall User Growth Score of nan, categorized as 'None'.
The score is based on the following weighted metrics:
  - Active Users: nan (Weight: 0.30)
  - Transaction Volume: nan (Weight: 0.40)
  - Transaction Count: nan (Weight: 0.20)
  - User Growth: nan (Weight: 0.10)"
UMA,Infrastructure,67.77666061235081,Strong Growth,"Project 'UMA' in the 'Infrastructure' sector has an overall User Growth Score of 67.78, categorized as 'Strong Growth'.
The score is based on the following weighted metrics:
  - Active Users: nan (Weight: 0.30)
  - Transaction Volume: 72.34 (Weight: 0.30)
  - Transaction Count: nan (Weight: 0.30)
  - User Growth: 54.09 (Weight: 0.10)"
Router Protocol,Bridges,22.5,Stagnant/Declining,"Project 'Router Protocol' in the 'Bridges' sector has an overall User Growth Score of 22.50, categorized as 'Stagnant/Declining'.
The score is based on the following weighted metrics:
  - Active Users: nan (Weight: 0.20)
  - Bridge Volume: nan (Weight: 0.50)
  - Transaction Count: nan (Weight: 0.20)
  - User Growth: 22.50 (Weight: 0.10)"
JOJO,Derivative exchanges,29.477736549165122,Slow Growth,"Project 'JOJO' in the 'Derivative exchanges' sector has an overall User Growth Score of 29.48, categorized as 'Slow Growth'.
The score is based on the following weighted metrics:
  - Active Users: nan (Weight: 0.30)
  - Transaction Volume: 22.24 (Weight: 0.40)
  - Transaction Count: nan (Weight: 0.20)
  - User Growth: 58.41 (Weight: 0.10)"
Bedrock,Liquid staking,,,"Project 'Bedrock' in the 'Liquid staking' sector has an overall User Growth Score of nan, categorized as 'None'.
The score is based on the following weighted metrics:
  - Active Users: nan (Weight: 0.30)
  - Transaction Volume: nan (Weight: 0.20)
  - User Growth: nan (Weight: 0.30)
  - Transaction Count: nan (Weight: 0.20)"
Aventus,Blockchains (L2),31.452460582895373,Slow Growth,"Project 'Aventus' in the 'Blockchains (L2)' sector has an overall User Growth Score of 31.45, categorized as 'Slow Growth'.
The score is based on the following weighted metrics:
  - Active Users: nan (Weight: 0.30)
  - Transaction Volume: 33.08 (Weight: 0.25)
  - Bridge Volume: nan (Weight: 0.20)
  - Transaction Count: nan (Weight: 0.15)
  - User Growth: 27.39 (Weight: 0.10)"
Fraxlend,Lending,41.18421052631579,Slow Growth,"Project 'Fraxlend' in the 'Lending' sector has an overall User Growth Score of 41.18, categorized as 'Slow Growth'.
The score is based on the following weighted metrics:
  - Active Users: 41.18 (Weight: 0.40)
  - Transaction Volume: nan (Weight: 0.30)
  - Transaction Count: nan (Weight: 0.20)
  - User Growth: nan (Weight: 0.10)"
Hippo Labs,Exchanges (DEX),,,"Project 'Hippo Labs' in the 'Exchanges (DEX)' sector has an overall User Growth Score of nan, categorized as 'None'.
The score is based on the following weighted metrics:
  - Active Users: nan (Weight: 0.30)
  - Transaction Volume: nan (Weight: 0.40)
  - Transaction Count: nan (Weight: 0.20)
  - User Growth: nan (Weight: 0.10)"
OpenLeverage,Derivative exchanges,48.285714285714285,Steady Growth,"Project 'OpenLeverage' in the 'Derivative exchanges' sector has an overall User Growth Score of 48.29, categorized as 'Steady Growth'.
The score is based on the following weighted metrics:
  - Active Users: nan (Weight: 0.30)
  - Transaction Volume: 60.36 (Weight: 0.40)
  - Transaction Count: nan (Weight: 0.20)
  - User Growth: 0.00 (Weight: 0.10)"
WAGMI (ex Popsicle Finance),Exchanges (DEX),54.511679644048954,Steady Growth,"Project 'WAGMI (ex Popsicle Finance)' in the 'Exchanges (DEX)' sector has an overall User Growth Score of 54.51, categorized as 'Steady Growth'.
The score is based on the following weighted metrics:
  - Active Users: nan (Weight: 0.30)
  - Transaction Volume: 64.91 (Weight: 0.40)
  - Transaction Count: nan (Weight: 0.20)
  - User Growth: 12.90 (Weight: 0.10)"
Injera,Stablecoin issuers,,,"Project 'Injera' in the 'Stablecoin issuers' sector has an overall User Growth Score of nan, categorized as 'None'.
The score is based on the following weighted metrics:
  - Active Users: nan (Weight: 0.20)
  - Transaction Volume: nan (Weight: 0.40)
  - Transaction Count: nan (Weight: 0.20)
  - User Growth: nan (Weight: 0.20)"
Liquidswap,Exchanges (DEX),55.431034482758626,Steady Growth,"Project 'Liquidswap' in the 'Exchanges (DEX)' sector has an overall User Growth Score of 55.43, categorized as 'Steady Growth'.
The score is based on the following weighted metrics:
  - Active Users: nan (Weight: 0.30)
  - Transaction Volume: 55.43 (Weight: 0.40)
  - Transaction Count: nan (Weight: 0.20)
  - User Growth: nan (Weight: 0.10)"
MOOAR,NFT marketplaces,,,"Project 'MOOAR' in the 'NFT marketplaces' sector has an overall User Growth Score of nan, categorized as 'None'.
The score is based on the following weighted metrics:
  - Active Users: nan (Weight: 0.40)
  - Transaction Volume: nan (Weight: 0.30)
  - Transaction Count: nan (Weight: 0.20)
  - User Growth: nan (Weight: 0.10)"
Resolv,Stablecoin issuers,,,"Project 'Resolv' in the 'Stablecoin issuers' sector has an overall User Growth Score of nan, categorized as 'None'.
The score is based on the following weighted metrics:
  - Active Users: nan (Weight: 0.20)
  - Transaction Volume: nan (Weight: 0.40)
  - Transaction Count: nan (Weight: 0.20)
  - User Growth: nan (Weight: 0.20)"
Unipilot,Asset management,42.36391129032258,Slow Growth,"Project 'Unipilot' in the 'Asset management' sector has an overall User Growth Score of 42.36, categorized as 'Slow Growth'.
The score is based on the following weighted metrics:
  - Active Users: 45.62 (Weight: 0.30)
  - Transaction Volume: nan (Weight: 0.40)
  - Transaction Count: nan (Weight: 0.20)
  - User Growth: 32.58 (Weight: 0.10)"
Arrakis Finance,Asset management,,,"Project 'Arrakis Finance' in the 'Asset management' sector has an overall User Growth Score of nan, categorized as 'None'.
The score is based on the following weighted metrics:
  - Active Users: nan (Weight: 0.30)
  - Transaction Volume: nan (Weight: 0.40)
  - Transaction Count: nan (Weight: 0.20)
  - User Growth: nan (Weight: 0.10)"
BounceBit,Blockchains (L1),35.75757575757576,Slow Growth,"Project 'BounceBit' in the 'Blockchains (L1)' sector has an overall User Growth Score of 35.76, categorized as 'Slow Growth'.
The score is based on the following weighted metrics:
  - Active Users: nan (Weight: 0.30)
  - Transaction Volume: 35.76 (Weight: 0.30)
  - Transaction Count: nan (Weight: 0.25)
  - User Growth: nan (Weight: 0.15)"
UWON Coin,ERC20 Tokens,0.0,Stagnant/Declining,"Project 'UWON Coin' in the 'ERC20 Tokens' sector has an overall User Growth Score of 0.00, categorized as 'Stagnant/Declining'.
The score is based on the following weighted metrics:
  - Active Users: nan (Weight: 0.35)
  - Transaction Volume: 0.00 (Weight: 0.30)
  - Transaction Count: nan (Weight: 0.20)
  - User Growth: nan (Weight: 0.15)"
Slime Revolution,Gaming,,,"Project 'Slime Revolution' in the 'Gaming' sector has an overall User Growth Score of nan, categorized as 'None'.
The score is based on the following weighted metrics:
  - Active Users: nan (Weight: 0.50)
  - Transaction Volume: nan (Weight: 0.20)
  - Transaction Count: nan (Weight: 0.20)
  - User Growth: nan (Weight: 0.10)"
Avantis,Exchanges (DEX),,,"Project 'Avantis' in the 'Exchanges (DEX)' sector has an overall User Growth Score of nan, categorized as 'None'.
The score is based on the following weighted metrics:
  - Active Users: nan (Weight: 0.30)
  - Transaction Volume: nan (Weight: 0.40)
  - Transaction Count: nan (Weight: 0.20)
  - User Growth: nan (Weight: 0.10)"
Darwinia Network,Blockchains (L2),38.50515437637654,Slow Growth,"Project 'Darwinia Network' in the 'Blockchains (L2)' sector has an overall User Growth Score of 38.51, categorized as 'Slow Growth'.
The score is based on the following weighted metrics:
  - Active Users: 42.50 (Weight: 0.30)
  - Transaction Volume: 27.31 (Weight: 0.25)
  - Bridge Volume: nan (Weight: 0.20)
  - Transaction Count: 39.27 (Weight: 0.15)
  - User Growth: 53.37 (Weight: 0.10)"
RabbitX,Derivative exchanges,56.0556586270872,Steady Growth,"Project 'RabbitX' in the 'Derivative exchanges' sector has an overall User Growth Score of 56.06, categorized as 'Steady Growth'.
The score is based on the following weighted metrics:
  - Active Users: nan (Weight: 0.30)
  - Transaction Volume: 61.89 (Weight: 0.40)
  - Transaction Count: nan (Weight: 0.20)
  - User Growth: 32.73 (Weight: 0.10)"
Echo Protocol,Asset management,,,"Project 'Echo Protocol' in the 'Asset management' sector has an overall User Growth Score of nan, categorized as 'None'.
The score is based on the following weighted metrics:
  - Active Users: nan (Weight: 0.30)
  - Transaction Volume: nan (Weight: 0.40)
  - Transaction Count: nan (Weight: 0.20)
  - User Growth: nan (Weight: 0.10)"
Biconomy,Infrastructure,57.130902957965745,Steady Growth,"Project 'Biconomy' in the 'Infrastructure' sector has an overall User Growth Score of 57.13, categorized as 'Steady Growth'.
The score is based on the following weighted metrics:
  - Active Users: nan (Weight: 0.30)
  - Transaction Volume: 60.59 (Weight: 0.30)
  - Transaction Count: nan (Weight: 0.30)
  - User Growth: 46.77 (Weight: 0.10)"
Hyperlane,Bridges,,,"Project 'Hyperlane' in the 'Bridges' sector has an overall User Growth Score of nan, categorized as 'None'.
The score is based on the following weighted metrics:
  - Active Users: nan (Weight: 0.20)
  - Bridge Volume: nan (Weight: 0.50)
  - Transaction Count: nan (Weight: 0.20)
  - User Growth: nan (Weight: 0.10)"
Virtuals Protocol,Infrastructure,91.48936170212765,Exceptional Growth,"Project 'Virtuals Protocol' in the 'Infrastructure' sector has an overall User Growth Score of 91.49, categorized as 'Exceptional Growth'.
The score is based on the following weighted metrics:
  - Active Users: nan (Weight: 0.30)
  - Transaction Volume: 91.49 (Weight: 0.30)
  - Transaction Count: nan (Weight: 0.30)
  - User Growth: nan (Weight: 0.10)"
Proof of Play,Blockchains (L3),,,"Project 'Proof of Play' in the 'Blockchains (L3)' sector has an overall User Growth Score of nan, categorized as 'None'.
The score is based on the following weighted metrics:
  - Active Users: nan (Weight: 0.35)
  - Transaction Volume: nan (Weight: 0.30)
  - Transaction Count: nan (Weight: 0.20)
  - User Growth: nan (Weight: 0.15)"
Dmail Network,Infrastructure,51.214971458225214,Steady Growth,"Project 'Dmail Network' in the 'Infrastructure' sector has an overall User Growth Score of 51.21, categorized as 'Steady Growth'.
The score is based on the following weighted metrics:
  - Active Users: nan (Weight: 0.30)
  - Transaction Volume: 47.82 (Weight: 0.30)
  - Transaction Count: nan (Weight: 0.30)
  - User Growth: 61.40 (Weight: 0.10)"
Paradex,Exchanges (DEX),,,"Project 'Paradex' in the 'Exchanges (DEX)' sector has an overall User Growth Score of nan, categorized as 'None'.
The score is based on the following weighted metrics:
  - Active Users: nan (Weight: 0.30)
  - Transaction Volume: nan (Weight: 0.40)
  - Transaction Count: nan (Weight: 0.20)
  - User Growth: nan (Weight: 0.10)"
Overnight,Stablecoin issuers,,,"Project 'Overnight' in the 'Stablecoin issuers' sector has an overall User Growth Score of nan, categorized as 'None'.
The score is based on the following weighted metrics:
  - Active Users: nan (Weight: 0.20)
  - Transaction Volume: nan (Weight: 0.40)
  - Transaction Count: nan (Weight: 0.20)
  - User Growth: nan (Weight: 0.20)"
SwapX,Infrastructure,30.601971977166578,Slow Growth,"Project 'SwapX' in the 'Infrastructure' sector has an overall User Growth Score of 30.60, categorized as 'Slow Growth'.
The score is based on the following weighted metrics:
  - Active Users: nan (Weight: 0.30)
  - Transaction Volume: 33.40 (Weight: 0.30)
  - Transaction Count: nan (Weight: 0.30)
  - User Growth: 22.20 (Weight: 0.10)"
Fenix,Exchanges (DEX),23.083426028921025,Stagnant/Declining,"Project 'Fenix' in the 'Exchanges (DEX)' sector has an overall User Growth Score of 23.08, categorized as 'Stagnant/Declining'.
The score is based on the following weighted metrics:
  - Active Users: nan (Weight: 0.30)
  - Transaction Volume: 27.24 (Weight: 0.40)
  - Transaction Count: nan (Weight: 0.20)
  - User Growth: 6.45 (Weight: 0.10)"
Shape,Blockchains (L2),55.885598141695716,Steady Growth,"Project 'Shape' in the 'Blockchains (L2)' sector has an overall User Growth Score of 55.89, categorized as 'Steady Growth'.
The score is based on the following weighted metrics:
  - Active Users: 56.79 (Weight: 0.30)
  - Transaction Volume: nan (Weight: 0.25)
  - Bridge Volume: nan (Weight: 0.20)
  - Transaction Count: 54.09 (Weight: 0.15)
  - User Growth: nan (Weight: 0.10)"
JustLend DAO,Lending,90.13157894736842,Exceptional Growth,"Project 'JustLend DAO' in the 'Lending' sector has an overall User Growth Score of 90.13, categorized as 'Exceptional Growth'.
The score is based on the following weighted metrics:
  - Active Users: nan (Weight: 0.40)
  - Transaction Volume: 86.84 (Weight: 0.30)
  - Transaction Count: nan (Weight: 0.20)
  - User Growth: 100.00 (Weight: 0.10)"
Tevi,Social,,,"Project 'Tevi' in the 'Social' sector has an overall User Growth Score of nan, categorized as 'None'.
The score is based on the following weighted metrics:
  - Active Users: nan (Weight: 0.60)
  - Transaction Volume: nan (Weight: 0.10)
  - Transaction Count: nan (Weight: 0.10)
  - User Growth: nan (Weight: 0.20)"
Kilt,Blockchains (L2),32.67706378986866,Slow Growth,"Project 'Kilt' in the 'Blockchains (L2)' sector has an overall User Growth Score of 32.68, categorized as 'Slow Growth'.
The score is based on the following weighted metrics:
  - Active Users: 26.67 (Weight: 0.30)
  - Transaction Volume: 47.79 (Weight: 0.25)
  - Bridge Volume: nan (Weight: 0.20)
  - Transaction Count: 19.51 (Weight: 0.15)
  - User Growth: nan (Weight: 0.10)"
Ethereum Name Service,Infrastructure,84.67393184570145,Exceptional Growth,"Project 'Ethereum Name Service' in the 'Infrastructure' sector has an overall User Growth Score of 84.67, categorized as 'Exceptional Growth'.
The score is based on the following weighted metrics:
  - Active Users: 88.89 (Weight: 0.30)
  - Transaction Volume: 85.11 (Weight: 0.30)
  - Transaction Count: nan (Weight: 0.30)
  - User Growth: 70.73 (Weight: 0.10)"
Arweave,Blockchains (L1),50.45454545454545,Steady Growth,"Project 'Arweave' in the 'Blockchains (L1)' sector has an overall User Growth Score of 50.45, categorized as 'Steady Growth'.
The score is based on the following weighted metrics:
  - Active Users: nan (Weight: 0.30)
  - Transaction Volume: 50.45 (Weight: 0.30)
  - Transaction Count: nan (Weight: 0.25)
  - User Growth: nan (Weight: 0.15)"
Prisma Finance,Stablecoin issuers,47.63392857142858,Steady Growth,"Project 'Prisma Finance' in the 'Stablecoin issuers' sector has an overall User Growth Score of 47.63, categorized as 'Steady Growth'.
The score is based on the following weighted metrics:
  - Active Users: 49.64 (Weight: 0.20)
  - Transaction Volume: 45.62 (Weight: 0.40)
  - Transaction Count: nan (Weight: 0.20)
  - User Growth: 49.64 (Weight: 0.20)"
Cellana Finance,Exchanges (DEX),34.13793103448276,Slow Growth,"Project 'Cellana Finance' in the 'Exchanges (DEX)' sector has an overall User Growth Score of 34.14, categorized as 'Slow Growth'.
The score is based on the following weighted metrics:
  - Active Users: nan (Weight: 0.30)
  - Transaction Volume: 34.14 (Weight: 0.40)
  - Transaction Count: nan (Weight: 0.20)
  - User Growth: nan (Weight: 0.10)"
MySwap,Exchanges (DEX),,,"Project 'MySwap' in the 'Exchanges (DEX)' sector has an overall User Growth Score of nan, categorized as 'None'.
The score is based on the following weighted metrics:
  - Active Users: nan (Weight: 0.30)
  - Transaction Volume: nan (Weight: 0.40)
  - Transaction Count: nan (Weight: 0.20)
  - User Growth: nan (Weight: 0.10)"
BSX Exchange,Derivative exchanges,,,"Project 'BSX Exchange' in the 'Derivative exchanges' sector has an overall User Growth Score of nan, categorized as 'None'.
The score is based on the following weighted metrics:
  - Active Users: nan (Weight: 0.30)
  - Transaction Volume: nan (Weight: 0.40)
  - Transaction Count: nan (Weight: 0.20)
  - User Growth: nan (Weight: 0.10)"
zkSync Lite,Blockchains (L2),,,"Project 'zkSync Lite' in the 'Blockchains (L2)' sector has an overall User Growth Score of nan, categorized as 'None'.
The score is based on the following weighted metrics:
  - Active Users: nan (Weight: 0.30)
  - Transaction Volume: nan (Weight: 0.25)
  - Bridge Volume: nan (Weight: 0.20)
  - Transaction Count: nan (Weight: 0.15)
  - User Growth: nan (Weight: 0.10)"
Redstone,Blockchains (L2),,,"Project 'Redstone' in the 'Blockchains (L2)' sector has an overall User Growth Score of nan, categorized as 'None'.
The score is based on the following weighted metrics:
  - Active Users: nan (Weight: 0.30)
  - Transaction Volume: nan (Weight: 0.25)
  - Bridge Volume: nan (Weight: 0.20)
  - Transaction Count: nan (Weight: 0.15)
  - User Growth: nan (Weight: 0.10)"
IPMB,Asset management,51.65395894428153,Steady Growth,"Project 'IPMB' in the 'Asset management' sector has an overall User Growth Score of 51.65, categorized as 'Steady Growth'.
The score is based on the following weighted metrics:
  - Active Users: nan (Weight: 0.30)
  - Transaction Volume: 62.95 (Weight: 0.40)
  - Transaction Count: nan (Weight: 0.20)
  - User Growth: 6.45 (Weight: 0.10)"
Gains Network,Derivative exchanges,70.17810760667903,Strong Growth,"Project 'Gains Network' in the 'Derivative exchanges' sector has an overall User Growth Score of 70.18, categorized as 'Strong Growth'.
The score is based on the following weighted metrics:
  - Active Users: nan (Weight: 0.30)
  - Transaction Volume: 69.54 (Weight: 0.40)
  - Transaction Count: nan (Weight: 0.20)
  - User Growth: 72.73 (Weight: 0.10)"
Superstate,Asset management,,,"Project 'Superstate' in the 'Asset management' sector has an overall User Growth Score of nan, categorized as 'None'.
The score is based on the following weighted metrics:
  - Active Users: nan (Weight: 0.30)
  - Transaction Volume: nan (Weight: 0.40)
  - Transaction Count: nan (Weight: 0.20)
  - User Growth: nan (Weight: 0.10)"
WINR Protocol,Prediction markets,55.0,Steady Growth,"Project 'WINR Protocol' in the 'Prediction markets' sector has an overall User Growth Score of 55.00, categorized as 'Steady Growth'.
The score is based on the following weighted metrics:
  - Active Users: nan (Weight: 0.35)
  - Transaction Volume: 55.00 (Weight: 0.30)
  - Transaction Count: nan (Weight: 0.20)
  - User Growth: nan (Weight: 0.15)"
Wasabi,Derivative exchanges,,,"Project 'Wasabi' in the 'Derivative exchanges' sector has an overall User Growth Score of nan, categorized as 'None'.
The score is based on the following weighted metrics:
  - Active Users: nan (Weight: 0.30)
  - Transaction Volume: nan (Weight: 0.40)
  - Transaction Count: nan (Weight: 0.20)
  - User Growth: nan (Weight: 0.10)"
Chiliz,Blockchains (L1),51.59090909090909,Steady Growth,"Project 'Chiliz' in the 'Blockchains (L1)' sector has an overall User Growth Score of 51.59, categorized as 'Steady Growth'.
The score is based on the following weighted metrics:
  - Active Users: nan (Weight: 0.30)
  - Transaction Volume: 51.59 (Weight: 0.30)
  - Transaction Count: nan (Weight: 0.25)
  - User Growth: nan (Weight: 0.15)"
KGen,Gaming,,,"Project 'KGen' in the 'Gaming' sector has an overall User Growth Score of nan, categorized as 'None'.
The score is based on the following weighted metrics:
  - Active Users: nan (Weight: 0.50)
  - Transaction Volume: nan (Weight: 0.20)
  - Transaction Count: nan (Weight: 0.20)
  - User Growth: nan (Weight: 0.10)"
Superposition,Lending,,,"Project 'Superposition' in the 'Lending' sector has an overall User Growth Score of nan, categorized as 'None'.
The score is based on the following weighted metrics:
  - Active Users: nan (Weight: 0.40)
  - Transaction Volume: nan (Weight: 0.30)
  - Transaction Count: nan (Weight: 0.20)
  - User Growth: nan (Weight: 0.10)"
ImmortalX,Derivative exchanges,,,"Project 'ImmortalX' in the 'Derivative exchanges' sector has an overall User Growth Score of nan, categorized as 'None'.
The score is based on the following weighted metrics:
  - Active Users: nan (Weight: 0.30)
  - Transaction Volume: nan (Weight: 0.40)
  - Transaction Count: nan (Weight: 0.20)
  - User Growth: nan (Weight: 0.10)"
Raft,Stablecoin issuers,14.999999999999998,Stagnant/Declining,"Project 'Raft' in the 'Stablecoin issuers' sector has an overall User Growth Score of 15.00, categorized as 'Stagnant/Declining'.
The score is based on the following weighted metrics:
  - Active Users: nan (Weight: 0.20)
  - Transaction Volume: 22.50 (Weight: 0.40)
  - Transaction Count: nan (Weight: 0.20)
  - User Growth: 0.00 (Weight: 0.20)"
Gitcoin,Infrastructure,60.18649455111572,Steady Growth,"Project 'Gitcoin' in the 'Infrastructure' sector has an overall User Growth Score of 60.19, categorized as 'Steady Growth'.
The score is based on the following weighted metrics:
  - Active Users: nan (Weight: 0.30)
  - Transaction Volume: 52.61 (Weight: 0.30)
  - Transaction Count: nan (Weight: 0.30)
  - User Growth: 82.93 (Weight: 0.10)"
Cygnus Finance,Infrastructure,,,"Project 'Cygnus Finance' in the 'Infrastructure' sector has an overall User Growth Score of nan, categorized as 'None'.
The score is based on the following weighted metrics:
  - Active Users: nan (Weight: 0.30)
  - Transaction Volume: nan (Weight: 0.30)
  - Transaction Count: nan (Weight: 0.30)
  - User Growth: nan (Weight: 0.10)"
Aries Markets,Lending,,,"Project 'Aries Markets' in the 'Lending' sector has an overall User Growth Score of nan, categorized as 'None'.
The score is based on the following weighted metrics:
  - Active Users: nan (Weight: 0.40)
  - Transaction Volume: nan (Weight: 0.30)
  - Transaction Count: nan (Weight: 0.20)
  - User Growth: nan (Weight: 0.10)"
Mint Blockchain,Blockchains (L2),,,"Project 'Mint Blockchain' in the 'Blockchains (L2)' sector has an overall User Growth Score of nan, categorized as 'None'.
The score is based on the following weighted metrics:
  - Active Users: nan (Weight: 0.30)
  - Transaction Volume: nan (Weight: 0.25)
  - Bridge Volume: nan (Weight: 0.20)
  - Transaction Count: nan (Weight: 0.15)
  - User Growth: nan (Weight: 0.10)"
Mendi Finance,Lending,31.052631578947363,Slow Growth,"Project 'Mendi Finance' in the 'Lending' sector has an overall User Growth Score of 31.05, categorized as 'Slow Growth'.
The score is based on the following weighted metrics:
  - Active Users: nan (Weight: 0.40)
  - Transaction Volume: 31.05 (Weight: 0.30)
  - Transaction Count: nan (Weight: 0.20)
  - User Growth: nan (Weight: 0.10)"
Goat Protocol,Asset management,12.121212121212121,Stagnant/Declining,"Project 'Goat Protocol' in the 'Asset management' sector has an overall User Growth Score of 12.12, categorized as 'Stagnant/Declining'.
The score is based on the following weighted metrics:
  - Active Users: nan (Weight: 0.30)
  - Transaction Volume: 12.12 (Weight: 0.40)
  - Transaction Count: nan (Weight: 0.20)
  - User Growth: nan (Weight: 0.10)"
GoodDollar,Infrastructure,6.382978723404254,Stagnant/Declining,"Project 'GoodDollar' in the 'Infrastructure' sector has an overall User Growth Score of 6.38, categorized as 'Stagnant/Declining'.
The score is based on the following weighted metrics:
  - Active Users: nan (Weight: 0.30)
  - Transaction Volume: 8.51 (Weight: 0.30)
  - Transaction Count: nan (Weight: 0.30)
  - User Growth: 0.00 (Weight: 0.10)"
BladeSwap,Exchanges (DEX),28.87300704486467,Slow Growth,"Project 'BladeSwap' in the 'Exchanges (DEX)' sector has an overall User Growth Score of 28.87, categorized as 'Slow Growth'.
The score is based on the following weighted metrics:
  - Active Users: nan (Weight: 0.30)
  - Transaction Volume: 22.64 (Weight: 0.40)
  - Transaction Count: nan (Weight: 0.20)
  - User Growth: 53.79 (Weight: 0.10)"
ZetaChain,Blockchains (L1),58.4090909090909,Steady Growth,"Project 'ZetaChain' in the 'Blockchains (L1)' sector has an overall User Growth Score of 58.41, categorized as 'Steady Growth'.
The score is based on the following weighted metrics:
  - Active Users: nan (Weight: 0.30)
  - Transaction Volume: 58.41 (Weight: 0.30)
  - Transaction Count: nan (Weight: 0.25)
  - User Growth: nan (Weight: 0.15)"
World of Dypians,Gaming,,,"Project 'World of Dypians' in the 'Gaming' sector has an overall User Growth Score of nan, categorized as 'None'.
The score is based on the following weighted metrics:
  - Active Users: nan (Weight: 0.50)
  - Transaction Volume: nan (Weight: 0.20)
  - Transaction Count: nan (Weight: 0.20)
  - User Growth: nan (Weight: 0.10)"
Stability,Asset management,31.21212121212121,Slow Growth,"Project 'Stability' in the 'Asset management' sector has an overall User Growth Score of 31.21, categorized as 'Slow Growth'.
The score is based on the following weighted metrics:
  - Active Users: nan (Weight: 0.30)
  - Transaction Volume: 31.21 (Weight: 0.40)
  - Transaction Count: nan (Weight: 0.20)
  - User Growth: nan (Weight: 0.10)"
Crust Network,Blockchains (L2),47.42116579073102,Steady Growth,"Project 'Crust Network' in the 'Blockchains (L2)' sector has an overall User Growth Score of 47.42, categorized as 'Steady Growth'.
The score is based on the following weighted metrics:
  - Active Users: nan (Weight: 0.30)
  - Transaction Volume: 46.35 (Weight: 0.25)
  - Bridge Volume: nan (Weight: 0.20)
  - Transaction Count: nan (Weight: 0.15)
  - User Growth: 50.11 (Weight: 0.10)"
SUN,Exchanges (DEX),87.20800889877643,Exceptional Growth,"Project 'SUN' in the 'Exchanges (DEX)' sector has an overall User Growth Score of 87.21, categorized as 'Exceptional Growth'.
The score is based on the following weighted metrics:
  - Active Users: nan (Weight: 0.30)
  - Transaction Volume: 89.66 (Weight: 0.40)
  - Transaction Count: nan (Weight: 0.20)
  - User Growth: 77.42 (Weight: 0.10)"
Sun Swap,Exchanges (DEX),,,"Project 'Sun Swap' in the 'Exchanges (DEX)' sector has an overall User Growth Score of nan, categorized as 'None'.
The score is based on the following weighted metrics:
  - Active Users: nan (Weight: 0.30)
  - Transaction Volume: nan (Weight: 0.40)
  - Transaction Count: nan (Weight: 0.20)
  - User Growth: nan (Weight: 0.10)"
The Arena,Social,,,"Project 'The Arena' in the 'Social' sector has an overall User Growth Score of nan, categorized as 'None'.
The score is based on the following weighted metrics:
  - Active Users: nan (Weight: 0.60)
  - Transaction Volume: nan (Weight: 0.10)
  - Transaction Count: nan (Weight: 0.10)
  - User Growth: nan (Weight: 0.20)"
Terra,Blockchains (L1),34.2293771043771,Slow Growth,"Project 'Terra' in the 'Blockchains (L1)' sector has an overall User Growth Score of 34.23, categorized as 'Slow Growth'.
The score is based on the following weighted metrics:
  - Active Users: 28.52 (Weight: 0.30)
  - Transaction Volume: 34.24 (Weight: 0.30)
  - Transaction Count: nan (Weight: 0.25)
  - User Growth: 45.62 (Weight: 0.15)"
SmarDex,Exchanges (DEX),46.63403781979978,Steady Growth,"Project 'SmarDex' in the 'Exchanges (DEX)' sector has an overall User Growth Score of 46.63, categorized as 'Steady Growth'.
The score is based on the following weighted metrics:
  - Active Users: nan (Weight: 0.30)
  - Transaction Volume: 48.53 (Weight: 0.40)
  - Transaction Count: nan (Weight: 0.20)
  - User Growth: 39.03 (Weight: 0.10)"
SatLayer,Liquid staking,,,"Project 'SatLayer' in the 'Liquid staking' sector has an overall User Growth Score of nan, categorized as 'None'.
The score is based on the following weighted metrics:
  - Active Users: nan (Weight: 0.30)
  - Transaction Volume: nan (Weight: 0.20)
  - User Growth: nan (Weight: 0.30)
  - Transaction Count: nan (Weight: 0.20)"
Parallel,Blockchains (L2),,,"Project 'Parallel' in the 'Blockchains (L2)' sector has an overall User Growth Score of nan, categorized as 'None'.
The score is based on the following weighted metrics:
  - Active Users: nan (Weight: 0.30)
  - Transaction Volume: nan (Weight: 0.25)
  - Bridge Volume: nan (Weight: 0.20)
  - Transaction Count: nan (Weight: 0.15)
  - User Growth: nan (Weight: 0.10)"
TapiocaDAO,Stablecoin issuers,26.666666666666664,Slow Growth,"Project 'TapiocaDAO' in the 'Stablecoin issuers' sector has an overall User Growth Score of 26.67, categorized as 'Slow Growth'.
The score is based on the following weighted metrics:
  - Active Users: nan (Weight: 0.20)
  - Transaction Volume: 12.50 (Weight: 0.40)
  - Transaction Count: nan (Weight: 0.20)
  - User Growth: 55.00 (Weight: 0.20)"
Octopus Network,Asset management,52.59824046920821,Steady Growth,"Project 'Octopus Network' in the 'Asset management' sector has an overall User Growth Score of 52.60, categorized as 'Steady Growth'.
The score is based on the following weighted metrics:
  - Active Users: nan (Weight: 0.30)
  - Transaction Volume: 58.41 (Weight: 0.40)
  - Transaction Count: nan (Weight: 0.20)
  - User Growth: 29.35 (Weight: 0.10)"
Save,Lending,20.526315789473685,Stagnant/Declining,"Project 'Save' in the 'Lending' sector has an overall User Growth Score of 20.53, categorized as 'Stagnant/Declining'.
The score is based on the following weighted metrics:
  - Active Users: nan (Weight: 0.40)
  - Transaction Volume: 20.53 (Weight: 0.30)
  - Transaction Count: nan (Weight: 0.20)
  - User Growth: nan (Weight: 0.10)"
OmniBTC (OmniSwap),Exchanges (DEX),,,"Project 'OmniBTC (OmniSwap)' in the 'Exchanges (DEX)' sector has an overall User Growth Score of nan, categorized as 'None'.
The score is based on the following weighted metrics:
  - Active Users: nan (Weight: 0.30)
  - Transaction Volume: nan (Weight: 0.40)
  - Transaction Count: nan (Weight: 0.20)
  - User Growth: nan (Weight: 0.10)"
Super Champs,Gaming,,,"Project 'Super Champs' in the 'Gaming' sector has an overall User Growth Score of nan, categorized as 'None'.
The score is based on the following weighted metrics:
  - Active Users: nan (Weight: 0.50)
  - Transaction Volume: nan (Weight: 0.20)
  - Transaction Count: nan (Weight: 0.20)
  - User Growth: nan (Weight: 0.10)"
NeuroWeb,Blockchains (L2),33.57607114140215,Slow Growth,"Project 'NeuroWeb' in the 'Blockchains (L2)' sector has an overall User Growth Score of 33.58, categorized as 'Slow Growth'.
The score is based on the following weighted metrics:
  - Active Users: 36.19 (Weight: 0.30)
  - Transaction Volume: 19.23 (Weight: 0.25)
  - Bridge Volume: nan (Weight: 0.20)
  - Transaction Count: 52.26 (Weight: 0.15)
  - User Growth: nan (Weight: 0.10)"
Boba Network,Blockchains (L2),57.88461538461539,Steady Growth,"Project 'Boba Network' in the 'Blockchains (L2)' sector has an overall User Growth Score of 57.88, categorized as 'Steady Growth'.
The score is based on the following weighted metrics:
  - Active Users: nan (Weight: 0.30)
  - Transaction Volume: 57.88 (Weight: 0.25)
  - Bridge Volume: nan (Weight: 0.20)
  - Transaction Count: nan (Weight: 0.15)
  - User Growth: nan (Weight: 0.10)"
EigenLayer,Liquid staking,87.64705882352942,Exceptional Growth,"Project 'EigenLayer' in the 'Liquid staking' sector has an overall User Growth Score of 87.65, categorized as 'Exceptional Growth'.
The score is based on the following weighted metrics:
  - Active Users: 86.67 (Weight: 0.30)
  - Transaction Volume: 70.59 (Weight: 0.20)
  - User Growth: 100.00 (Weight: 0.30)
  - Transaction Count: nan (Weight: 0.20)"
Bluefin,Derivative exchanges,73.46938775510205,Strong Growth,"Project 'Bluefin' in the 'Derivative exchanges' sector has an overall User Growth Score of 73.47, categorized as 'Strong Growth'.
The score is based on the following weighted metrics:
  - Active Users: nan (Weight: 0.30)
  - Transaction Volume: 73.47 (Weight: 0.40)
  - Transaction Count: nan (Weight: 0.20)
  - User Growth: nan (Weight: 0.10)"
Moola Market,Lending,21.297514619883035,Stagnant/Declining,"Project 'Moola Market' in the 'Lending' sector has an overall User Growth Score of 21.30, categorized as 'Stagnant/Declining'.
The score is based on the following weighted metrics:
  - Active Users: nan (Weight: 0.40)
  - Transaction Volume: 10.53 (Weight: 0.30)
  - Transaction Count: nan (Weight: 0.20)
  - User Growth: 53.61 (Weight: 0.10)"
YOLO Games,Gaming,39.787581699346404,Slow Growth,"Project 'YOLO Games' in the 'Gaming' sector has an overall User Growth Score of 39.79, categorized as 'Slow Growth'.
The score is based on the following weighted metrics:
  - Active Users: nan (Weight: 0.50)
  - Transaction Volume: 26.67 (Weight: 0.20)
  - Transaction Count: nan (Weight: 0.20)
  - User Growth: 66.03 (Weight: 0.10)"
Clique,Infrastructure,,,"Project 'Clique' in the 'Infrastructure' sector has an overall User Growth Score of nan, categorized as 'None'.
The score is based on the following weighted metrics:
  - Active Users: nan (Weight: 0.30)
  - Transaction Volume: nan (Weight: 0.30)
  - Transaction Count: nan (Weight: 0.30)
  - User Growth: nan (Weight: 0.10)"
BoomLand,Gaming,,,"Project 'BoomLand' in the 'Gaming' sector has an overall User Growth Score of nan, categorized as 'None'.
The score is based on the following weighted metrics:
  - Active Users: nan (Weight: 0.50)
  - Transaction Volume: nan (Weight: 0.20)
  - Transaction Count: nan (Weight: 0.20)
  - User Growth: nan (Weight: 0.10)"
Ekubo Protocol,Exchanges (DEX),63.189655172413794,Steady Growth,"Project 'Ekubo Protocol' in the 'Exchanges (DEX)' sector has an overall User Growth Score of 63.19, categorized as 'Steady Growth'.
The score is based on the following weighted metrics:
  - Active Users: nan (Weight: 0.30)
  - Transaction Volume: 63.19 (Weight: 0.40)
  - Transaction Count: nan (Weight: 0.20)
  - User Growth: nan (Weight: 0.10)"
Catalyst,Bridges,,,"Project 'Catalyst' in the 'Bridges' sector has an overall User Growth Score of nan, categorized as 'None'.
The score is based on the following weighted metrics:
  - Active Users: nan (Weight: 0.20)
  - Bridge Volume: nan (Weight: 0.50)
  - Transaction Count: nan (Weight: 0.20)
  - User Growth: nan (Weight: 0.10)"
Thorchain,Exchanges (DEX),98.85057471264368,Exceptional Growth,"Project 'Thorchain' in the 'Exchanges (DEX)' sector has an overall User Growth Score of 98.85, categorized as 'Exceptional Growth'.
The score is based on the following weighted metrics:
  - Active Users: nan (Weight: 0.30)
  - Transaction Volume: 98.85 (Weight: 0.40)
  - Transaction Count: nan (Weight: 0.20)
  - User Growth: nan (Weight: 0.10)"
pods.media,Social,,,"Project 'pods.media' in the 'Social' sector has an overall User Growth Score of nan, categorized as 'None'.
The score is based on the following weighted metrics:
  - Active Users: nan (Weight: 0.60)
  - Transaction Volume: nan (Weight: 0.10)
  - Transaction Count: nan (Weight: 0.10)
  - User Growth: nan (Weight: 0.20)"
Starbase,Exchanges (DEX),,,"Project 'Starbase' in the 'Exchanges (DEX)' sector has an overall User Growth Score of nan, categorized as 'None'.
The score is based on the following weighted metrics:
  - Active Users: nan (Weight: 0.30)
  - Transaction Volume: nan (Weight: 0.40)
  - Transaction Count: nan (Weight: 0.20)
  - User Growth: nan (Weight: 0.10)"
Loopring,Exchanges (DEX),84.91657397107898,Exceptional Growth,"Project 'Loopring' in the 'Exchanges (DEX)' sector has an overall User Growth Score of 84.92, categorized as 'Exceptional Growth'.
The score is based on the following weighted metrics:
  - Active Users: nan (Weight: 0.30)
  - Transaction Volume: 82.76 (Weight: 0.40)
  - Transaction Count: nan (Weight: 0.20)
  - User Growth: 93.55 (Weight: 0.10)"
Nearlend DAO,Lending,,,"Project 'Nearlend DAO' in the 'Lending' sector has an overall User Growth Score of nan, categorized as 'None'.
The score is based on the following weighted metrics:
  - Active Users: nan (Weight: 0.40)
  - Transaction Volume: nan (Weight: 0.30)
  - Transaction Count: nan (Weight: 0.20)
  - User Growth: nan (Weight: 0.10)"
Stryke,Derivative exchanges,36.00371057513915,Slow Growth,"Project 'Stryke' in the 'Derivative exchanges' sector has an overall User Growth Score of 36.00, categorized as 'Slow Growth'.
The score is based on the following weighted metrics:
  - Active Users: nan (Weight: 0.30)
  - Transaction Volume: 40.46 (Weight: 0.40)
  - Transaction Count: nan (Weight: 0.20)
  - User Growth: 18.18 (Weight: 0.10)"
Drift Protocol,Derivative exchanges,95.91836734693875,Exceptional Growth,"Project 'Drift Protocol' in the 'Derivative exchanges' sector has an overall User Growth Score of 95.92, categorized as 'Exceptional Growth'.
The score is based on the following weighted metrics:
  - Active Users: nan (Weight: 0.30)
  - Transaction Volume: 95.92 (Weight: 0.40)
  - Transaction Count: nan (Weight: 0.20)
  - User Growth: nan (Weight: 0.10)"
LogX,Derivative exchanges,,,"Project 'LogX' in the 'Derivative exchanges' sector has an overall User Growth Score of nan, categorized as 'None'.
The score is based on the following weighted metrics:
  - Active Users: nan (Weight: 0.30)
  - Transaction Volume: nan (Weight: 0.40)
  - Transaction Count: nan (Weight: 0.20)
  - User Growth: nan (Weight: 0.10)"
Kiln,Liquid staking,,,"Project 'Kiln' in the 'Liquid staking' sector has an overall User Growth Score of nan, categorized as 'None'.
The score is based on the following weighted metrics:
  - Active Users: nan (Weight: 0.30)
  - Transaction Volume: nan (Weight: 0.20)
  - User Growth: nan (Weight: 0.30)
  - Transaction Count: nan (Weight: 0.20)"
Cetus,Exchanges (DEX),80.45977011494253,Exceptional Growth,"Project 'Cetus' in the 'Exchanges (DEX)' sector has an overall User Growth Score of 80.46, categorized as 'Exceptional Growth'.
The score is based on the following weighted metrics:
  - Active Users: nan (Weight: 0.30)
  - Transaction Volume: 80.46 (Weight: 0.40)
  - Transaction Count: nan (Weight: 0.20)
  - User Growth: nan (Weight: 0.10)"
Celer Network,Infrastructure,56.10923715620135,Steady Growth,"Project 'Celer Network' in the 'Infrastructure' sector has an overall User Growth Score of 56.11, categorized as 'Steady Growth'.
The score is based on the following weighted metrics:
  - Active Users: nan (Weight: 0.30)
  - Transaction Volume: 57.39 (Weight: 0.30)
  - Transaction Count: nan (Weight: 0.30)
  - User Growth: 52.26 (Weight: 0.10)"
Aark,Derivative exchanges,56.83673469387756,Steady Growth,"Project 'Aark' in the 'Derivative exchanges' sector has an overall User Growth Score of 56.84, categorized as 'Steady Growth'.
The score is based on the following weighted metrics:
  - Active Users: nan (Weight: 0.30)
  - Transaction Volume: 57.30 (Weight: 0.40)
  - Transaction Count: nan (Weight: 0.20)
  - User Growth: 55.00 (Weight: 0.10)"
Ancient8,Blockchains (L2),61.54861442904921,Steady Growth,"Project 'Ancient8' in the 'Blockchains (L2)' sector has an overall User Growth Score of 61.55, categorized as 'Steady Growth'.
The score is based on the following weighted metrics:
  - Active Users: nan (Weight: 0.30)
  - Transaction Volume: 62.21 (Weight: 0.25)
  - Bridge Volume: nan (Weight: 0.20)
  - Transaction Count: nan (Weight: 0.15)
  - User Growth: 59.89 (Weight: 0.10)"
Storj,Infrastructure,77.19252724442137,Strong Growth,"Project 'Storj' in the 'Infrastructure' sector has an overall User Growth Score of 77.19, categorized as 'Strong Growth'.
The score is based on the following weighted metrics:
  - Active Users: nan (Weight: 0.30)
  - Transaction Volume: 74.47 (Weight: 0.30)
  - Transaction Count: nan (Weight: 0.30)
  - User Growth: 85.37 (Weight: 0.10)"
Magpie XYZ,Asset management,68.83870967741936,Strong Growth,"Project 'Magpie XYZ' in the 'Asset management' sector has an overall User Growth Score of 68.84, categorized as 'Strong Growth'.
The score is based on the following weighted metrics:
  - Active Users: nan (Weight: 0.30)
  - Transaction Volume: 67.50 (Weight: 0.40)
  - Transaction Count: nan (Weight: 0.20)
  - User Growth: 74.19 (Weight: 0.10)"
Jupiter,Exchanges (DEX),95.40229885057471,Exceptional Growth,"Project 'Jupiter' in the 'Exchanges (DEX)' sector has an overall User Growth Score of 95.40, categorized as 'Exceptional Growth'.
The score is based on the following weighted metrics:
  - Active Users: nan (Weight: 0.30)
  - Transaction Volume: 95.40 (Weight: 0.40)
  - Transaction Count: nan (Weight: 0.20)
  - User Growth: nan (Weight: 0.10)"
Rings,Stablecoin issuers,,,"Project 'Rings' in the 'Stablecoin issuers' sector has an overall User Growth Score of nan, categorized as 'None'.
The score is based on the following weighted metrics:
  - Active Users: nan (Weight: 0.20)
  - Transaction Volume: nan (Weight: 0.40)
  - Transaction Count: nan (Weight: 0.20)
  - User Growth: nan (Weight: 0.20)"
Soneium,Blockchains (L2),93.61207897793265,Exceptional Growth,"Project 'Soneium' in the 'Blockchains (L2)' sector has an overall User Growth Score of 93.61, categorized as 'Exceptional Growth'.
The score is based on the following weighted metrics:
  - Active Users: 92.86 (Weight: 0.30)
  - Transaction Volume: nan (Weight: 0.25)
  - Bridge Volume: nan (Weight: 0.20)
  - Transaction Count: 95.12 (Weight: 0.15)
  - User Growth: nan (Weight: 0.10)"
Puffer Finance,Liquid staking,,,"Project 'Puffer Finance' in the 'Liquid staking' sector has an overall User Growth Score of nan, categorized as 'None'.
The score is based on the following weighted metrics:
  - Active Users: nan (Weight: 0.30)
  - Transaction Volume: nan (Weight: 0.20)
  - User Growth: nan (Weight: 0.30)
  - Transaction Count: nan (Weight: 0.20)"
Thetis Market,Exchanges (DEX),,,"Project 'Thetis Market' in the 'Exchanges (DEX)' sector has an overall User Growth Score of nan, categorized as 'None'.
The score is based on the following weighted metrics:
  - Active Users: nan (Weight: 0.30)
  - Transaction Volume: nan (Weight: 0.40)
  - Transaction Count: nan (Weight: 0.20)
  - User Growth: nan (Weight: 0.10)"
Lombard Finance,Liquid staking,,,"Project 'Lombard Finance' in the 'Liquid staking' sector has an overall User Growth Score of nan, categorized as 'None'.
The score is based on the following weighted metrics:
  - Active Users: nan (Weight: 0.30)
  - Transaction Volume: nan (Weight: 0.20)
  - User Growth: nan (Weight: 0.30)
  - Transaction Count: nan (Weight: 0.20)"
Reserve,Stablecoin issuers,,,"Project 'Reserve' in the 'Stablecoin issuers' sector has an overall User Growth Score of nan, categorized as 'None'.
The score is based on the following weighted metrics:
  - Active Users: nan (Weight: 0.20)
  - Transaction Volume: nan (Weight: 0.40)
  - Transaction Count: nan (Weight: 0.20)
  - User Growth: nan (Weight: 0.20)"
Superseed,Blockchains (L2),46.91347270615563,Steady Growth,"Project 'Superseed' in the 'Blockchains (L2)' sector has an overall User Growth Score of 46.91, categorized as 'Steady Growth'.
The score is based on the following weighted metrics:
  - Active Users: 46.07 (Weight: 0.30)
  - Transaction Volume: nan (Weight: 0.25)
  - Bridge Volume: nan (Weight: 0.20)
  - Transaction Count: 48.60 (Weight: 0.15)
  - User Growth: nan (Weight: 0.10)"
RARI Chain,Blockchains (L3),,,"Project 'RARI Chain' in the 'Blockchains (L3)' sector has an overall User Growth Score of nan, categorized as 'None'.
The score is based on the following weighted metrics:
  - Active Users: nan (Weight: 0.35)
  - Transaction Volume: nan (Weight: 0.30)
  - Transaction Count: nan (Weight: 0.20)
  - User Growth: nan (Weight: 0.15)"
Sorare,Gaming,,,"Project 'Sorare' in the 'Gaming' sector has an overall User Growth Score of nan, categorized as 'None'.
The score is based on the following weighted metrics:
  - Active Users: nan (Weight: 0.50)
  - Transaction Volume: nan (Weight: 0.20)
  - Transaction Count: nan (Weight: 0.20)
  - User Growth: nan (Weight: 0.10)"
Abstract,Blockchains (L2),,,"Project 'Abstract' in the 'Blockchains (L2)' sector has an overall User Growth Score of nan, categorized as 'None'.
The score is based on the following weighted metrics:
  - Active Users: nan (Weight: 0.30)
  - Transaction Volume: nan (Weight: 0.25)
  - Bridge Volume: nan (Weight: 0.20)
  - Transaction Count: nan (Weight: 0.15)
  - User Growth: nan (Weight: 0.10)"
TruFin,Liquid staking,,,"Project 'TruFin' in the 'Liquid staking' sector has an overall User Growth Score of nan, categorized as 'None'.
The score is based on the following weighted metrics:
  - Active Users: nan (Weight: 0.30)
  - Transaction Volume: nan (Weight: 0.20)
  - User Growth: nan (Weight: 0.30)
  - Transaction Count: nan (Weight: 0.20)"
Meteora,Exchanges (DEX),,,"Project 'Meteora' in the 'Exchanges (DEX)' sector has an overall User Growth Score of nan, categorized as 'None'.
The score is based on the following weighted metrics:
  - Active Users: nan (Weight: 0.30)
  - Transaction Volume: nan (Weight: 0.40)
  - Transaction Count: nan (Weight: 0.20)
  - User Growth: nan (Weight: 0.10)"
XDC Network,Blockchains (L1),42.5,Slow Growth,"Project 'XDC Network' in the 'Blockchains (L1)' sector has an overall User Growth Score of 42.50, categorized as 'Slow Growth'.
The score is based on the following weighted metrics:
  - Active Users: nan (Weight: 0.30)
  - Transaction Volume: 42.50 (Weight: 0.30)
  - Transaction Count: nan (Weight: 0.25)
  - User Growth: nan (Weight: 0.15)"
Ion Protocol,Lending,,,"Project 'Ion Protocol' in the 'Lending' sector has an overall User Growth Score of nan, categorized as 'None'.
The score is based on the following weighted metrics:
  - Active Users: nan (Weight: 0.40)
  - Transaction Volume: nan (Weight: 0.30)
  - Transaction Count: nan (Weight: 0.20)
  - User Growth: nan (Weight: 0.10)"
Paxos,Stablecoin issuers,,,"Project 'Paxos' in the 'Stablecoin issuers' sector has an overall User Growth Score of nan, categorized as 'None'.
The score is based on the following weighted metrics:
  - Active Users: nan (Weight: 0.20)
  - Transaction Volume: nan (Weight: 0.40)
  - Transaction Count: nan (Weight: 0.20)
  - User Growth: nan (Weight: 0.20)"
Talis Protocol,NFT marketplaces,21.11111111111111,Stagnant/Declining,"Project 'Talis Protocol' in the 'NFT marketplaces' sector has an overall User Growth Score of 21.11, categorized as 'Stagnant/Declining'.
The score is based on the following weighted metrics:
  - Active Users: nan (Weight: 0.40)
  - Transaction Volume: 21.11 (Weight: 0.30)
  - Transaction Count: nan (Weight: 0.20)
  - User Growth: nan (Weight: 0.10)"
Optopia,Blockchains (L2),22.252747252747255,Stagnant/Declining,"Project 'Optopia' in the 'Blockchains (L2)' sector has an overall User Growth Score of 22.25, categorized as 'Stagnant/Declining'.
The score is based on the following weighted metrics:
  - Active Users: nan (Weight: 0.30)
  - Transaction Volume: 31.15 (Weight: 0.25)
  - Bridge Volume: nan (Weight: 0.20)
  - Transaction Count: nan (Weight: 0.15)
  - User Growth: 0.00 (Weight: 0.10)"
Gram,ERC20 Tokens,100.0,Exceptional Growth,"Project 'Gram' in the 'ERC20 Tokens' sector has an overall User Growth Score of 100.00, categorized as 'Exceptional Growth'.
The score is based on the following weighted metrics:
  - Active Users: nan (Weight: 0.35)
  - Transaction Volume: 100.00 (Weight: 0.30)
  - Transaction Count: nan (Weight: 0.20)
  - User Growth: nan (Weight: 0.15)"
Guild of Guardians,Gaming,49.803921568627445,Steady Growth,"Project 'Guild of Guardians' in the 'Gaming' sector has an overall User Growth Score of 49.80, categorized as 'Steady Growth'.
The score is based on the following weighted metrics:
  - Active Users: nan (Weight: 0.50)
  - Transaction Volume: 55.00 (Weight: 0.20)
  - Transaction Count: nan (Weight: 0.20)
  - User Growth: 39.41 (Weight: 0.10)"
Eggs Finance,Asset management,75.6852394916911,Strong Growth,"Project 'Eggs Finance' in the 'Asset management' sector has an overall User Growth Score of 75.69, categorized as 'Strong Growth'.
The score is based on the following weighted metrics:
  - Active Users: nan (Weight: 0.30)
  - Transaction Volume: 84.85 (Weight: 0.40)
  - Transaction Count: nan (Weight: 0.20)
  - User Growth: 39.03 (Weight: 0.10)"
Astroport,Exchanges (DEX),30.689655172413794,Slow Growth,"Project 'Astroport' in the 'Exchanges (DEX)' sector has an overall User Growth Score of 30.69, categorized as 'Slow Growth'.
The score is based on the following weighted metrics:
  - Active Users: nan (Weight: 0.30)
  - Transaction Volume: 30.69 (Weight: 0.40)
  - Transaction Count: nan (Weight: 0.20)
  - User Growth: nan (Weight: 0.10)"
ZNS Connect Name Service,Infrastructure,,,"Project 'ZNS Connect Name Service' in the 'Infrastructure' sector has an overall User Growth Score of nan, categorized as 'None'.
The score is based on the following weighted metrics:
  - Active Users: nan (Weight: 0.30)
  - Transaction Volume: nan (Weight: 0.30)
  - Transaction Count: nan (Weight: 0.30)
  - User Growth: nan (Weight: 0.10)"
Pendulum,Blockchains (L2),22.881456522571504,Stagnant/Declining,"Project 'Pendulum' in the 'Blockchains (L2)' sector has an overall User Growth Score of 22.88, categorized as 'Stagnant/Declining'.
The score is based on the following weighted metrics:
  - Active Users: 21.90 (Weight: 0.30)
  - Transaction Volume: 21.54 (Weight: 0.25)
  - Bridge Volume: nan (Weight: 0.20)
  - Transaction Count: 27.07 (Weight: 0.15)
  - User Growth: nan (Weight: 0.10)"
Particle,Derivative exchanges,51.73701298701299,Steady Growth,"Project 'Particle' in the 'Derivative exchanges' sector has an overall User Growth Score of 51.74, categorized as 'Steady Growth'.
The score is based on the following weighted metrics:
  - Active Users: nan (Weight: 0.30)
  - Transaction Volume: 49.64 (Weight: 0.40)
  - Transaction Count: nan (Weight: 0.20)
  - User Growth: 60.11 (Weight: 0.10)"
Coreum,Blockchains (L1),15.151515151515154,Stagnant/Declining,"Project 'Coreum' in the 'Blockchains (L1)' sector has an overall User Growth Score of 15.15, categorized as 'Stagnant/Declining'.
The score is based on the following weighted metrics:
  - Active Users: nan (Weight: 0.30)
  - Transaction Volume: 15.15 (Weight: 0.30)
  - Transaction Count: nan (Weight: 0.25)
  - User Growth: nan (Weight: 0.15)"
Sui,Blockchains (L1),87.87878787878788,Exceptional Growth,"Project 'Sui' in the 'Blockchains (L1)' sector has an overall User Growth Score of 87.88, categorized as 'Exceptional Growth'.
The score is based on the following weighted metrics:
  - Active Users: nan (Weight: 0.30)
  - Transaction Volume: 87.88 (Weight: 0.30)
  - Transaction Count: nan (Weight: 0.25)
  - User Growth: nan (Weight: 0.15)"
Apeiron,Gaming,53.39869281045752,Steady Growth,"Project 'Apeiron' in the 'Gaming' sector has an overall User Growth Score of 53.40, categorized as 'Steady Growth'.
The score is based on the following weighted metrics:
  - Active Users: nan (Weight: 0.50)
  - Transaction Volume: 63.33 (Weight: 0.20)
  - Transaction Count: nan (Weight: 0.20)
  - User Growth: 33.53 (Weight: 0.10)"
ShapeShift,Exchanges (DEX),61.212458286985544,Steady Growth,"Project 'ShapeShift' in the 'Exchanges (DEX)' sector has an overall User Growth Score of 61.21, categorized as 'Steady Growth'.
The score is based on the following weighted metrics:
  - Active Users: nan (Weight: 0.30)
  - Transaction Volume: 59.74 (Weight: 0.40)
  - Transaction Count: nan (Weight: 0.20)
  - User Growth: 67.10 (Weight: 0.10)"
Dypius,Infrastructure,35.932472755578615,Slow Growth,"Project 'Dypius' in the 'Infrastructure' sector has an overall User Growth Score of 35.93, categorized as 'Slow Growth'.
The score is based on the following weighted metrics:
  - Active Users: nan (Weight: 0.30)
  - Transaction Volume: 43.03 (Weight: 0.30)
  - Transaction Count: nan (Weight: 0.30)
  - User Growth: 14.63 (Weight: 0.10)"
DYORSWAP,Exchanges (DEX),,,"Project 'DYORSWAP' in the 'Exchanges (DEX)' sector has an overall User Growth Score of nan, categorized as 'None'.
The score is based on the following weighted metrics:
  - Active Users: nan (Weight: 0.30)
  - Transaction Volume: nan (Weight: 0.40)
  - Transaction Count: nan (Weight: 0.20)
  - User Growth: nan (Weight: 0.10)"
Bifrost,Blockchains (L2),53.28021499406516,Steady Growth,"Project 'Bifrost' in the 'Blockchains (L2)' sector has an overall User Growth Score of 53.28, categorized as 'Steady Growth'.
The score is based on the following weighted metrics:
  - Active Users: 44.29 (Weight: 0.30)
  - Transaction Volume: 67.98 (Weight: 0.25)
  - Bridge Volume: nan (Weight: 0.20)
  - Transaction Count: 46.77 (Weight: 0.15)
  - User Growth: nan (Weight: 0.10)"
Polter Finance,Lending,0.0,Stagnant/Declining,"Project 'Polter Finance' in the 'Lending' sector has an overall User Growth Score of 0.00, categorized as 'Stagnant/Declining'.
The score is based on the following weighted metrics:
  - Active Users: nan (Weight: 0.40)
  - Transaction Volume: 0.00 (Weight: 0.30)
  - Transaction Count: nan (Weight: 0.20)
  - User Growth: nan (Weight: 0.10)"
Gamic,Infrastructure,,,"Project 'Gamic' in the 'Infrastructure' sector has an overall User Growth Score of nan, categorized as 'None'.
The score is based on the following weighted metrics:
  - Active Users: nan (Weight: 0.30)
  - Transaction Volume: nan (Weight: 0.30)
  - Transaction Count: nan (Weight: 0.30)
  - User Growth: nan (Weight: 0.10)"
Definitive,Derivative exchanges,,,"Project 'Definitive' in the 'Derivative exchanges' sector has an overall User Growth Score of nan, categorized as 'None'.
The score is based on the following weighted metrics:
  - Active Users: nan (Weight: 0.30)
  - Transaction Volume: nan (Weight: 0.40)
  - Transaction Count: nan (Weight: 0.20)
  - User Growth: nan (Weight: 0.10)"
Liquid Collective,Liquid staking,30.0,Slow Growth,"Project 'Liquid Collective' in the 'Liquid staking' sector has an overall User Growth Score of 30.00, categorized as 'Slow Growth'.
The score is based on the following weighted metrics:
  - Active Users: 30.00 (Weight: 0.30)
  - Transaction Volume: nan (Weight: 0.20)
  - User Growth: nan (Weight: 0.30)
  - Transaction Count: nan (Weight: 0.20)"
Rocket Pool,Liquid staking,52.80024509803921,Steady Growth,"Project 'Rocket Pool' in the 'Liquid staking' sector has an overall User Growth Score of 52.80, categorized as 'Steady Growth'.
The score is based on the following weighted metrics:
  - Active Users: 67.50 (Weight: 0.30)
  - Transaction Volume: 61.62 (Weight: 0.20)
  - User Growth: 32.22 (Weight: 0.30)
  - Transaction Count: nan (Weight: 0.20)"
Jumbo Exchange,Exchanges (DEX),6.8965517241379315,Stagnant/Declining,"Project 'Jumbo Exchange' in the 'Exchanges (DEX)' sector has an overall User Growth Score of 6.90, categorized as 'Stagnant/Declining'.
The score is based on the following weighted metrics:
  - Active Users: nan (Weight: 0.30)
  - Transaction Volume: 6.90 (Weight: 0.40)
  - Transaction Count: nan (Weight: 0.20)
  - User Growth: nan (Weight: 0.10)"
FD121 Limited,Stablecoin issuers,,,"Project 'FD121 Limited' in the 'Stablecoin issuers' sector has an overall User Growth Score of nan, categorized as 'None'.
The score is based on the following weighted metrics:
  - Active Users: nan (Weight: 0.20)
  - Transaction Volume: nan (Weight: 0.40)
  - Transaction Count: nan (Weight: 0.20)
  - User Growth: nan (Weight: 0.20)"
Emojicoin.fun,Exchanges (DEX),,,"Project 'Emojicoin.fun' in the 'Exchanges (DEX)' sector has an overall User Growth Score of nan, categorized as 'None'.
The score is based on the following weighted metrics:
  - Active Users: nan (Weight: 0.30)
  - Transaction Volume: nan (Weight: 0.40)
  - Transaction Count: nan (Weight: 0.20)
  - User Growth: nan (Weight: 0.10)"
4EVERLAND,Infrastructure,,,"Project '4EVERLAND' in the 'Infrastructure' sector has an overall User Growth Score of nan, categorized as 'None'.
The score is based on the following weighted metrics:
  - Active Users: nan (Weight: 0.30)
  - Transaction Volume: nan (Weight: 0.30)
  - Transaction Count: nan (Weight: 0.30)
  - User Growth: nan (Weight: 0.10)"
Bitwise (ETHW),Asset management,,,"Project 'Bitwise (ETHW)' in the 'Asset management' sector has an overall User Growth Score of nan, categorized as 'None'.
The score is based on the following weighted metrics:
  - Active Users: nan (Weight: 0.30)
  - Transaction Volume: nan (Weight: 0.40)
  - Transaction Count: nan (Weight: 0.20)
  - User Growth: nan (Weight: 0.10)"
Pichi Finance,Derivative exchanges,23.60296846011132,Stagnant/Declining,"Project 'Pichi Finance' in the 'Derivative exchanges' sector has an overall User Growth Score of 23.60, categorized as 'Stagnant/Declining'.
The score is based on the following weighted metrics:
  - Active Users: nan (Weight: 0.30)
  - Transaction Volume: 28.37 (Weight: 0.40)
  - Transaction Count: nan (Weight: 0.20)
  - User Growth: 4.55 (Weight: 0.10)"
Aftermath Finance,Exchanges (DEX),,,"Project 'Aftermath Finance' in the 'Exchanges (DEX)' sector has an overall User Growth Score of nan, categorized as 'None'.
The score is based on the following weighted metrics:
  - Active Users: nan (Weight: 0.30)
  - Transaction Volume: nan (Weight: 0.40)
  - Transaction Count: nan (Weight: 0.20)
  - User Growth: nan (Weight: 0.10)"
Stake.com,Prediction markets,,,"Project 'Stake.com' in the 'Prediction markets' sector has an overall User Growth Score of nan, categorized as 'None'.
The score is based on the following weighted metrics:
  - Active Users: nan (Weight: 0.35)
  - Transaction Volume: nan (Weight: 0.30)
  - Transaction Count: nan (Weight: 0.20)
  - User Growth: nan (Weight: 0.15)"
Secret Network,Blockchains (L1),28.181818181818183,Slow Growth,"Project 'Secret Network' in the 'Blockchains (L1)' sector has an overall User Growth Score of 28.18, categorized as 'Slow Growth'.
The score is based on the following weighted metrics:
  - Active Users: nan (Weight: 0.30)
  - Transaction Volume: 28.18 (Weight: 0.30)
  - Transaction Count: nan (Weight: 0.25)
  - User Growth: nan (Weight: 0.15)"
Spacebar,Gaming,,,"Project 'Spacebar' in the 'Gaming' sector has an overall User Growth Score of nan, categorized as 'None'.
The score is based on the following weighted metrics:
  - Active Users: nan (Weight: 0.50)
  - Transaction Volume: nan (Weight: 0.20)
  - Transaction Count: nan (Weight: 0.20)
  - User Growth: nan (Weight: 0.10)"
RabbitSwap,Exchanges (DEX),,,"Project 'RabbitSwap' in the 'Exchanges (DEX)' sector has an overall User Growth Score of nan, categorized as 'None'.
The score is based on the following weighted metrics:
  - Active Users: nan (Weight: 0.30)
  - Transaction Volume: nan (Weight: 0.40)
  - Transaction Count: nan (Weight: 0.20)
  - User Growth: nan (Weight: 0.10)"
NAVI Protocol,Lending,97.36842105263158,Exceptional Growth,"Project 'NAVI Protocol' in the 'Lending' sector has an overall User Growth Score of 97.37, categorized as 'Exceptional Growth'.
The score is based on the following weighted metrics:
  - Active Users: nan (Weight: 0.40)
  - Transaction Volume: 97.37 (Weight: 0.30)
  - Transaction Count: nan (Weight: 0.20)
  - User Growth: nan (Weight: 0.10)"
Beefy,Asset management,59.689149560117315,Steady Growth,"Project 'Beefy' in the 'Asset management' sector has an overall User Growth Score of 59.69, categorized as 'Steady Growth'.
The score is based on the following weighted metrics:
  - Active Users: nan (Weight: 0.30)
  - Transaction Volume: 69.77 (Weight: 0.40)
  - Transaction Count: nan (Weight: 0.20)
  - User Growth: 19.35 (Weight: 0.10)"
Rho Protocol,Derivative exchanges,,,"Project 'Rho Protocol' in the 'Derivative exchanges' sector has an overall User Growth Score of nan, categorized as 'None'.
The score is based on the following weighted metrics:
  - Active Users: nan (Weight: 0.30)
  - Transaction Volume: nan (Weight: 0.40)
  - Transaction Count: nan (Weight: 0.20)
  - User Growth: nan (Weight: 0.10)"
Exactly Protocol,Lending,36.582602339181285,Slow Growth,"Project 'Exactly Protocol' in the 'Lending' sector has an overall User Growth Score of 36.58, categorized as 'Slow Growth'.
The score is based on the following weighted metrics:
  - Active Users: nan (Weight: 0.40)
  - Transaction Volume: 33.68 (Weight: 0.30)
  - Transaction Count: nan (Weight: 0.20)
  - User Growth: 45.28 (Weight: 0.10)"
XY Finance,Bridges,35.0,Slow Growth,"Project 'XY Finance' in the 'Bridges' sector has an overall User Growth Score of 35.00, categorized as 'Slow Growth'.
The score is based on the following weighted metrics:
  - Active Users: nan (Weight: 0.20)
  - Bridge Volume: nan (Weight: 0.50)
  - Transaction Count: nan (Weight: 0.20)
  - User Growth: 35.00 (Weight: 0.10)"
yearn.finance,Asset management,96.28543499511241,Exceptional Growth,"Project 'yearn.finance' in the 'Asset management' sector has an overall User Growth Score of 96.29, categorized as 'Exceptional Growth'.
The score is based on the following weighted metrics:
  - Active Users: nan (Weight: 0.30)
  - Transaction Volume: 96.97 (Weight: 0.40)
  - Transaction Count: nan (Weight: 0.20)
  - User Growth: 93.55 (Weight: 0.10)"
Colony,Infrastructure,27.851907109496626,Slow Growth,"Project 'Colony' in the 'Infrastructure' sector has an overall User Growth Score of 27.85, categorized as 'Slow Growth'.
The score is based on the following weighted metrics:
  - Active Users: nan (Weight: 0.30)
  - Transaction Volume: 22.77 (Weight: 0.30)
  - Transaction Count: nan (Weight: 0.30)
  - User Growth: 43.11 (Weight: 0.10)"
Helix,Exchanges (DEX),,,"Project 'Helix' in the 'Exchanges (DEX)' sector has an overall User Growth Score of nan, categorized as 'None'.
The score is based on the following weighted metrics:
  - Active Users: nan (Weight: 0.30)
  - Transaction Volume: nan (Weight: 0.40)
  - Transaction Count: nan (Weight: 0.20)
  - User Growth: nan (Weight: 0.10)"
Bungee,Bridges,,,"Project 'Bungee' in the 'Bridges' sector has an overall User Growth Score of nan, categorized as 'None'.
The score is based on the following weighted metrics:
  - Active Users: nan (Weight: 0.20)
  - Bridge Volume: nan (Weight: 0.50)
  - Transaction Count: nan (Weight: 0.20)
  - User Growth: nan (Weight: 0.10)"
Vana,Blockchains (L1),,,"Project 'Vana' in the 'Blockchains (L1)' sector has an overall User Growth Score of nan, categorized as 'None'.
The score is based on the following weighted metrics:
  - Active Users: nan (Weight: 0.30)
  - Transaction Volume: nan (Weight: 0.30)
  - Transaction Count: nan (Weight: 0.25)
  - User Growth: nan (Weight: 0.15)"
Everyworld,Infrastructure,10.793980280228332,Stagnant/Declining,"Project 'Everyworld' in the 'Infrastructure' sector has an overall User Growth Score of 10.79, categorized as 'Stagnant/Declining'.
The score is based on the following weighted metrics:
  - Active Users: nan (Weight: 0.30)
  - Transaction Volume: 12.77 (Weight: 0.30)
  - Transaction Count: nan (Weight: 0.30)
  - User Growth: 4.88 (Weight: 0.10)"
Synthswap,Exchanges (DEX),32.35669262143122,Slow Growth,"Project 'Synthswap' in the 'Exchanges (DEX)' sector has an overall User Growth Score of 32.36, categorized as 'Slow Growth'.
The score is based on the following weighted metrics:
  - Active Users: nan (Weight: 0.30)
  - Transaction Volume: 21.49 (Weight: 0.40)
  - Transaction Count: nan (Weight: 0.20)
  - User Growth: 75.81 (Weight: 0.10)"
Alkimiya,Infrastructure,,,"Project 'Alkimiya' in the 'Infrastructure' sector has an overall User Growth Score of nan, categorized as 'None'.
The score is based on the following weighted metrics:
  - Active Users: nan (Weight: 0.30)
  - Transaction Volume: nan (Weight: 0.30)
  - Transaction Count: nan (Weight: 0.30)
  - User Growth: nan (Weight: 0.10)"
MetaMask,Exchanges (DEX),81.81818181818183,Exceptional Growth,"Project 'MetaMask' in the 'Exchanges (DEX)' sector has an overall User Growth Score of 81.82, categorized as 'Exceptional Growth'.
The score is based on the following weighted metrics:
  - Active Users: 81.82 (Weight: 0.30)
  - Transaction Volume: nan (Weight: 0.40)
  - Transaction Count: nan (Weight: 0.20)
  - User Growth: nan (Weight: 0.10)"
Interlay,Blockchains (L2),33.93259179844545,Slow Growth,"Project 'Interlay' in the 'Blockchains (L2)' sector has an overall User Growth Score of 33.93, categorized as 'Slow Growth'.
The score is based on the following weighted metrics:
  - Active Users: 42.50 (Weight: 0.30)
  - Transaction Volume: 29.23 (Weight: 0.25)
  - Bridge Volume: nan (Weight: 0.20)
  - Transaction Count: 24.63 (Weight: 0.15)
  - User Growth: nan (Weight: 0.10)"
Fuel Ignition,Blockchains (L2),49.59627329192547,Steady Growth,"Project 'Fuel Ignition' in the 'Blockchains (L2)' sector has an overall User Growth Score of 49.60, categorized as 'Steady Growth'.
The score is based on the following weighted metrics:
  - Active Users: nan (Weight: 0.30)
  - Transaction Volume: 55.00 (Weight: 0.25)
  - Bridge Volume: nan (Weight: 0.20)
  - Transaction Count: nan (Weight: 0.15)
  - User Growth: 36.09 (Weight: 0.10)"
Phoenix,Exchanges (DEX),,,"Project 'Phoenix' in the 'Exchanges (DEX)' sector has an overall User Growth Score of nan, categorized as 'None'.
The score is based on the following weighted metrics:
  - Active Users: nan (Weight: 0.30)
  - Transaction Volume: nan (Weight: 0.40)
  - Transaction Count: nan (Weight: 0.20)
  - User Growth: nan (Weight: 0.10)"
Vaultka,Derivative exchanges,33.962894248608535,Slow Growth,"Project 'Vaultka' in the 'Derivative exchanges' sector has an overall User Growth Score of 33.96, categorized as 'Slow Growth'.
The score is based on the following weighted metrics:
  - Active Users: nan (Weight: 0.30)
  - Transaction Volume: 30.41 (Weight: 0.40)
  - Transaction Count: nan (Weight: 0.20)
  - User Growth: 48.18 (Weight: 0.10)"
Sweatcoin,Social,29.629629629629626,Slow Growth,"Project 'Sweatcoin' in the 'Social' sector has an overall User Growth Score of 29.63, categorized as 'Slow Growth'.
The score is based on the following weighted metrics:
  - Active Users: nan (Weight: 0.60)
  - Transaction Volume: 88.89 (Weight: 0.10)
  - Transaction Count: nan (Weight: 0.10)
  - User Growth: 0.00 (Weight: 0.20)"
Plume Network,Blockchains (L1),40.378787878787875,Slow Growth,"Project 'Plume Network' in the 'Blockchains (L1)' sector has an overall User Growth Score of 40.38, categorized as 'Slow Growth'.
The score is based on the following weighted metrics:
  - Active Users: nan (Weight: 0.30)
  - Transaction Volume: 49.32 (Weight: 0.30)
  - Transaction Count: nan (Weight: 0.25)
  - User Growth: 22.50 (Weight: 0.15)"
Kage Finance,Derivative exchanges,20.20408163265306,Stagnant/Declining,"Project 'Kage Finance' in the 'Derivative exchanges' sector has an overall User Growth Score of 20.20, categorized as 'Stagnant/Declining'.
The score is based on the following weighted metrics:
  - Active Users: nan (Weight: 0.30)
  - Transaction Volume: 20.20 (Weight: 0.40)
  - Transaction Count: nan (Weight: 0.20)
  - User Growth: nan (Weight: 0.10)"
Thala,Exchanges (DEX),45.08620689655172,Steady Growth,"Project 'Thala' in the 'Exchanges (DEX)' sector has an overall User Growth Score of 45.09, categorized as 'Steady Growth'.
The score is based on the following weighted metrics:
  - Active Users: nan (Weight: 0.30)
  - Transaction Volume: 45.09 (Weight: 0.40)
  - Transaction Count: nan (Weight: 0.20)
  - User Growth: nan (Weight: 0.10)"
Sakai Vault,Derivative exchanges,49.493506493506494,Steady Growth,"Project 'Sakai Vault' in the 'Derivative exchanges' sector has an overall User Growth Score of 49.49, categorized as 'Steady Growth'.
The score is based on the following weighted metrics:
  - Active Users: nan (Weight: 0.30)
  - Transaction Volume: 38.57 (Weight: 0.40)
  - Transaction Count: nan (Weight: 0.20)
  - User Growth: 93.18 (Weight: 0.10)"
Aevo,Derivative exchanges,89.37847866419295,Exceptional Growth,"Project 'Aevo' in the 'Derivative exchanges' sector has an overall User Growth Score of 89.38, categorized as 'Exceptional Growth'.
The score is based on the following weighted metrics:
  - Active Users: nan (Weight: 0.30)
  - Transaction Volume: 91.84 (Weight: 0.40)
  - Transaction Count: nan (Weight: 0.20)
  - User Growth: 79.55 (Weight: 0.10)"
Dolomite,Lending,,,"Project 'Dolomite' in the 'Lending' sector has an overall User Growth Score of nan, categorized as 'None'.
The score is based on the following weighted metrics:
  - Active Users: nan (Weight: 0.40)
  - Transaction Volume: nan (Weight: 0.30)
  - Transaction Count: nan (Weight: 0.20)
  - User Growth: nan (Weight: 0.10)"
Symbiotic,Liquid staking,80.0,Exceptional Growth,"Project 'Symbiotic' in the 'Liquid staking' sector has an overall User Growth Score of 80.00, categorized as 'Exceptional Growth'.
The score is based on the following weighted metrics:
  - Active Users: 80.00 (Weight: 0.30)
  - Transaction Volume: nan (Weight: 0.20)
  - User Growth: nan (Weight: 0.30)
  - Transaction Count: nan (Weight: 0.20)"
AI Protocol,Infrastructure,45.902309289050336,Steady Growth,"Project 'AI Protocol' in the 'Infrastructure' sector has an overall User Growth Score of 45.90, categorized as 'Steady Growth'.
The score is based on the following weighted metrics:
  - Active Users: nan (Weight: 0.30)
  - Transaction Volume: 46.22 (Weight: 0.30)
  - Transaction Count: nan (Weight: 0.30)
  - User Growth: 44.94 (Weight: 0.10)"
XRP,Blockchains (L1),95.45454545454545,Exceptional Growth,"Project 'XRP' in the 'Blockchains (L1)' sector has an overall User Growth Score of 95.45, categorized as 'Exceptional Growth'.
The score is based on the following weighted metrics:
  - Active Users: nan (Weight: 0.30)
  - Transaction Volume: 95.45 (Weight: 0.30)
  - Transaction Count: nan (Weight: 0.25)
  - User Growth: nan (Weight: 0.15)"
Skip Protocol,Infrastructure,,,"Project 'Skip Protocol' in the 'Infrastructure' sector has an overall User Growth Score of nan, categorized as 'None'.
The score is based on the following weighted metrics:
  - Active Users: nan (Weight: 0.30)
  - Transaction Volume: nan (Weight: 0.30)
  - Transaction Count: nan (Weight: 0.30)
  - User Growth: nan (Weight: 0.10)"
Lagrange,Infrastructure,,,"Project 'Lagrange' in the 'Infrastructure' sector has an overall User Growth Score of nan, categorized as 'None'.
The score is based on the following weighted metrics:
  - Active Users: nan (Weight: 0.30)
  - Transaction Volume: nan (Weight: 0.30)
  - Transaction Count: nan (Weight: 0.30)
  - User Growth: nan (Weight: 0.10)"
RealT,Asset management,46.20967741935484,Steady Growth,"Project 'RealT' in the 'Asset management' sector has an overall User Growth Score of 46.21, categorized as 'Steady Growth'.
The score is based on the following weighted metrics:
  - Active Users: nan (Weight: 0.30)
  - Transaction Volume: 42.50 (Weight: 0.40)
  - Transaction Count: nan (Weight: 0.20)
  - User Growth: 61.05 (Weight: 0.10)"
Navigator,Derivative exchanges,56.82560296846012,Steady Growth,"Project 'Navigator' in the 'Derivative exchanges' sector has an overall User Growth Score of 56.83, categorized as 'Steady Growth'.
The score is based on the following weighted metrics:
  - Active Users: nan (Weight: 0.30)
  - Transaction Volume: 63.42 (Weight: 0.40)
  - Transaction Count: nan (Weight: 0.20)
  - User Growth: 30.45 (Weight: 0.10)"
Seraph,Gaming,79.52069716775598,Strong Growth,"Project 'Seraph' in the 'Gaming' sector has an overall User Growth Score of 79.52, categorized as 'Strong Growth'.
The score is based on the following weighted metrics:
  - Active Users: nan (Weight: 0.50)
  - Transaction Volume: 72.22 (Weight: 0.20)
  - Transaction Count: nan (Weight: 0.20)
  - User Growth: 94.12 (Weight: 0.10)"
Franklin Templeton (FOBXX),Asset management,,,"Project 'Franklin Templeton (FOBXX)' in the 'Asset management' sector has an overall User Growth Score of nan, categorized as 'None'.
The score is based on the following weighted metrics:
  - Active Users: nan (Weight: 0.30)
  - Transaction Volume: nan (Weight: 0.40)
  - Transaction Count: nan (Weight: 0.20)
  - User Growth: nan (Weight: 0.10)"
Fantasy,Gaming,,,"Project 'Fantasy' in the 'Gaming' sector has an overall User Growth Score of nan, categorized as 'None'.
The score is based on the following weighted metrics:
  - Active Users: nan (Weight: 0.50)
  - Transaction Volume: nan (Weight: 0.20)
  - Transaction Count: nan (Weight: 0.20)
  - User Growth: nan (Weight: 0.10)"
dHedge,Asset management,47.79325513196481,Steady Growth,"Project 'dHedge' in the 'Asset management' sector has an overall User Growth Score of 47.79, categorized as 'Steady Growth'.
The score is based on the following weighted metrics:
  - Active Users: nan (Weight: 0.30)
  - Transaction Volume: 49.32 (Weight: 0.40)
  - Transaction Count: nan (Weight: 0.20)
  - User Growth: 41.69 (Weight: 0.10)"
Mode Network,Blockchains (L2),61.870883907033736,Steady Growth,"Project 'Mode Network' in the 'Blockchains (L2)' sector has an overall User Growth Score of 61.87, categorized as 'Steady Growth'.
The score is based on the following weighted metrics:
  - Active Users: 65.71 (Weight: 0.30)
  - Transaction Volume: 56.44 (Weight: 0.25)
  - Bridge Volume: nan (Weight: 0.20)
  - Transaction Count: 63.23 (Weight: 0.15)
  - User Growth: nan (Weight: 0.10)"
Ellipsis Finance,Exchanges (DEX),,,"Project 'Ellipsis Finance' in the 'Exchanges (DEX)' sector has an overall User Growth Score of nan, categorized as 'None'.
The score is based on the following weighted metrics:
  - Active Users: nan (Weight: 0.30)
  - Transaction Volume: nan (Weight: 0.40)
  - Transaction Count: nan (Weight: 0.20)
  - User Growth: nan (Weight: 0.10)"
nftperp,Derivative exchanges,,,"Project 'nftperp' in the 'Derivative exchanges' sector has an overall User Growth Score of nan, categorized as 'None'.
The score is based on the following weighted metrics:
  - Active Users: nan (Weight: 0.30)
  - Transaction Volume: nan (Weight: 0.40)
  - Transaction Count: nan (Weight: 0.20)
  - User Growth: nan (Weight: 0.10)"
dForce,Lending,78.06042884990252,Strong Growth,"Project 'dForce' in the 'Lending' sector has an overall User Growth Score of 78.06, categorized as 'Strong Growth'.
The score is based on the following weighted metrics:
  - Active Users: nan (Weight: 0.40)
  - Transaction Volume: 92.11 (Weight: 0.30)
  - Transaction Count: nan (Weight: 0.20)
  - User Growth: 35.93 (Weight: 0.10)"
Safe,Infrastructure,57.03976388168137,Steady Growth,"Project 'Safe' in the 'Infrastructure' sector has an overall User Growth Score of 57.04, categorized as 'Steady Growth'.
The score is based on the following weighted metrics:
  - Active Users: nan (Weight: 0.30)
  - Transaction Volume: 63.78 (Weight: 0.30)
  - Transaction Count: nan (Weight: 0.30)
  - User Growth: 36.83 (Weight: 0.10)"
Centrifuge,Blockchains (L2),28.965898232202576,Slow Growth,"Project 'Centrifuge' in the 'Blockchains (L2)' sector has an overall User Growth Score of 28.97, categorized as 'Slow Growth'.
The score is based on the following weighted metrics:
  - Active Users: 31.43 (Weight: 0.30)
  - Transaction Volume: 38.85 (Weight: 0.25)
  - Bridge Volume: nan (Weight: 0.20)
  - Transaction Count: 0.00 (Weight: 0.15)
  - User Growth: 40.33 (Weight: 0.10)"
Getgems,NFT marketplaces,,,"Project 'Getgems' in the 'NFT marketplaces' sector has an overall User Growth Score of nan, categorized as 'None'.
The score is based on the following weighted metrics:
  - Active Users: nan (Weight: 0.40)
  - Transaction Volume: nan (Weight: 0.30)
  - Transaction Count: nan (Weight: 0.20)
  - User Growth: nan (Weight: 0.10)"
Forgotten Runiverse,Gaming,,,"Project 'Forgotten Runiverse' in the 'Gaming' sector has an overall User Growth Score of nan, categorized as 'None'.
The score is based on the following weighted metrics:
  - Active Users: nan (Weight: 0.50)
  - Transaction Volume: nan (Weight: 0.20)
  - Transaction Count: nan (Weight: 0.20)
  - User Growth: nan (Weight: 0.10)"
Flow,Blockchains (L1),43.63636363636364,Slow Growth,"Project 'Flow' in the 'Blockchains (L1)' sector has an overall User Growth Score of 43.64, categorized as 'Slow Growth'.
The score is based on the following weighted metrics:
  - Active Users: nan (Weight: 0.30)
  - Transaction Volume: 43.64 (Weight: 0.30)
  - Transaction Count: nan (Weight: 0.25)
  - User Growth: nan (Weight: 0.15)"
AZERO ID,Infrastructure,,,"Project 'AZERO ID' in the 'Infrastructure' sector has an overall User Growth Score of nan, categorized as 'None'.
The score is based on the following weighted metrics:
  - Active Users: nan (Weight: 0.30)
  - Transaction Volume: nan (Weight: 0.30)
  - Transaction Count: nan (Weight: 0.30)
  - User Growth: nan (Weight: 0.10)"
Fragmetric,Liquid staking,,,"Project 'Fragmetric' in the 'Liquid staking' sector has an overall User Growth Score of nan, categorized as 'None'.
The score is based on the following weighted metrics:
  - Active Users: nan (Weight: 0.30)
  - Transaction Volume: nan (Weight: 0.20)
  - User Growth: nan (Weight: 0.30)
  - Transaction Count: nan (Weight: 0.20)"
Orbiter Finance,Bridges,,,"Project 'Orbiter Finance' in the 'Bridges' sector has an overall User Growth Score of nan, categorized as 'None'.
The score is based on the following weighted metrics:
  - Active Users: nan (Weight: 0.20)
  - Bridge Volume: nan (Weight: 0.50)
  - Transaction Count: nan (Weight: 0.20)
  - User Growth: nan (Weight: 0.10)"
ZKFair,Blockchains (L2),52.11538461538461,Steady Growth,"Project 'ZKFair' in the 'Blockchains (L2)' sector has an overall User Growth Score of 52.12, categorized as 'Steady Growth'.
The score is based on the following weighted metrics:
  - Active Users: nan (Weight: 0.30)
  - Transaction Volume: 52.12 (Weight: 0.25)
  - Bridge Volume: nan (Weight: 0.20)
  - Transaction Count: nan (Weight: 0.15)
  - User Growth: nan (Weight: 0.10)"
BasePaint,NFT marketplaces,,,"Project 'BasePaint' in the 'NFT marketplaces' sector has an overall User Growth Score of nan, categorized as 'None'.
The score is based on the following weighted metrics:
  - Active Users: nan (Weight: 0.40)
  - Transaction Volume: nan (Weight: 0.30)
  - Transaction Count: nan (Weight: 0.20)
  - User Growth: nan (Weight: 0.10)"
White Whale,Exchanges (DEX),,,"Project 'White Whale' in the 'Exchanges (DEX)' sector has an overall User Growth Score of nan, categorized as 'None'.
The score is based on the following weighted metrics:
  - Active Users: nan (Weight: 0.30)
  - Transaction Volume: nan (Weight: 0.40)
  - Transaction Count: nan (Weight: 0.20)
  - User Growth: nan (Weight: 0.10)"
STEPN,Gaming,,,"Project 'STEPN' in the 'Gaming' sector has an overall User Growth Score of nan, categorized as 'None'.
The score is based on the following weighted metrics:
  - Active Users: nan (Weight: 0.50)
  - Transaction Volume: nan (Weight: 0.20)
  - Transaction Count: nan (Weight: 0.20)
  - User Growth: nan (Weight: 0.10)"
